parameter_set_id,min_return_bps,min_trades_since_t0,min_unique_buyers_since_t0,candidate_count,rejected_count,h15_observable_n,h15_p50_bps,h30_observable_n,h30_p50_bps,diagnostic_pareto_frontier,neighbor_count,neighbors_with_15s_median,neighbor_15s_p50_median_bps,neighbor_15s_p50_min_bps,neighbor_15s_p50_max_bps,neighbors_with_30s_median,neighbor_30s_p50_median_bps,neighbor_30s_p50_min_bps,neighbor_30s_p50_max_bps
FP1-EXP0002-A-001-R500-T2-B1,500,2,1,230,0,127,181,67,44,True,3,3,152,152,196,3,44,33,44
FP1-EXP0002-A-002-R500-T2-B2,500,2,2,205,0,113,196,61,44,True,4,4,195,181,196,4,44,41,44
FP1-EXP0002-A-003-R500-T2-B3,500,2,3,174,0,99,196,53,44,False,4,4,196,152,238,4,44,41,122
FP1-EXP0002-A-004-R500-T2-B5,500,2,5,140,0,83,152,44,122,False,4,4,198,152,201,4,209,44,297
FP1-EXP0002-A-005-R500-T2-B9,500,2,9,105,0,67,201,35,297,False,3,3,201,152,241,3,297,122,331
FP1-EXP0002-A-006-R500-T3-B1,500,3,1,223,0,122,152,66,44,False,4,4,186,181,194,4,44,41,309
FP1-EXP0002-A-007-R500-T3-B2,500,3,2,203,0,112,194,61,44,False,5,5,196,152,196,5,44,41,309
FP1-EXP0002-A-008-R500-T3-B3,500,3,3,174,0,99,196,53,44,False,5,5,196,152,238,5,44,41,297
FP1-EXP0002-A-009-R500-T3-B5,500,3,5,140,0,83,152,44,122,False,5,5,196,152,201,5,122,44,297
FP1-EXP0002-A-010-R500-T3-B9,500,3,9,105,0,67,201,35,297,False,4,4,201,152,241,4,297,122,331
FP1-EXP0002-A-011-R500-T5-B1,500,5,1,202,0,106,192,60,309,True,4,4,188,152,201,4,44,44,309
FP1-EXP0002-A-012-R500-T5-B2,500,5,2,188,0,101,196,55,309,True,5,5,194,154,238,5,44,41,309
FP1-EXP0002-A-013-R500-T5-B3,500,5,3,167,0,94,196,49,297,False,5,5,196,152,241,5,44,41,309
FP1-EXP0002-A-014-R500-T5-B5,500,5,5,140,0,83,152,44,122,False,5,5,196,152,201,5,297,74,297
FP1-EXP0002-A-015-R500-T5-B9,500,5,9,105,0,67,201,35,297,False,4,4,201,152,241,4,297,122,331
FP1-EXP0002-A-016-R500-T7-B1,500,7,1,178,0,97,181,53,44,False,4,4,196,154,238,4,42,41,309
FP1-EXP0002-A-017-R500-T7-B2,500,7,2,170,0,94,154,50,41,False,5,5,196,181,238,5,44,41,309
FP1-EXP0002-A-018-R500-T7-B3,500,7,3,157,0,91,181,47,41,False,5,5,196,152,201,5,41,33,297
FP1-EXP0002-A-019-R500-T7-B5,500,7,5,138,0,83,152,43,74,False,5,5,196,152,201,5,122,41,297
FP1-EXP0002-A-020-R500-T7-B9,500,7,9,105,0,67,201,35,297,False,4,4,219,152,241,4,185,74,331
FP1-EXP0002-A-021-R500-T24-B1,500,24,1,100,0,58,238,33,41,False,3,3,238,181,250,3,44,41,44
FP1-EXP0002-A-022-R500-T24-B2,500,24,2,100,0,58,238,33,41,False,4,4,217,154,250,4,41,33,44
FP1-EXP0002-A-023-R500-T24-B3,500,24,3,99,0,57,196,32,33,False,4,4,217,181,241,4,41,41,44
FP1-EXP0002-A-024-R500-T24-B5,500,24,5,94,0,55,196,32,44,False,4,4,217,152,241,4,74,33,74
FP1-EXP0002-A-025-R500-T24-B9,500,24,9,83,0,51,238,28,74,False,3,3,201,196,250,3,297,44,297
FP1-EXP0002-A-026-R1500-T2-B1,1500,2,1,196,0,108,152,56,33,False,4,4,181,181,196,4,41,41,44
FP1-EXP0002-A-027-R1500-T2-B2,1500,2,2,175,0,97,196,51,41,False,5,5,196,152,238,5,41,33,44
FP1-EXP0002-A-028-R1500-T2-B3,1500,2,3,150,0,87,238,45,41,False,5,5,201,196,238,5,41,41,297
FP1-EXP0002-A-029-R1500-T2-B5,1500,2,5,122,0,73,201,37,297,False,5,5,201,152,241,5,297,41,331
FP1-EXP0002-A-030-R1500-T2-B9,1500,2,9,92,0,60,241,29,331,True,4,4,221,201,241,4,314,297,331
FP1-EXP0002-A-031-R1500-T3-B1,1500,3,1,191,0,104,181,55,41,False,5,5,192,152,201,5,41,33,44
FP1-EXP0002-A-032-R1500-T3-B2,1500,3,2,173,0,96,196,51,41,False,6,6,198,181,238,6,41,41,44
FP1-EXP0002-A-033-R1500-T3-B3,1500,3,3,150,0,87,238,45,41,False,6,6,219,196,241,6,42,41,297
FP1-EXP0002-A-034-R1500-T3-B5,1500,3,5,122,0,73,201,37,297,False,6,6,201,152,241,6,297,41,331
FP1-EXP0002-A-035-R1500-T3-B9,1500,3,9,92,0,60,241,29,331,True,5,5,241,201,241,5,331,297,331
FP1-EXP0002-A-036-R1500-T5-B1,1500,5,1,176,0,95,201,51,44,True,5,5,201,181,238,5,44,41,309
FP1-EXP0002-A-037-R1500-T5-B2,1500,5,2,162,0,90,238,47,44,True,6,6,198,196,241,6,44,41,309
FP1-EXP0002-A-038-R1500-T5-B3,1500,5,3,145,0,85,241,43,44,True,6,6,219,196,241,6,44,41,297
FP1-EXP0002-A-039-R1500-T5-B5,1500,5,5,122,0,73,201,37,297,False,6,6,201,152,241,6,209,44,331
FP1-EXP0002-A-040-R1500-T5-B9,1500,5,9,92,0,60,241,29,331,True,5,5,241,201,241,5,331,297,331
FP1-EXP0002-A-041-R1500-T7-B1,1500,7,1,157,0,89,201,46,44,False,5,5,201,181,250,5,44,44,297
FP1-EXP0002-A-042-R1500-T7-B2,1500,7,2,148,0,86,196,43,44,False,6,6,201,154,250,6,44,41,44
FP1-EXP0002-A-043-R1500-T7-B3,1500,7,3,136,0,82,201,40,41,False,6,6,217,181,241,6,44,41,122
FP1-EXP0002-A-044-R1500-T7-B5,1500,7,5,119,0,72,196,36,122,False,6,6,201,152,241,6,185,41,331
FP1-EXP0002-A-045-R1500-T7-B9,1500,7,9,92,0,60,241,29,331,True,5,5,241,196,250,5,297,122,331
FP1-EXP0002-A-046-R1500-T24-B1,1500,24,1,90,0,55,250,30,44,True,4,4,239,201,250,4,42,41,44
FP1-EXP0002-A-047-R1500-T24-B2,1500,24,2,90,0,55,250,30,44,True,5,5,241,196,250,5,41,41,44
FP1-EXP0002-A-048-R1500-T24-B3,1500,24,3,89,0,54,241,30,41,False,5,5,241,196,250,5,41,33,74
FP1-EXP0002-A-049-R1500-T24-B5,1500,24,5,86,0,52,241,29,74,False,5,5,241,196,250,5,44,41,297
FP1-EXP0002-A-050-R1500-T24-B9,1500,24,9,75,0,48,250,25,297,True,4,4,241,238,250,4,185,74,331
FP1-EXP0002-A-051-R2000-T2-B1,2000,2,1,179,0,101,181,51,41,False,4,4,172,133,196,4,41,33,44
FP1-EXP0002-A-052-R2000-T2-B2,2000,2,2,159,0,90,196,46,41,False,5,5,196,181,238,5,41,41,44
FP1-EXP0002-A-053-R2000-T2-B3,2000,2,3,137,0,80,238,40,41,False,5,5,201,196,238,5,41,41,331
FP1-EXP0002-A-054-R2000-T2-B5,2000,2,5,114,0,68,201,33,331,True,5,5,201,181,241,5,331,41,331
FP1-EXP0002-A-055-R2000-T2-B9,2000,2,9,85,0,55,241,25,331,False,4,4,221,196,241,4,331,331,331
FP1-EXP0002-A-056-R2000-T3-B1,2000,3,1,176,0,97,192,50,41,False,5,5,181,173,201,5,41,41,44
FP1-EXP0002-A-057-R2000-T3-B2,2000,3,2,158,0,89,201,46,41,False,6,6,196,181,238,6,41,41,44
FP1-EXP0002-A-058-R2000-T3-B3,2000,3,3,137,0,80,238,40,41,False,6,6,219,196,241,6,42,41,331
FP1-EXP0002-A-059-R2000-T3-B5,2000,3,5,114,0,68,201,33,331,True,6,6,201,181,241,6,331,41,331
FP1-EXP0002-A-060-R2000-T3-B9,2000,3,9,85,0,55,241,25,331,False,5,5,241,196,241,5,331,331,331
FP1-EXP0002-A-061-R2000-T5-B1,2000,5,1,163,0,89,201,47,44,False,5,5,201,181,238,5,44,41,297
FP1-EXP0002-A-062-R2000-T5-B2,2000,5,2,149,0,84,238,43,44,False,6,6,201,201,241,6,44,41,297
FP1-EXP0002-A-063-R2000-T5-B3,2000,5,3,133,0,79,241,39,44,False,6,6,238,201,241,6,44,41,331
FP1-EXP0002-A-064-R2000-T5-B5,2000,5,5,114,0,68,201,33,331,True,6,6,201,181,241,6,314,44,331
FP1-EXP0002-A-065-R2000-T5-B9,2000,5,9,85,0,55,241,25,331,False,5,5,241,196,241,5,331,331,331
FP1-EXP0002-A-066-R2000-T7-B1,2000,7,1,148,0,83,238,43,297,True,5,5,201,173,241,5,44,41,44
FP1-EXP0002-A-067-R2000-T7-B2,2000,7,2,139,0,80,201,40,44,False,6,6,238,173,241,6,44,41,297
FP1-EXP0002-A-068-R2000-T7-B3,2000,7,3,127,0,76,238,37,44,False,6,6,201,181,241,6,42,33,297
FP1-EXP0002-A-069-R2000-T7-B5,2000,7,5,111,0,67,201,32,297,False,6,6,219,173,241,6,209,44,331
FP1-EXP0002-A-070-R2000-T7-B9,2000,7,9,85,0,55,241,25,331,False,5,5,241,196,250,5,331,297,331
FP1-EXP0002-A-071-R2000-T24-B1,2000,24,1,86,0,52,241,28,41,False,4,4,239,196,250,4,44,41,297
FP1-EXP0002-A-072-R2000-T24-B2,2000,24,2,86,0,52,241,28,41,False,5,5,241,196,250,5,44,33,44
FP1-EXP0002-A-073-R2000-T24-B3,2000,24,3,85,0,51,241,28,33,False,5,5,241,181,241,5,41,41,44
FP1-EXP0002-A-074-R2000-T24-B5,2000,24,5,82,0,49,241,27,44,False,5,5,241,181,250,5,74,33,297
FP1-EXP0002-A-075-R2000-T24-B9,2000,24,9,71,0,45,250,23,297,False,4,4,241,238,250,4,297,44,331
FP1-EXP0002-A-076-R3000-T2-B1,3000,2,1,156,0,84,133,46,44,False,4,4,181,173,196,4,44,41,331
FP1-EXP0002-A-077-R3000-T2-B2,3000,2,2,139,0,77,181,42,44,False,5,5,196,133,238,5,44,41,331
FP1-EXP0002-A-078-R3000-T2-B3,3000,2,3,121,0,70,196,37,44,False,5,5,196,181,238,5,44,41,331
FP1-EXP0002-A-079-R3000-T2-B5,3000,2,5,100,0,59,181,31,331,False,5,5,196,181,201,5,331,44,331
FP1-EXP0002-A-080-R3000-T2-B9,3000,2,9,77,0,48,196,24,331,False,4,4,217,181,241,4,331,331,390
FP1-EXP0002-A-081-R3000-T3-B1,3000,3,1,154,0,81,173,46,44,False,5,5,181,133,196,5,44,41,331
FP1-EXP0002-A-082-R3000-T3-B2,3000,3,2,138,0,76,181,42,44,False,6,6,198,173,238,6,44,41,331
FP1-EXP0002-A-083-R3000-T3-B3,3000,3,3,121,0,70,196,37,44,False,6,6,198,181,238,6,44,41,331
FP1-EXP0002-A-084-R3000-T3-B5,3000,3,5,100,0,59,181,31,331,False,6,6,196,181,201,6,331,44,331
FP1-EXP0002-A-085-R3000-T3-B9,3000,3,9,77,0,48,196,24,331,False,5,5,196,181,241,5,331,331,390
FP1-EXP0002-A-086-R3000-T5-B1,3000,5,1,145,0,78,181,43,297,False,5,5,196,173,201,5,44,44,297
FP1-EXP0002-A-087-R3000-T5-B2,3000,5,2,131,0,73,201,39,297,False,6,6,191,173,238,6,44,44,297
FP1-EXP0002-A-088-R3000-T5-B3,3000,5,3,117,0,69,201,36,44,False,6,6,198,181,241,6,170,41,331
FP1-EXP0002-A-089-R3000-T5-B5,3000,5,5,100,0,59,181,31,331,False,6,6,196,173,201,6,314,44,331
FP1-EXP0002-A-090-R3000-T5-B9,3000,5,9,77,0,48,196,24,331,False,5,5,196,181,241,5,331,331,390
FP1-EXP0002-A-091-R3000-T7-B1,3000,7,1,135,0,75,173,41,44,False,5,5,196,173,238,5,297,44,297
FP1-EXP0002-A-092-R3000-T7-B2,3000,7,2,127,0,72,173,39,44,False,6,6,198,173,201,6,44,41,297
FP1-EXP0002-A-093-R3000-T7-B3,3000,7,3,115,0,68,181,36,41,False,6,6,191,173,238,6,44,41,297
FP1-EXP0002-A-094-R3000-T7-B5,3000,7,5,99,0,59,173,31,297,False,6,6,188,181,201,6,297,41,331
FP1-EXP0002-A-095-R3000-T7-B9,3000,7,9,77,0,48,196,24,331,False,5,5,238,173,241,5,331,297,390
FP1-EXP0002-A-096-R3000-T24-B1,3000,24,1,77,0,43,196,25,44,False,4,4,196,173,241,4,44,41,238
FP1-EXP0002-A-097-R3000-T24-B2,3000,24,2,77,0,43,196,25,44,False,5,5,196,173,241,5,44,41,238
FP1-EXP0002-A-098-R3000-T24-B3,3000,24,3,76,0,42,181,25,41,False,5,5,196,181,241,5,44,33,238
FP1-EXP0002-A-099-R3000-T24-B5,3000,24,5,73,0,40,181,24,44,False,5,5,196,173,241,5,122,41,297
FP1-EXP0002-A-100-R3000-T24-B9,3000,24,9,65,0,38,238,22,297,False,4,4,217,181,250,4,297,44,331
FP1-EXP0002-A-101-R5000-T2-B1,5000,2,1,110,0,54,196,29,331,False,4,4,217,133,238,4,314,44,331
FP1-EXP0002-A-102-R5000-T2-B2,5000,2,2,96,0,50,238,25,331,True,5,5,238,181,241,5,297,44,331
FP1-EXP0002-A-103-R5000-T2-B3,5000,2,3,85,0,47,238,23,297,False,5,5,238,196,238,5,297,44,331
FP1-EXP0002-A-104-R5000-T2-B5,5000,2,5,73,0,39,196,21,297,False,5,5,201,181,238,5,297,297,390
FP1-EXP0002-A-105-R5000-T2-B9,5000,2,9,58,0,36,238,19,390,True,4,4,217,196,238,4,360,297,390
FP1-EXP0002-A-106-R5000-T3-B1,5000,3,1,110,0,54,196,29,331,False,5,5,196,173,238,5,297,44,331
FP1-EXP0002-A-107-R5000-T3-B2,5000,3,2,96,0,50,238,25,331,True,6,6,238,181,241,6,297,44,331
FP1-EXP0002-A-108-R5000-T3-B3,5000,3,3,85,0,47,238,23,297,False,6,6,219,196,238,6,297,44,331
FP1-EXP0002-A-109-R5000-T3-B5,5000,3,5,73,0,39,196,21,297,False,6,6,198,181,238,6,297,297,390
FP1-EXP0002-A-110-R5000-T3-B9,5000,3,9,58,0,36,238,19,390,True,5,5,238,196,238,5,390,297,390
FP1-EXP0002-A-111-R5000-T5-B1,5000,5,1,106,0,52,196,28,297,False,5,5,201,181,238,5,297,297,331
FP1-EXP0002-A-112-R5000-T5-B2,5000,5,2,94,0,49,238,25,297,False,6,6,201,196,238,6,297,297,331
FP1-EXP0002-A-113-R5000-T5-B3,5000,5,3,85,0,46,201,23,297,False,6,6,219,196,238,6,297,44,297
FP1-EXP0002-A-114-R5000-T5-B5,5000,5,5,73,0,39,196,21,297,False,6,6,198,181,238,6,297,297,390
FP1-EXP0002-A-115-R5000-T5-B9,5000,5,9,58,0,36,238,19,390,True,5,5,238,196,238,5,390,297,390
FP1-EXP0002-A-116-R5000-T7-B1,5000,7,1,98,0,49,201,26,297,False,5,5,196,173,238,5,297,44,331
FP1-EXP0002-A-117-R5000-T7-B2,5000,7,2,92,0,48,201,25,297,False,6,6,201,173,238,6,297,44,297
FP1-EXP0002-A-118-R5000-T7-B3,5000,7,3,85,0,46,201,23,297,False,6,6,198,181,238,6,297,41,297
FP1-EXP0002-A-119-R5000-T7-B5,5000,7,5,73,0,39,196,21,297,False,6,6,198,173,238,6,297,122,390
FP1-EXP0002-A-120-R5000-T7-B9,5000,7,9,58,0,36,238,19,390,True,5,5,238,196,238,5,331,297,390
FP1-EXP0002-A-121-R5000-T24-B1,5000,24,1,60,0,33,196,19,238,False,4,4,196,196,201,4,238,44,297
FP1-EXP0002-A-122-R5000-T24-B2,5000,24,2,60,0,33,196,19,238,False,5,5,196,196,201,5,238,44,297
FP1-EXP0002-A-123-R5000-T24-B3,5000,24,3,59,0,32,196,19,238,False,5,5,196,181,238,5,238,41,297
FP1-EXP0002-A-124-R5000-T24-B5,5000,24,5,56,0,30,196,18,122,False,5,5,196,181,238,5,238,44,297
FP1-EXP0002-A-125-R5000-T24-B9,5000,24,9,48,0,28,238,16,297,False,4,4,238,196,241,4,314,122,390
FP1-EXP0002-A-126-R5500-T2-B1,5500,2,1,104,0,51,238,28,297,False,4,4,217,150,241,4,297,-583,331
FP1-EXP0002-A-127-R5500-T2-B2,5500,2,2,90,0,47,241,24,297,False,5,5,238,150,241,5,297,-583,331
FP1-EXP0002-A-128-R5500-T2-B3,5500,2,3,80,0,44,238,22,297,False,5,5,238,201,247,5,297,-583,297
FP1-EXP0002-A-129-R5500-T2-B5,5500,2,5,68,0,36,201,20,297,False,5,5,201,150,238,5,297,22,390
FP1-EXP0002-A-130-R5500-T2-B9,5500,2,9,54,0,34,238,18,390,False,4,4,238,201,247,4,390,297,392
FP1-EXP0002-A-131-R5500-T3-B1,5500,3,1,104,0,51,238,28,297,False,5,5,201,150,241,5,297,-583,331
FP1-EXP0002-A-132-R5500-T3-B2,5500,3,2,90,0,47,241,24,297,False,6,6,238,150,241,6,297,-583,331
FP1-EXP0002-A-133-R5500-T3-B3,5500,3,3,80,0,44,238,22,297,False,6,6,238,201,247,6,297,-583,297
FP1-EXP0002-A-134-R5500-T3-B5,5500,3,5,68,0,36,201,20,297,False,6,6,201,150,238,6,297,22,390
FP1-EXP0002-A-135-R5500-T3-B9,5500,3,9,54,0,34,238,18,390,False,5,5,238,201,247,5,390,297,392
FP1-EXP0002-A-136-R5500-T5-B1,5500,5,1,100,0,48,201,27,331,False,5,5,238,150,238,5,297,-583,331
FP1-EXP0002-A-137-R5500-T5-B2,5500,5,2,88,0,45,238,24,297,False,6,6,238,150,241,6,297,-583,331
FP1-EXP0002-A-138-R5500-T5-B3,5500,5,3,80,0,43,238,22,297,False,6,6,238,201,247,6,297,-583,297
FP1-EXP0002-A-139-R5500-T5-B5,5500,5,5,68,0,36,201,20,297,False,6,6,201,150,238,6,297,22,390
FP1-EXP0002-A-140-R5500-T5-B9,5500,5,9,54,0,34,238,18,390,False,5,5,238,201,247,5,390,297,392
FP1-EXP0002-A-141-R5500-T7-B1,5500,7,1,93,0,46,238,25,331,False,5,5,201,150,238,5,297,-583,331
FP1-EXP0002-A-142-R5500-T7-B2,5500,7,2,87,0,45,238,24,297,False,6,6,219,150,238,6,297,-583,331
FP1-EXP0002-A-143-R5500-T7-B3,5500,7,3,80,0,43,238,22,297,False,6,6,238,201,247,6,297,-583,297
FP1-EXP0002-A-144-R5500-T7-B5,5500,7,5,68,0,36,201,20,297,False,6,6,219,150,238,6,297,22,390
FP1-EXP0002-A-145-R5500-T7-B9,5500,7,9,54,0,34,238,18,390,False,5,5,238,201,247,5,390,297,392
FP1-EXP0002-A-146-R5500-T24-B1,5500,24,1,59,0,32,196,18,238,False,4,4,196,0,238,4,238,-338,331
FP1-EXP0002-A-147-R5500-T24-B2,5500,24,2,59,0,32,196,18,238,False,5,5,196,0,238,5,238,-338,297
FP1-EXP0002-A-148-R5500-T24-B3,5500,24,3,58,0,31,238,18,238,False,5,5,196,196,238,5,238,-338,297
FP1-EXP0002-A-149-R5500-T24-B5,5500,24,5,55,0,29,238,17,238,False,5,5,201,196,241,5,238,-338,331
FP1-EXP0002-A-150-R5500-T24-B9,5500,24,9,47,0,27,241,15,331,False,4,4,238,238,247,4,267,22,390
FP1-EXP0002-A-151-R12500-T2-B1,12500,2,1,54,1,27,150,11,-583,False,3,3,150,150,238,3,-583,-583,297
FP1-EXP0002-A-152-R12500-T2-B2,12500,2,2,49,1,26,150,11,-583,False,4,4,195,150,247,4,-583,-583,297
FP1-EXP0002-A-153-R12500-T2-B3,12500,2,3,43,1,23,247,10,-583,False,4,4,194,150,247,4,-280,-583,297
FP1-EXP0002-A-154-R12500-T2-B5,12500,2,5,33,1,17,150,8,22,False,4,4,224,150,247,4,159,-583,392
FP1-EXP0002-A-155-R12500-T2-B9,12500,2,9,23,1,15,247,7,392,True,3,3,238,150,247,3,390,22,392
FP1-EXP0002-A-156-R12500-T3-B1,12500,3,1,54,1,27,150,11,-583,False,4,4,150,150,238,4,-583,-583,297
FP1-EXP0002-A-157-R12500-T3-B2,12500,3,2,49,1,26,150,11,-583,False,5,5,150,150,247,5,-583,-583,297
FP1-EXP0002-A-158-R12500-T3-B3,12500,3,3,43,1,23,247,10,-583,False,5,5,238,150,247,5,-583,-583,297
FP1-EXP0002-A-159-R12500-T3-B5,12500,3,5,33,1,17,150,8,22,False,5,5,201,150,247,5,22,-583,392
FP1-EXP0002-A-160-R12500-T3-B9,12500,3,9,23,1,15,247,7,392,True,4,4,242,150,247,4,391,22,392
FP1-EXP0002-A-161-R12500-T5-B1,12500,5,1,53,1,27,150,11,-583,False,4,4,150,150,201,4,-583,-583,331
FP1-EXP0002-A-162-R12500-T5-B2,12500,5,2,49,1,26,150,11,-583,False,5,5,150,150,247,5,-583,-583,297
FP1-EXP0002-A-163-R12500-T5-B3,12500,5,3,43,1,23,247,10,-583,False,5,5,238,150,247,5,-583,-583,297
FP1-EXP0002-A-164-R12500-T5-B5,12500,5,5,33,1,17,150,8,22,False,5,5,201,150,247,5,22,-583,392
FP1-EXP0002-A-165-R12500-T5-B9,12500,5,9,23,1,15,247,7,392,True,4,4,242,150,247,4,391,22,392
FP1-EXP0002-A-166-R12500-T7-B1,12500,7,1,50,1,27,150,11,-583,False,4,4,150,0,238,4,-460,-583,331
FP1-EXP0002-A-167-R12500-T7-B2,12500,7,2,48,1,26,150,11,-583,False,5,5,150,0,247,5,-583,-583,297
FP1-EXP0002-A-168-R12500-T7-B3,12500,7,3,42,1,23,247,10,-583,False,5,5,196,150,247,5,-338,-583,297
FP1-EXP0002-A-169-R12500-T7-B5,12500,7,5,33,1,17,150,8,22,False,5,5,201,150,247,5,22,-583,392
FP1-EXP0002-A-170-R12500-T7-B9,12500,7,9,23,1,15,247,7,392,True,4,4,242,150,247,4,206,22,392
FP1-EXP0002-A-171-R12500-T24-B1,12500,24,1,33,1,18,0,9,-338,False,3,3,150,0,196,3,-338,-583,238
FP1-EXP0002-A-172-R12500-T24-B2,12500,24,2,33,1,18,0,9,-338,False,4,4,173,0,196,4,-338,-583,238
FP1-EXP0002-A-173-R12500-T24-B3,12500,24,3,32,1,17,196,9,-338,False,4,4,217,0,247,4,-338,-583,238
FP1-EXP0002-A-174-R12500-T24-B5,12500,24,5,28,1,15,196,8,-338,False,4,4,217,150,247,4,22,-338,238
FP1-EXP0002-A-175-R12500-T24-B9,12500,24,9,21,1,14,247,7,22,False,3,3,241,196,247,3,331,-338,392
