parameter_set_id,ab_role,min_rebound_bps,min_buys,min_net_flow_reserve_ppm,candidate_count,h15_observable_n,h15_p50_bps,h30_observable_n,h30_p50_bps,neighbor_count,neighbor_15s_median_of_medians_bps,neighbor_30s_median_of_medians_bps
FP1-EXP0004-C-001-CONTROL-R500-T2-U1-PD1000-9000-RB200-BU1-FL0,CONTROL,200,1,0,230,127,181,67,44,3,133,63
FP1-EXP0004-C-002-CONTROL-R500-T2-U1-PD1000-9000-RB200-BU1-FL6000,CONTROL,200,1,6000,186,107,194,55,390,4,185,201
FP1-EXP0004-C-003-CONTROL-R500-T2-U1-PD1000-9000-RB200-BU1-FL30000,CONTROL,200,1,30000,126,74,190,37,195,4,192,292
FP1-EXP0004-C-004-CONTROL-R500-T2-U1-PD1000-9000-RB200-BU1-FL93000,CONTROL,200,1,93000,57,33,305,16,477,4,167,336
FP1-EXP0004-C-005-CONTROL-R500-T2-U1-PD1000-9000-RB200-BU1-FL185000,CONTROL,200,1,185000,22,10,-1035,4,-2083,3,-569,-2083
FP1-EXP0004-C-006-CONTROL-R500-T2-U1-PD1000-9000-RB200-BU2-FL0,CONTROL,200,2,0,184,101,133,52,63,4,157,200
FP1-EXP0004-C-007-CONTROL-R500-T2-U1-PD1000-9000-RB200-BU2-FL6000,CONTROL,200,2,6000,161,92,133,47,391,5,190,390
FP1-EXP0004-C-008-CONTROL-R500-T2-U1-PD1000-9000-RB200-BU2-FL30000,CONTROL,200,2,30000,122,71,190,36,144,5,133,256
FP1-EXP0004-C-009-CONTROL-R500-T2-U1-PD1000-9000-RB200-BU2-FL93000,CONTROL,200,2,93000,54,31,144,16,477,5,144,249
FP1-EXP0004-C-010-CONTROL-R500-T2-U1-PD1000-9000-RB200-BU2-FL185000,CONTROL,200,2,185000,20,10,-1035,4,-2083,4,-569,-2083
FP1-EXP0004-C-011-CONTROL-R500-T2-U1-PD1000-9000-RB200-BU3-FL0,CONTROL,200,3,0,133,81,194,41,256,4,133,135
FP1-EXP0004-C-012-CONTROL-R500-T2-U1-PD1000-9000-RB200-BU3-FL6000,CONTROL,200,3,6000,123,77,238,38,504,5,133,256
FP1-EXP0004-C-013-CONTROL-R500-T2-U1-PD1000-9000-RB200-BU3-FL30000,CONTROL,200,3,30000,102,64,120,34,256,5,144,256
FP1-EXP0004-C-014-CONTROL-R500-T2-U1-PD1000-9000-RB200-BU3-FL93000,CONTROL,200,3,93000,48,30,144,16,249,5,144,256
FP1-EXP0004-C-015-CONTROL-R500-T2-U1-PD1000-9000-RB200-BU3-FL185000,CONTROL,200,3,185000,18,9,-569,4,-2083,4,-569,-1492
FP1-EXP0004-C-016-CONTROL-R500-T2-U1-PD1000-9000-RB200-BU4-FL0,CONTROL,200,4,0,95,62,120,31,33,4,157,-6
FP1-EXP0004-C-017-CONTROL-R500-T2-U1-PD1000-9000-RB200-BU4-FL6000,CONTROL,200,4,6000,92,61,120,31,-46,5,120,33
FP1-EXP0004-C-018-CONTROL-R500-T2-U1-PD1000-9000-RB200-BU4-FL30000,CONTROL,200,4,30000,82,52,80,27,620,5,120,256
FP1-EXP0004-C-019-CONTROL-R500-T2-U1-PD1000-9000-RB200-BU4-FL93000,CONTROL,200,4,93000,37,23,681,12,639,5,144,249
FP1-EXP0004-C-020-CONTROL-R500-T2-U1-PD1000-9000-RB200-BU4-FL185000,CONTROL,200,4,185000,16,9,-569,4,-902,4,-569,-762
FP1-EXP0004-C-021-CONTROL-R500-T2-U1-PD1000-9000-RB200-BU8-FL0,CONTROL,200,8,0,40,28,222,14,-112,3,250,-112
FP1-EXP0004-C-022-CONTROL-R500-T2-U1-PD1000-9000-RB200-BU8-FL6000,CONTROL,200,8,6000,39,26,250,13,-112,4,237,-112
FP1-EXP0004-C-023-CONTROL-R500-T2-U1-PD1000-9000-RB200-BU8-FL30000,CONTROL,200,8,30000,35,25,252,12,-112,4,250,-112
FP1-EXP0004-C-024-CONTROL-R500-T2-U1-PD1000-9000-RB200-BU8-FL93000,CONTROL,200,8,93000,23,17,250,8,-327,4,251,-219
FP1-EXP0004-C-025-CONTROL-R500-T2-U1-PD1000-9000-RB200-BU8-FL185000,CONTROL,200,8,185000,9,6,-569,1,-622,3,-497,-622
FP1-EXP0004-C-026-CONTROL-R500-T2-U1-PD1000-9000-RB500-BU1-FL0,CONTROL,500,1,0,219,118,125,61,44,4,157,155
FP1-EXP0004-C-027-CONTROL-R500-T2-U1-PD1000-9000-RB500-BU1-FL6000,CONTROL,500,1,6000,175,100,192,50,208,5,133,309
FP1-EXP0004-C-028-CONTROL-R500-T2-U1-PD1000-9000-RB500-BU1-FL30000,CONTROL,500,1,30000,121,71,190,35,195,5,190,208
FP1-EXP0004-C-029-CONTROL-R500-T2-U1-PD1000-9000-RB500-BU1-FL93000,CONTROL,500,1,93000,56,32,305,16,477,5,190,477
FP1-EXP0004-C-030-CONTROL-R500-T2-U1-PD1000-9000-RB500-BU1-FL185000,CONTROL,500,1,185000,21,9,-569,4,-2083,4,-569,-2083
FP1-EXP0004-C-031-CONTROL-R500-T2-U1-PD1000-9000-RB500-BU2-FL0,CONTROL,500,2,0,174,96,133,48,144,5,133,208
FP1-EXP0004-C-032-CONTROL-R500-T2-U1-PD1000-9000-RB500-BU2-FL6000,CONTROL,500,2,6000,152,88,133,43,391,6,133,232
FP1-EXP0004-C-033-CONTROL-R500-T2-U1-PD1000-9000-RB500-BU2-FL30000,CONTROL,500,2,30000,117,68,133,34,144,6,138,225
FP1-EXP0004-C-034-CONTROL-R500-T2-U1-PD1000-9000-RB500-BU2-FL93000,CONTROL,500,2,93000,53,30,144,16,477,6,224,363
FP1-EXP0004-C-035-CONTROL-R500-T2-U1-PD1000-9000-RB500-BU2-FL185000,CONTROL,500,2,185000,19,9,-569,4,-2083,5,-569,-2083
FP1-EXP0004-C-036-CONTROL-R500-T2-U1-PD1000-9000-RB500-BU3-FL0,CONTROL,500,3,0,129,79,133,41,208,5,133,182
FP1-EXP0004-C-037-CONTROL-R500-T2-U1-PD1000-9000-RB500-BU3-FL6000,CONTROL,500,3,6000,118,75,166,38,256,6,133,232
FP1-EXP0004-C-038-CONTROL-R500-T2-U1-PD1000-9000-RB500-BU3-FL30000,CONTROL,500,3,30000,98,61,133,32,256,6,126,256
FP1-EXP0004-C-039-CONTROL-R500-T2-U1-PD1000-9000-RB500-BU3-FL93000,CONTROL,500,3,93000,47,29,305,16,249,6,144,366
FP1-EXP0004-C-040-CONTROL-R500-T2-U1-PD1000-9000-RB500-BU3-FL185000,CONTROL,500,3,185000,17,8,-569,4,-2083,5,-569,-2083
FP1-EXP0004-C-041-CONTROL-R500-T2-U1-PD1000-9000-RB500-BU4-FL0,CONTROL,500,4,0,92,60,120,30,33,5,133,33
FP1-EXP0004-C-042-CONTROL-R500-T2-U1-PD1000-9000-RB500-BU4-FL6000,CONTROL,500,4,6000,88,59,120,30,-91,6,120,144
FP1-EXP0004-C-043-CONTROL-R500-T2-U1-PD1000-9000-RB500-BU4-FL30000,CONTROL,500,4,30000,79,50,120,26,620,6,126,438
FP1-EXP0004-C-044-CONTROL-R500-T2-U1-PD1000-9000-RB500-BU4-FL93000,CONTROL,500,4,93000,36,22,681,12,639,6,277,434
FP1-EXP0004-C-045-CONTROL-R500-T2-U1-PD1000-9000-RB500-BU4-FL185000,CONTROL,500,4,185000,15,8,-569,4,-902,5,-569,-902
FP1-EXP0004-C-046-CONTROL-R500-T2-U1-PD1000-9000-RB500-BU8-FL0,CONTROL,500,8,0,38,27,250,14,-112,4,237,-112
FP1-EXP0004-C-047-CONTROL-R500-T2-U1-PD1000-9000-RB500-BU8-FL6000,CONTROL,500,8,6000,37,25,252,13,-112,5,250,-112
FP1-EXP0004-C-048-CONTROL-R500-T2-U1-PD1000-9000-RB500-BU8-FL30000,CONTROL,500,8,30000,33,24,252,12,-112,5,252,-112
FP1-EXP0004-C-049-CONTROL-R500-T2-U1-PD1000-9000-RB500-BU8-FL93000,CONTROL,500,8,93000,22,16,250,8,-327,5,252,-112
FP1-EXP0004-C-050-CONTROL-R500-T2-U1-PD1000-9000-RB500-BU8-FL185000,CONTROL,500,8,185000,8,5,-497,1,-622,4,-533,-622
FP1-EXP0004-C-051-CONTROL-R500-T2-U1-PD1000-9000-RB800-BU1-FL0,CONTROL,800,1,0,207,109,84,52,166,4,110,303
FP1-EXP0004-C-052-CONTROL-R500-T2-U1-PD1000-9000-RB800-BU1-FL6000,CONTROL,800,1,6000,163,91,133,44,309,5,133,390
FP1-EXP0004-C-053-CONTROL-R500-T2-U1-PD1000-9000-RB800-BU1-FL30000,CONTROL,800,1,30000,119,69,133,33,390,5,190,309
FP1-EXP0004-C-054-CONTROL-R500-T2-U1-PD1000-9000-RB800-BU1-FL93000,CONTROL,800,1,93000,55,31,443,15,526,5,305,477
FP1-EXP0004-C-055-CONTROL-R500-T2-U1-PD1000-9000-RB800-BU1-FL185000,CONTROL,800,1,185000,21,9,-569,4,-2083,4,-569,-2083
FP1-EXP0004-C-056-CONTROL-R500-T2-U1-PD1000-9000-RB800-BU2-FL0,CONTROL,800,2,0,163,87,96,41,391,5,84,182
FP1-EXP0004-C-057-CONTROL-R500-T2-U1-PD1000-9000-RB800-BU2-FL6000,CONTROL,800,2,6000,141,79,84,38,391,6,114,350
FP1-EXP0004-C-058-CONTROL-R500-T2-U1-PD1000-9000-RB800-BU2-FL30000,CONTROL,800,2,30000,115,66,84,32,144,6,133,458
FP1-EXP0004-C-059-CONTROL-R500-T2-U1-PD1000-9000-RB800-BU2-FL93000,CONTROL,800,2,93000,52,29,305,15,526,6,224,477
FP1-EXP0004-C-060-CONTROL-R500-T2-U1-PD1000-9000-RB800-BU2-FL185000,CONTROL,800,2,185000,19,9,-569,4,-2083,5,-569,-2083
FP1-EXP0004-C-061-CONTROL-R500-T2-U1-PD1000-9000-RB800-BU3-FL0,CONTROL,800,3,0,126,77,115,42,182,5,133,391
FP1-EXP0004-C-062-CONTROL-R500-T2-U1-PD1000-9000-RB800-BU3-FL6000,CONTROL,800,3,6000,116,74,133,40,188,6,117,402
FP1-EXP0004-C-063-CONTROL-R500-T2-U1-PD1000-9000-RB800-BU3-FL30000,CONTROL,800,3,30000,97,60,120,31,526,6,133,366
FP1-EXP0004-C-064-CONTROL-R500-T2-U1-PD1000-9000-RB800-BU3-FL93000,CONTROL,800,3,93000,46,28,305,15,477,6,305,387
FP1-EXP0004-C-065-CONTROL-R500-T2-U1-PD1000-9000-RB800-BU3-FL185000,CONTROL,800,3,185000,17,8,-569,4,-2083,5,-569,-2083
FP1-EXP0004-C-066-CONTROL-R500-T2-U1-PD1000-9000-RB800-BU4-FL0,CONTROL,800,4,0,89,56,133,28,414,5,120,103
FP1-EXP0004-C-067-CONTROL-R500-T2-U1-PD1000-9000-RB800-BU4-FL6000,CONTROL,800,4,6000,86,56,120,29,414,6,126,125
FP1-EXP0004-C-068-CONTROL-R500-T2-U1-PD1000-9000-RB800-BU4-FL30000,CONTROL,800,4,30000,79,49,120,25,639,6,157,573
FP1-EXP0004-C-069-CONTROL-R500-T2-U1-PD1000-9000-RB800-BU4-FL93000,CONTROL,800,4,93000,35,21,776,11,929,6,357,558
FP1-EXP0004-C-070-CONTROL-R500-T2-U1-PD1000-9000-RB800-BU4-FL185000,CONTROL,800,4,185000,15,8,-569,4,-902,5,-569,-902
FP1-EXP0004-C-071-CONTROL-R500-T2-U1-PD1000-9000-RB800-BU8-FL0,CONTROL,800,8,0,35,25,252,12,-112,4,251,151
FP1-EXP0004-C-072-CONTROL-R500-T2-U1-PD1000-9000-RB800-BU8-FL6000,CONTROL,800,8,6000,35,24,252,12,-112,5,252,414
FP1-EXP0004-C-073-CONTROL-R500-T2-U1-PD1000-9000-RB800-BU8-FL30000,CONTROL,800,8,30000,32,23,483,11,826,5,252,-112
FP1-EXP0004-C-074-CONTROL-R500-T2-U1-PD1000-9000-RB800-BU8-FL93000,CONTROL,800,8,93000,21,15,410,7,-112,5,410,-112
FP1-EXP0004-C-075-CONTROL-R500-T2-U1-PD1000-9000-RB800-BU8-FL185000,CONTROL,800,8,185000,8,5,-497,1,-622,4,-497,-622
FP1-EXP0004-C-076-CONTROL-R500-T2-U1-PD1000-9000-RB2300-BU1-FL0,CONTROL,2300,1,0,164,92,89,53,297,4,68,390
FP1-EXP0004-C-077-CONTROL-R500-T2-U1-PD1000-9000-RB2300-BU1-FL6000,CONTROL,2300,1,6000,125,73,164,42,391,5,89,390
FP1-EXP0004-C-078-CONTROL-R500-T2-U1-PD1000-9000-RB2300-BU1-FL30000,CONTROL,2300,1,30000,92,52,194,26,784,5,164,526
FP1-EXP0004-C-079-CONTROL-R500-T2-U1-PD1000-9000-RB2300-BU1-FL93000,CONTROL,2300,1,93000,53,29,443,13,526,5,194,526
FP1-EXP0004-C-080-CONTROL-R500-T2-U1-PD1000-9000-RB2300-BU1-FL185000,CONTROL,2300,1,185000,21,9,-569,4,-2083,4,-569,-1352
FP1-EXP0004-C-081-CONTROL-R500-T2-U1-PD1000-9000-RB2300-BU2-FL0,CONTROL,2300,2,0,125,69,52,35,748,5,89,391
FP1-EXP0004-C-082-CONTROL-R500-T2-U1-PD1000-9000-RB2300-BU2-FL6000,CONTROL,2300,2,6000,105,60,54,31,784,6,97,581
FP1-EXP0004-C-083-CONTROL-R500-T2-U1-PD1000-9000-RB2300-BU2-FL30000,CONTROL,2300,2,30000,86,47,228,23,826,6,139,655
FP1-EXP0004-C-084-CONTROL-R500-T2-U1-PD1000-9000-RB2300-BU2-FL93000,CONTROL,2300,2,93000,50,27,410,13,526,6,266,526
FP1-EXP0004-C-085-CONTROL-R500-T2-U1-PD1000-9000-RB2300-BU2-FL185000,CONTROL,2300,2,185000,19,9,-569,4,-2083,5,-569,-2083
FP1-EXP0004-C-086-CONTROL-R500-T2-U1-PD1000-9000-RB2300-BU3-FL0,CONTROL,2300,3,0,93,57,110,31,526,5,110,413
FP1-EXP0004-C-087-CONTROL-R500-T2-U1-PD1000-9000-RB2300-BU3-FL6000,CONTROL,2300,3,6000,84,52,110,27,826,6,115,469
FP1-EXP0004-C-088-CONTROL-R500-T2-U1-PD1000-9000-RB2300-BU3-FL30000,CONTROL,2300,3,30000,73,43,194,22,826,6,157,387
FP1-EXP0004-C-089-CONTROL-R500-T2-U1-PD1000-9000-RB2300-BU3-FL93000,CONTROL,2300,3,93000,44,26,410,13,249,6,249,501
FP1-EXP0004-C-090-CONTROL-R500-T2-U1-PD1000-9000-RB2300-BU3-FL185000,CONTROL,2300,3,185000,17,8,-569,4,-2083,5,-569,-902
FP1-EXP0004-C-091-CONTROL-R500-T2-U1-PD1000-9000-RB2300-BU4-FL0,CONTROL,2300,4,0,67,43,120,21,103,5,120,414
FP1-EXP0004-C-092-CONTROL-R500-T2-U1-PD1000-9000-RB2300-BU4-FL6000,CONTROL,2300,4,6000,64,42,120,20,63,6,120,258
FP1-EXP0004-C-093-CONTROL-R500-T2-U1-PD1000-9000-RB2300-BU4-FL30000,CONTROL,2300,4,30000,60,38,194,18,79,6,157,639
FP1-EXP0004-C-094-CONTROL-R500-T2-U1-PD1000-9000-RB2300-BU4-FL93000,CONTROL,2300,4,93000,35,21,546,11,639,6,302,26
FP1-EXP0004-C-095-CONTROL-R500-T2-U1-PD1000-9000-RB2300-BU4-FL185000,CONTROL,2300,4,185000,15,8,-569,4,-902,5,-569,-622
FP1-EXP0004-C-096-CONTROL-R500-T2-U1-PD1000-9000-RB2300-BU8-FL0,CONTROL,2300,8,0,28,19,494,9,826,4,186,-4
FP1-EXP0004-C-097-CONTROL-R500-T2-U1-PD1000-9000-RB2300-BU8-FL6000,CONTROL,2300,8,6000,28,19,494,9,826,5,252,63
FP1-EXP0004-C-098-CONTROL-R500-T2-U1-PD1000-9000-RB2300-BU8-FL30000,CONTROL,2300,8,30000,27,19,494,9,826,5,410,79
FP1-EXP0004-C-099-CONTROL-R500-T2-U1-PD1000-9000-RB2300-BU8-FL93000,CONTROL,2300,8,93000,21,15,410,7,-112,5,410,-112
FP1-EXP0004-C-100-CONTROL-R500-T2-U1-PD1000-9000-RB2300-BU8-FL185000,CONTROL,2300,8,185000,8,5,-497,1,-622,4,-533,-622
FP1-EXP0004-C-101-CONTROL-R500-T2-U1-PD1000-9000-RB7300-BU1-FL0,CONTROL,7300,1,0,70,36,31,26,390,4,6,220
FP1-EXP0004-C-102-CONTROL-R500-T2-U1-PD1000-9000-RB7300-BU1-FL6000,CONTROL,7300,1,6000,55,28,-72,21,390,5,31,414
FP1-EXP0004-C-103-CONTROL-R500-T2-U1-PD1000-9000-RB7300-BU1-FL30000,CONTROL,7300,1,30000,39,19,22,12,960,5,31,526
FP1-EXP0004-C-104-CONTROL-R500-T2-U1-PD1000-9000-RB7300-BU1-FL93000,CONTROL,7300,1,93000,22,9,173,5,526,5,22,526
FP1-EXP0004-C-105-CONTROL-R500-T2-U1-PD1000-9000-RB7300-BU1-FL185000,CONTROL,7300,1,185000,13,5,-569,3,-622,4,-569,-1352
FP1-EXP0004-C-106-CONTROL-R500-T2-U1-PD1000-9000-RB7300-BU2-FL0,CONTROL,7300,2,0,53,31,12,20,144,5,31,414
FP1-EXP0004-C-107-CONTROL-R500-T2-U1-PD1000-9000-RB7300-BU2-FL6000,CONTROL,7300,2,6000,45,26,-188,17,414,6,21,469
FP1-EXP0004-C-108-CONTROL-R500-T2-U1-PD1000-9000-RB7300-BU2-FL30000,CONTROL,7300,2,30000,33,17,31,10,526,6,71,526
FP1-EXP0004-C-109-CONTROL-R500-T2-U1-PD1000-9000-RB7300-BU2-FL93000,CONTROL,7300,2,93000,18,9,173,5,526,6,102,526
FP1-EXP0004-C-110-CONTROL-R500-T2-U1-PD1000-9000-RB7300-BU2-FL185000,CONTROL,7300,2,185000,11,5,-569,3,-622,5,-569,-622
FP1-EXP0004-C-111-CONTROL-R500-T2-U1-PD1000-9000-RB7300-BU3-FL0,CONTROL,7300,3,0,44,23,12,17,413,5,31,413
FP1-EXP0004-C-112-CONTROL-R500-T2-U1-PD1000-9000-RB7300-BU3-FL6000,CONTROL,7300,3,6000,37,21,-102,15,413,6,39,413
FP1-EXP0004-C-113-CONTROL-R500-T2-U1-PD1000-9000-RB7300-BU3-FL30000,CONTROL,7300,3,30000,28,15,-497,10,249,6,75,469
FP1-EXP0004-C-114-CONTROL-R500-T2-U1-PD1000-9000-RB7300-BU3-FL93000,CONTROL,7300,3,93000,17,9,173,5,249,6,173,249
FP1-EXP0004-C-115-CONTROL-R500-T2-U1-PD1000-9000-RB7300-BU3-FL185000,CONTROL,7300,3,185000,9,4,-569,3,-622,5,-569,-622
FP1-EXP0004-C-116-CONTROL-R500-T2-U1-PD1000-9000-RB7300-BU4-FL0,CONTROL,7300,4,0,32,18,31,13,24,5,12,-47
FP1-EXP0004-C-117-CONTROL-R500-T2-U1-PD1000-9000-RB7300-BU4-FL6000,CONTROL,7300,4,6000,29,17,67,12,-47,6,-35,43
FP1-EXP0004-C-118-CONTROL-R500-T2-U1-PD1000-9000-RB7300-BU4-FL30000,CONTROL,7300,4,30000,25,14,31,9,-47,6,-215,-37
FP1-EXP0004-C-119-CONTROL-R500-T2-U1-PD1000-9000-RB7300-BU4-FL93000,CONTROL,7300,4,93000,14,7,173,4,-27,6,-233,-334
FP1-EXP0004-C-120-CONTROL-R500-T2-U1-PD1000-9000-RB7300-BU4-FL185000,CONTROL,7300,4,185000,7,4,-569,3,-622,5,-569,-622
FP1-EXP0004-C-121-CONTROL-R500-T2-U1-PD1000-9000-RB7300-BU8-FL0,CONTROL,7300,8,0,15,9,-497,4,-622,4,-233,-299
FP1-EXP0004-C-122-CONTROL-R500-T2-U1-PD1000-9000-RB7300-BU8-FL6000,CONTROL,7300,8,6000,15,9,-497,4,-622,5,-497,-622
FP1-EXP0004-C-123-CONTROL-R500-T2-U1-PD1000-9000-RB7300-BU8-FL30000,CONTROL,7300,8,30000,14,9,-497,4,-622,5,-497,-622
FP1-EXP0004-C-124-CONTROL-R500-T2-U1-PD1000-9000-RB7300-BU8-FL93000,CONTROL,7300,8,93000,10,5,-497,2,-622,5,-162,-367
FP1-EXP0004-C-125-CONTROL-R500-T2-U1-PD1000-9000-RB7300-BU8-FL185000,CONTROL,7300,8,185000,4,2,-569,1,-622,4,-497,-622
FP1-EXP0004-C-126-CONTROL-R500-T2-U1-PD1000-9000-RB20700-BU1-FL0,CONTROL,20700,1,0,30,17,0,12,-83,3,277,436
FP1-EXP0004-C-127-CONTROL-R500-T2-U1-PD1000-9000-RB20700-BU1-FL6000,CONTROL,20700,1,6000,20,8,277,6,563,4,11,675
FP1-EXP0004-C-128-CONTROL-R500-T2-U1-PD1000-9000-RB20700-BU1-FL30000,CONTROL,20700,1,30000,14,7,22,5,960,4,71,544
FP1-EXP0004-C-129-CONTROL-R500-T2-U1-PD1000-9000-RB20700-BU1-FL93000,CONTROL,20700,1,93000,6,4,-652,3,526,4,-315,526
FP1-EXP0004-C-130-CONTROL-R500-T2-U1-PD1000-9000-RB20700-BU1-FL185000,CONTROL,20700,1,185000,5,3,-652,2,-2474,3,-652,-622
FP1-EXP0004-C-131-CONTROL-R500-T2-U1-PD1000-9000-RB20700-BU2-FL0,CONTROL,20700,2,0,22,12,277,10,436,4,144,335
FP1-EXP0004-C-132-CONTROL-R500-T2-U1-PD1000-9000-RB20700-BU2-FL6000,CONTROL,20700,2,6000,15,6,379,5,1213,5,277,526
FP1-EXP0004-C-133-CONTROL-R500-T2-U1-PD1000-9000-RB20700-BU2-FL30000,CONTROL,20700,2,30000,10,5,120,4,526,5,31,526
FP1-EXP0004-C-134-CONTROL-R500-T2-U1-PD1000-9000-RB20700-BU2-FL93000,CONTROL,20700,2,93000,5,4,-652,3,526,5,120,526
FP1-EXP0004-C-135-CONTROL-R500-T2-U1-PD1000-9000-RB20700-BU2-FL185000,CONTROL,20700,2,185000,4,3,-652,2,-2474,4,-652,-1548
FP1-EXP0004-C-136-CONTROL-R500-T2-U1-PD1000-9000-RB20700-BU3-FL0,CONTROL,20700,3,0,15,8,277,7,526,4,144,424
FP1-EXP0004-C-137-CONTROL-R500-T2-U1-PD1000-9000-RB20700-BU3-FL6000,CONTROL,20700,3,6000,11,6,277,5,526,5,120,526
FP1-EXP0004-C-138-CONTROL-R500-T2-U1-PD1000-9000-RB20700-BU3-FL30000,CONTROL,20700,3,30000,7,4,120,4,526,5,120,526
FP1-EXP0004-C-139-CONTROL-R500-T2-U1-PD1000-9000-RB20700-BU3-FL93000,CONTROL,20700,3,93000,3,3,277,3,526,5,-652,249
FP1-EXP0004-C-140-CONTROL-R500-T2-U1-PD1000-9000-RB20700-BU3-FL185000,CONTROL,20700,3,185000,2,2,-652,2,-2474,4,-610,-1548
FP1-EXP0004-C-141-CONTROL-R500-T2-U1-PD1000-9000-RB20700-BU4-FL0,CONTROL,20700,4,0,10,6,-280,6,-134,4,-94,218
FP1-EXP0004-C-142-CONTROL-R500-T2-U1-PD1000-9000-RB20700-BU4-FL6000,CONTROL,20700,4,6000,8,5,-220,5,413,5,-280,-134
FP1-EXP0004-C-143-CONTROL-R500-T2-U1-PD1000-9000-RB20700-BU4-FL30000,CONTROL,20700,4,30000,7,4,-652,4,-321,5,-220,-47
FP1-EXP0004-C-144-CONTROL-R500-T2-U1-PD1000-9000-RB20700-BU4-FL93000,CONTROL,20700,4,93000,3,2,-4333,2,-2474,5,-239,-174
FP1-EXP0004-C-145-CONTROL-R500-T2-U1-PD1000-9000-RB20700-BU4-FL185000,CONTROL,20700,4,185000,2,2,-4333,2,-2474,4,-652,-2474
FP1-EXP0004-C-146-CONTROL-R500-T2-U1-PD1000-9000-RB20700-BU8-FL0,CONTROL,20700,8,0,2,1,-1678,1,-3300,3,-497,-622
FP1-EXP0004-C-147-CONTROL-R500-T2-U1-PD1000-9000-RB20700-BU8-FL6000,CONTROL,20700,8,6000,2,1,-1678,1,-3300,4,-1087,-1961
FP1-EXP0004-C-148-CONTROL-R500-T2-U1-PD1000-9000-RB20700-BU8-FL30000,CONTROL,20700,8,30000,1,1,-1678,1,-3300,4,-652,-622
FP1-EXP0004-C-149-CONTROL-R500-T2-U1-PD1000-9000-RB20700-BU8-FL93000,CONTROL,20700,8,93000,0,0,,0,,4,-1678,-2474
FP1-EXP0004-C-150-CONTROL-R500-T2-U1-PD1000-9000-RB20700-BU8-FL185000,CONTROL,20700,8,185000,0,0,,0,,3,-2451,-1548
FP1-EXP0004-C-151-ROBUST_1-R1500-T5-U9-PD2500-6500-RB200-BU1-FL0,ROBUST_1,200,1,0,46,32,247,18,468,3,247,208
FP1-EXP0004-C-152-ROBUST_1-R1500-T5-U9-PD2500-6500-RB200-BU1-FL6000,ROBUST_1,200,1,6000,46,32,247,18,468,4,198,135
FP1-EXP0004-C-153-ROBUST_1-R1500-T5-U9-PD2500-6500-RB200-BU1-FL30000,ROBUST_1,200,1,30000,35,23,84,16,-70,4,198,245
FP1-EXP0004-C-154-ROBUST_1-R1500-T5-U9-PD2500-6500-RB200-BU1-FL93000,ROBUST_1,200,1,93000,15,10,636,8,526,4,360,228
FP1-EXP0004-C-155-ROBUST_1-R1500-T5-U9-PD2500-6500-RB200-BU1-FL185000,ROBUST_1,200,1,185000,3,1,-569,1,-622,3,-569,-622
FP1-EXP0004-C-156-ROBUST_1-R1500-T5-U9-PD2500-6500-RB200-BU2-FL0,ROBUST_1,200,2,0,44,27,407,18,63,4,321,338
FP1-EXP0004-C-157-ROBUST_1-R1500-T5-U9-PD2500-6500-RB200-BU2-FL6000,ROBUST_1,200,2,6000,43,27,407,18,63,5,256,208
FP1-EXP0004-C-158-ROBUST_1-R1500-T5-U9-PD2500-6500-RB200-BU2-FL30000,ROBUST_1,200,2,30000,34,21,150,15,22,5,150,63
FP1-EXP0004-C-159-ROBUST_1-R1500-T5-U9-PD2500-6500-RB200-BU2-FL93000,ROBUST_1,200,2,93000,15,10,636,8,526,5,636,526
FP1-EXP0004-C-160-ROBUST_1-R1500-T5-U9-PD2500-6500-RB200-BU2-FL185000,ROBUST_1,200,2,185000,3,1,-569,1,-622,4,-569,-622
FP1-EXP0004-C-161-ROBUST_1-R1500-T5-U9-PD2500-6500-RB200-BU3-FL0,ROBUST_1,200,3,0,35,19,256,11,526,4,321,159
FP1-EXP0004-C-162-ROBUST_1-R1500-T5-U9-PD2500-6500-RB200-BU3-FL6000,ROBUST_1,200,3,6000,34,19,256,12,256,5,256,256
FP1-EXP0004-C-163-ROBUST_1-R1500-T5-U9-PD2500-6500-RB200-BU3-FL30000,ROBUST_1,200,3,30000,29,16,84,13,256,5,150,256
FP1-EXP0004-C-164-ROBUST_1-R1500-T5-U9-PD2500-6500-RB200-BU3-FL93000,ROBUST_1,200,3,93000,15,10,636,8,526,5,636,526
FP1-EXP0004-C-165-ROBUST_1-R1500-T5-U9-PD2500-6500-RB200-BU3-FL185000,ROBUST_1,200,3,185000,3,1,-569,1,-622,4,-569,-622
FP1-EXP0004-C-166-ROBUST_1-R1500-T5-U9-PD2500-6500-RB200-BU4-FL0,ROBUST_1,200,4,0,28,13,78,11,-47,4,78,239
FP1-EXP0004-C-167-ROBUST_1-R1500-T5-U9-PD2500-6500-RB200-BU4-FL6000,ROBUST_1,200,4,6000,26,13,78,11,-47,5,78,-47
FP1-EXP0004-C-168-ROBUST_1-R1500-T5-U9-PD2500-6500-RB200-BU4-FL30000,ROBUST_1,200,4,30000,24,12,-100,11,-47,5,78,256
FP1-EXP0004-C-169-ROBUST_1-R1500-T5-U9-PD2500-6500-RB200-BU4-FL93000,ROBUST_1,200,4,93000,12,6,681,5,1119,5,410,-47
FP1-EXP0004-C-170-ROBUST_1-R1500-T5-U9-PD2500-6500-RB200-BU4-FL185000,ROBUST_1,200,4,185000,3,1,-569,1,-622,4,-569,-622
FP1-EXP0004-C-171-ROBUST_1-R1500-T5-U9-PD2500-6500-RB200-BU8-FL0,ROBUST_1,200,8,0,9,7,-133,5,826,3,-133,826
FP1-EXP0004-C-172-ROBUST_1-R1500-T5-U9-PD2500-6500-RB200-BU8-FL6000,ROBUST_1,200,8,6000,9,7,-133,5,826,4,-133,826
FP1-EXP0004-C-173-ROBUST_1-R1500-T5-U9-PD2500-6500-RB200-BU8-FL30000,ROBUST_1,200,8,30000,9,7,-133,5,826,4,-116,389
FP1-EXP0004-C-174-ROBUST_1-R1500-T5-U9-PD2500-6500-RB200-BU8-FL93000,ROBUST_1,200,8,93000,6,5,410,4,-327,4,138,249
FP1-EXP0004-C-175-ROBUST_1-R1500-T5-U9-PD2500-6500-RB200-BU8-FL185000,ROBUST_1,200,8,185000,1,1,-569,1,-622,3,-569,-622
FP1-EXP0004-C-176-ROBUST_1-R1500-T5-U9-PD2500-6500-RB500-BU1-FL0,ROBUST_1,500,1,0,39,24,150,17,208,4,198,338
FP1-EXP0004-C-177-ROBUST_1-R1500-T5-U9-PD2500-6500-RB500-BU1-FL6000,ROBUST_1,500,1,6000,39,24,150,17,208,5,150,208
FP1-EXP0004-C-178-ROBUST_1-R1500-T5-U9-PD2500-6500-RB500-BU1-FL30000,ROBUST_1,500,1,30000,35,23,84,16,-70,5,150,22
FP1-EXP0004-C-179-ROBUST_1-R1500-T5-U9-PD2500-6500-RB500-BU1-FL93000,ROBUST_1,500,1,93000,15,10,636,8,526,5,636,526
FP1-EXP0004-C-180-ROBUST_1-R1500-T5-U9-PD2500-6500-RB500-BU1-FL185000,ROBUST_1,500,1,185000,3,1,-569,1,-622,4,-569,-622
FP1-EXP0004-C-181-ROBUST_1-R1500-T5-U9-PD2500-6500-RB500-BU2-FL0,ROBUST_1,500,2,0,38,23,387,17,208,5,387,208
FP1-EXP0004-C-182-ROBUST_1-R1500-T5-U9-PD2500-6500-RB500-BU2-FL6000,ROBUST_1,500,2,6000,37,23,387,17,208,6,203,208
FP1-EXP0004-C-183-ROBUST_1-R1500-T5-U9-PD2500-6500-RB500-BU2-FL30000,ROBUST_1,500,2,30000,34,21,150,15,22,6,150,115
FP1-EXP0004-C-184-ROBUST_1-R1500-T5-U9-PD2500-6500-RB500-BU2-FL93000,ROBUST_1,500,2,93000,15,10,636,8,526,6,636,526
FP1-EXP0004-C-185-ROBUST_1-R1500-T5-U9-PD2500-6500-RB500-BU2-FL185000,ROBUST_1,500,2,185000,3,1,-569,1,-622,5,-569,-622
FP1-EXP0004-C-186-ROBUST_1-R1500-T5-U9-PD2500-6500-RB500-BU3-FL0,ROBUST_1,500,3,0,30,15,387,11,526,5,256,256
FP1-EXP0004-C-187-ROBUST_1-R1500-T5-U9-PD2500-6500-RB500-BU3-FL6000,ROBUST_1,500,3,6000,29,16,256,12,256,6,223,256
FP1-EXP0004-C-188-ROBUST_1-R1500-T5-U9-PD2500-6500-RB500-BU3-FL30000,ROBUST_1,500,3,30000,29,16,84,13,256,6,117,256
FP1-EXP0004-C-189-ROBUST_1-R1500-T5-U9-PD2500-6500-RB500-BU3-FL93000,ROBUST_1,500,3,93000,15,10,636,8,526,6,636,526
FP1-EXP0004-C-190-ROBUST_1-R1500-T5-U9-PD2500-6500-RB500-BU3-FL185000,ROBUST_1,500,3,185000,3,1,-569,1,-622,5,-569,-622
FP1-EXP0004-C-191-ROBUST_1-R1500-T5-U9-PD2500-6500-RB500-BU4-FL0,ROBUST_1,500,4,0,26,12,78,11,-47,5,78,-47
FP1-EXP0004-C-192-ROBUST_1-R1500-T5-U9-PD2500-6500-RB500-BU4-FL6000,ROBUST_1,500,4,6000,24,12,78,11,-47,6,78,-47
FP1-EXP0004-C-193-ROBUST_1-R1500-T5-U9-PD2500-6500-RB500-BU4-FL30000,ROBUST_1,500,4,30000,24,12,-100,11,-47,6,-11,104
FP1-EXP0004-C-194-ROBUST_1-R1500-T5-U9-PD2500-6500-RB500-BU4-FL93000,ROBUST_1,500,4,93000,12,6,681,5,1119,6,523,239
FP1-EXP0004-C-195-ROBUST_1-R1500-T5-U9-PD2500-6500-RB500-BU4-FL185000,ROBUST_1,500,4,185000,3,1,-569,1,-622,5,-569,-622
FP1-EXP0004-C-196-ROBUST_1-R1500-T5-U9-PD2500-6500-RB500-BU8-FL0,ROBUST_1,500,8,0,9,7,-133,5,826,4,-133,826
FP1-EXP0004-C-197-ROBUST_1-R1500-T5-U9-PD2500-6500-RB500-BU8-FL6000,ROBUST_1,500,8,6000,9,7,-133,5,826,5,-133,826
FP1-EXP0004-C-198-ROBUST_1-R1500-T5-U9-PD2500-6500-RB500-BU8-FL30000,ROBUST_1,500,8,30000,9,7,-133,5,826,5,-133,826
FP1-EXP0004-C-199-ROBUST_1-R1500-T5-U9-PD2500-6500-RB500-BU8-FL93000,ROBUST_1,500,8,93000,6,5,410,4,-327,5,410,-327
FP1-EXP0004-C-200-ROBUST_1-R1500-T5-U9-PD2500-6500-RB500-BU8-FL185000,ROBUST_1,500,8,185000,1,1,-569,1,-622,4,-569,-622
FP1-EXP0004-C-201-ROBUST_1-R1500-T5-U9-PD2500-6500-RB800-BU1-FL0,ROBUST_1,800,1,0,36,21,150,13,517,4,150,517
FP1-EXP0004-C-202-ROBUST_1-R1500-T5-U9-PD2500-6500-RB800-BU1-FL6000,ROBUST_1,800,1,6000,36,21,150,13,517,5,150,517
FP1-EXP0004-C-203-ROBUST_1-R1500-T5-U9-PD2500-6500-RB800-BU1-FL30000,ROBUST_1,800,1,30000,34,22,84,15,22,5,150,517
FP1-EXP0004-C-204-ROBUST_1-R1500-T5-U9-PD2500-6500-RB800-BU1-FL93000,ROBUST_1,800,1,93000,15,10,636,8,526,5,546,526
FP1-EXP0004-C-205-ROBUST_1-R1500-T5-U9-PD2500-6500-RB800-BU1-FL185000,ROBUST_1,800,1,185000,3,1,-569,1,-622,4,-569,-622
FP1-EXP0004-C-206-ROBUST_1-R1500-T5-U9-PD2500-6500-RB800-BU2-FL0,ROBUST_1,800,2,0,35,20,150,12,517,5,209,517
FP1-EXP0004-C-207-ROBUST_1-R1500-T5-U9-PD2500-6500-RB800-BU2-FL6000,ROBUST_1,800,2,6000,34,20,150,12,517,6,170,386
FP1-EXP0004-C-208-ROBUST_1-R1500-T5-U9-PD2500-6500-RB800-BU2-FL30000,ROBUST_1,800,2,30000,33,21,150,14,22,6,150,386
FP1-EXP0004-C-209-ROBUST_1-R1500-T5-U9-PD2500-6500-RB800-BU2-FL93000,ROBUST_1,800,2,93000,15,10,636,8,526,6,591,526
FP1-EXP0004-C-210-ROBUST_1-R1500-T5-U9-PD2500-6500-RB800-BU2-FL185000,ROBUST_1,800,2,185000,3,1,-569,1,-622,5,-569,-622
FP1-EXP0004-C-211-ROBUST_1-R1500-T5-U9-PD2500-6500-RB800-BU3-FL0,ROBUST_1,800,3,0,30,15,209,12,256,5,190,517
FP1-EXP0004-C-212-ROBUST_1-R1500-T5-U9-PD2500-6500-RB800-BU3-FL6000,ROBUST_1,800,3,6000,29,16,190,13,256,6,179,256
FP1-EXP0004-C-213-ROBUST_1-R1500-T5-U9-PD2500-6500-RB800-BU3-FL30000,ROBUST_1,800,3,30000,29,16,84,13,256,6,170,256
FP1-EXP0004-C-214-ROBUST_1-R1500-T5-U9-PD2500-6500-RB800-BU3-FL93000,ROBUST_1,800,3,93000,15,10,636,8,526,6,591,526
FP1-EXP0004-C-215-ROBUST_1-R1500-T5-U9-PD2500-6500-RB800-BU3-FL185000,ROBUST_1,800,3,185000,3,1,-569,1,-622,5,-569,-622
FP1-EXP0004-C-216-ROBUST_1-R1500-T5-U9-PD2500-6500-RB800-BU4-FL0,ROBUST_1,800,4,0,26,12,78,11,-47,5,78,-47
FP1-EXP0004-C-217-ROBUST_1-R1500-T5-U9-PD2500-6500-RB800-BU4-FL6000,ROBUST_1,800,4,6000,24,12,78,11,-47,6,78,-47
FP1-EXP0004-C-218-ROBUST_1-R1500-T5-U9-PD2500-6500-RB800-BU4-FL30000,ROBUST_1,800,4,30000,24,12,-100,11,-47,6,81,104
FP1-EXP0004-C-219-ROBUST_1-R1500-T5-U9-PD2500-6500-RB800-BU4-FL93000,ROBUST_1,800,4,93000,12,6,681,5,1119,6,410,239
FP1-EXP0004-C-220-ROBUST_1-R1500-T5-U9-PD2500-6500-RB800-BU4-FL185000,ROBUST_1,800,4,185000,3,1,-569,1,-622,5,-569,-622
FP1-EXP0004-C-221-ROBUST_1-R1500-T5-U9-PD2500-6500-RB800-BU8-FL0,ROBUST_1,800,8,0,9,7,-133,5,826,4,-27,826
FP1-EXP0004-C-222-ROBUST_1-R1500-T5-U9-PD2500-6500-RB800-BU8-FL6000,ROBUST_1,800,8,6000,9,7,-133,5,826,5,-133,826
FP1-EXP0004-C-223-ROBUST_1-R1500-T5-U9-PD2500-6500-RB800-BU8-FL30000,ROBUST_1,800,8,30000,9,7,-133,5,826,5,-100,826
FP1-EXP0004-C-224-ROBUST_1-R1500-T5-U9-PD2500-6500-RB800-BU8-FL93000,ROBUST_1,800,8,93000,6,5,410,4,-327,5,410,-327
FP1-EXP0004-C-225-ROBUST_1-R1500-T5-U9-PD2500-6500-RB800-BU8-FL185000,ROBUST_1,800,8,185000,1,1,-569,1,-622,4,-569,-622
FP1-EXP0004-C-226-ROBUST_1-R1500-T5-U9-PD2500-6500-RB2300-BU1-FL0,ROBUST_1,2300,1,0,23,12,483,9,587,4,359,556
FP1-EXP0004-C-227-ROBUST_1-R1500-T5-U9-PD2500-6500-RB2300-BU1-FL6000,ROBUST_1,2300,1,6000,22,11,546,8,587,5,483,587
FP1-EXP0004-C-228-ROBUST_1-R1500-T5-U9-PD2500-6500-RB2300-BU1-FL30000,ROBUST_1,2300,1,30000,20,11,546,7,826,5,546,526
FP1-EXP0004-C-229-ROBUST_1-R1500-T5-U9-PD2500-6500-RB2300-BU1-FL93000,ROBUST_1,2300,1,93000,13,8,546,6,526,5,546,526
FP1-EXP0004-C-230-ROBUST_1-R1500-T5-U9-PD2500-6500-RB2300-BU1-FL185000,ROBUST_1,2300,1,185000,3,1,-569,1,-622,4,-569,-622
FP1-EXP0004-C-231-ROBUST_1-R1500-T5-U9-PD2500-6500-RB2300-BU2-FL0,ROBUST_1,2300,2,0,21,10,546,6,826,5,483,587
FP1-EXP0004-C-232-ROBUST_1-R1500-T5-U9-PD2500-6500-RB2300-BU2-FL6000,ROBUST_1,2300,2,6000,19,9,741,5,1213,6,546,826
FP1-EXP0004-C-233-ROBUST_1-R1500-T5-U9-PD2500-6500-RB2300-BU2-FL30000,ROBUST_1,2300,2,30000,18,9,636,5,826,6,546,676
FP1-EXP0004-C-234-ROBUST_1-R1500-T5-U9-PD2500-6500-RB2300-BU2-FL93000,ROBUST_1,2300,2,93000,13,8,546,6,526,6,591,526
FP1-EXP0004-C-235-ROBUST_1-R1500-T5-U9-PD2500-6500-RB2300-BU2-FL185000,ROBUST_1,2300,2,185000,3,1,-569,1,-622,5,-569,-622
FP1-EXP0004-C-236-ROBUST_1-R1500-T5-U9-PD2500-6500-RB2300-BU3-FL0,ROBUST_1,2300,3,0,18,7,636,5,826,5,483,526
FP1-EXP0004-C-237-ROBUST_1-R1500-T5-U9-PD2500-6500-RB2300-BU3-FL6000,ROBUST_1,2300,3,6000,16,7,636,5,826,6,559,676
FP1-EXP0004-C-238-ROBUST_1-R1500-T5-U9-PD2500-6500-RB2300-BU3-FL30000,ROBUST_1,2300,3,30000,16,7,636,5,826,6,514,526
FP1-EXP0004-C-239-ROBUST_1-R1500-T5-U9-PD2500-6500-RB2300-BU3-FL93000,ROBUST_1,2300,3,93000,13,8,546,6,526,6,591,526
FP1-EXP0004-C-240-ROBUST_1-R1500-T5-U9-PD2500-6500-RB2300-BU3-FL185000,ROBUST_1,2300,3,185000,3,1,-569,1,-622,5,-569,-622
FP1-EXP0004-C-241-ROBUST_1-R1500-T5-U9-PD2500-6500-RB2300-BU4-FL0,ROBUST_1,2300,4,0,16,6,483,6,-47,5,483,-47
FP1-EXP0004-C-242-ROBUST_1-R1500-T5-U9-PD2500-6500-RB2300-BU4-FL6000,ROBUST_1,2300,4,6000,15,6,483,6,-47,6,483,-47
FP1-EXP0004-C-243-ROBUST_1-R1500-T5-U9-PD2500-6500-RB2300-BU4-FL30000,ROBUST_1,2300,4,30000,15,6,483,6,-47,6,446,389
FP1-EXP0004-C-244-ROBUST_1-R1500-T5-U9-PD2500-6500-RB2300-BU4-FL93000,ROBUST_1,2300,4,93000,12,6,410,5,929,6,446,-37
FP1-EXP0004-C-245-ROBUST_1-R1500-T5-U9-PD2500-6500-RB2300-BU4-FL185000,ROBUST_1,2300,4,185000,3,1,-569,1,-622,5,-569,-622
FP1-EXP0004-C-246-ROBUST_1-R1500-T5-U9-PD2500-6500-RB2300-BU8-FL0,ROBUST_1,2300,8,0,7,5,483,4,826,4,175,389
FP1-EXP0004-C-247-ROBUST_1-R1500-T5-U9-PD2500-6500-RB2300-BU8-FL6000,ROBUST_1,2300,8,6000,7,5,483,4,826,5,483,826
FP1-EXP0004-C-248-ROBUST_1-R1500-T5-U9-PD2500-6500-RB2300-BU8-FL30000,ROBUST_1,2300,8,30000,7,5,483,4,826,5,410,-47
FP1-EXP0004-C-249-ROBUST_1-R1500-T5-U9-PD2500-6500-RB2300-BU8-FL93000,ROBUST_1,2300,8,93000,6,5,410,4,-327,5,410,-327
FP1-EXP0004-C-250-ROBUST_1-R1500-T5-U9-PD2500-6500-RB2300-BU8-FL185000,ROBUST_1,2300,8,185000,1,1,-569,1,-622,4,-569,-622
FP1-EXP0004-C-251-ROBUST_1-R1500-T5-U9-PD2500-6500-RB7300-BU1-FL0,ROBUST_1,7300,1,0,9,6,173,5,526,4,173,249
FP1-EXP0004-C-252-ROBUST_1-R1500-T5-U9-PD2500-6500-RB7300-BU1-FL6000,ROBUST_1,7300,1,6000,9,6,173,5,526,5,173,526
FP1-EXP0004-C-253-ROBUST_1-R1500-T5-U9-PD2500-6500-RB7300-BU1-FL30000,ROBUST_1,7300,1,30000,7,5,173,4,-27,5,173,526
FP1-EXP0004-C-254-ROBUST_1-R1500-T5-U9-PD2500-6500-RB7300-BU1-FL93000,ROBUST_1,7300,1,93000,5,3,636,2,-27,5,546,-27
FP1-EXP0004-C-255-ROBUST_1-R1500-T5-U9-PD2500-6500-RB7300-BU1-FL185000,ROBUST_1,7300,1,185000,1,1,-569,1,-622,4,-569,-622
FP1-EXP0004-C-256-ROBUST_1-R1500-T5-U9-PD2500-6500-RB7300-BU2-FL0,ROBUST_1,7300,2,0,8,5,173,4,-27,5,173,526
FP1-EXP0004-C-257-ROBUST_1-R1500-T5-U9-PD2500-6500-RB7300-BU2-FL6000,ROBUST_1,7300,2,6000,7,4,173,3,1213,6,173,526
FP1-EXP0004-C-258-ROBUST_1-R1500-T5-U9-PD2500-6500-RB7300-BU2-FL30000,ROBUST_1,7300,2,30000,6,4,173,3,526,6,404,526
FP1-EXP0004-C-259-ROBUST_1-R1500-T5-U9-PD2500-6500-RB7300-BU2-FL93000,ROBUST_1,7300,2,93000,5,3,636,2,-27,6,591,249
FP1-EXP0004-C-260-ROBUST_1-R1500-T5-U9-PD2500-6500-RB7300-BU2-FL185000,ROBUST_1,7300,2,185000,1,1,-569,1,-622,5,-569,-622
FP1-EXP0004-C-261-ROBUST_1-R1500-T5-U9-PD2500-6500-RB7300-BU3-FL0,ROBUST_1,7300,3,0,8,3,173,3,526,5,173,526
FP1-EXP0004-C-262-ROBUST_1-R1500-T5-U9-PD2500-6500-RB7300-BU3-FL6000,ROBUST_1,7300,3,6000,6,3,173,3,526,6,173,526
FP1-EXP0004-C-263-ROBUST_1-R1500-T5-U9-PD2500-6500-RB7300-BU3-FL30000,ROBUST_1,7300,3,30000,6,3,173,3,526,6,404,526
FP1-EXP0004-C-264-ROBUST_1-R1500-T5-U9-PD2500-6500-RB7300-BU3-FL93000,ROBUST_1,7300,3,93000,5,3,636,2,-27,6,359,249
FP1-EXP0004-C-265-ROBUST_1-R1500-T5-U9-PD2500-6500-RB7300-BU3-FL185000,ROBUST_1,7300,3,185000,1,1,-569,1,-622,5,-569,-622
FP1-EXP0004-C-266-ROBUST_1-R1500-T5-U9-PD2500-6500-RB7300-BU4-FL0,ROBUST_1,7300,4,0,7,3,173,3,-47,5,173,-47
FP1-EXP0004-C-267-ROBUST_1-R1500-T5-U9-PD2500-6500-RB7300-BU4-FL6000,ROBUST_1,7300,4,6000,6,3,173,3,-47,6,173,-47
FP1-EXP0004-C-268-ROBUST_1-R1500-T5-U9-PD2500-6500-RB7300-BU4-FL30000,ROBUST_1,7300,4,30000,6,3,173,3,-47,6,173,-47
FP1-EXP0004-C-269-ROBUST_1-R1500-T5-U9-PD2500-6500-RB7300-BU4-FL93000,ROBUST_1,7300,4,93000,5,2,173,1,-27,6,173,-47
FP1-EXP0004-C-270-ROBUST_1-R1500-T5-U9-PD2500-6500-RB7300-BU4-FL185000,ROBUST_1,7300,4,185000,1,1,-569,1,-622,5,-569,-622
FP1-EXP0004-C-271-ROBUST_1-R1500-T5-U9-PD2500-6500-RB7300-BU8-FL0,ROBUST_1,7300,8,0,3,2,-569,1,-622,4,173,-47
FP1-EXP0004-C-272-ROBUST_1-R1500-T5-U9-PD2500-6500-RB7300-BU8-FL6000,ROBUST_1,7300,8,6000,3,2,-569,1,-622,5,-198,-334
FP1-EXP0004-C-273-ROBUST_1-R1500-T5-U9-PD2500-6500-RB7300-BU8-FL30000,ROBUST_1,7300,8,30000,3,2,-569,1,-622,5,-198,-334
FP1-EXP0004-C-274-ROBUST_1-R1500-T5-U9-PD2500-6500-RB7300-BU8-FL93000,ROBUST_1,7300,8,93000,3,2,-569,1,-622,5,-198,-474
FP1-EXP0004-C-275-ROBUST_1-R1500-T5-U9-PD2500-6500-RB7300-BU8-FL185000,ROBUST_1,7300,8,185000,1,1,-569,1,-622,4,-569,-622
FP1-EXP0004-C-276-ROBUST_1-R1500-T5-U9-PD2500-6500-RB20700-BU1-FL0,ROBUST_1,20700,1,0,2,2,22,2,-83,3,22,-83
FP1-EXP0004-C-277-ROBUST_1-R1500-T5-U9-PD2500-6500-RB20700-BU1-FL6000,ROBUST_1,20700,1,6000,2,2,22,2,-83,4,97,221
FP1-EXP0004-C-278-ROBUST_1-R1500-T5-U9-PD2500-6500-RB20700-BU1-FL30000,ROBUST_1,20700,1,30000,2,2,22,2,-83,4,404,249
FP1-EXP0004-C-279-ROBUST_1-R1500-T5-U9-PD2500-6500-RB20700-BU1-FL93000,ROBUST_1,20700,1,93000,1,1,636,1,526,4,636,-27
FP1-EXP0004-C-280-ROBUST_1-R1500-T5-U9-PD2500-6500-RB20700-BU1-FL185000,ROBUST_1,20700,1,185000,0,0,,0,,3,33,-48
FP1-EXP0004-C-281-ROBUST_1-R1500-T5-U9-PD2500-6500-RB20700-BU2-FL0,ROBUST_1,20700,2,0,2,2,22,2,-83,4,404,249
FP1-EXP0004-C-282-ROBUST_1-R1500-T5-U9-PD2500-6500-RB20700-BU2-FL6000,ROBUST_1,20700,2,6000,1,1,1581,1,1213,5,173,526
FP1-EXP0004-C-283-ROBUST_1-R1500-T5-U9-PD2500-6500-RB20700-BU2-FL30000,ROBUST_1,20700,2,30000,1,1,636,1,526,5,636,526
FP1-EXP0004-C-284-ROBUST_1-R1500-T5-U9-PD2500-6500-RB20700-BU2-FL93000,ROBUST_1,20700,2,93000,1,1,636,1,526,5,636,526
FP1-EXP0004-C-285-ROBUST_1-R1500-T5-U9-PD2500-6500-RB20700-BU2-FL185000,ROBUST_1,20700,2,185000,0,0,,0,,4,33,-48
FP1-EXP0004-C-286-ROBUST_1-R1500-T5-U9-PD2500-6500-RB20700-BU3-FL0,ROBUST_1,20700,3,0,2,1,636,1,526,4,97,221
FP1-EXP0004-C-287-ROBUST_1-R1500-T5-U9-PD2500-6500-RB20700-BU3-FL6000,ROBUST_1,20700,3,6000,1,1,636,1,526,5,636,526
FP1-EXP0004-C-288-ROBUST_1-R1500-T5-U9-PD2500-6500-RB20700-BU3-FL30000,ROBUST_1,20700,3,30000,1,1,636,1,526,5,636,526
FP1-EXP0004-C-289-ROBUST_1-R1500-T5-U9-PD2500-6500-RB20700-BU3-FL93000,ROBUST_1,20700,3,93000,1,1,636,1,526,5,636,526
FP1-EXP0004-C-290-ROBUST_1-R1500-T5-U9-PD2500-6500-RB20700-BU3-FL185000,ROBUST_1,20700,3,185000,0,0,,0,,4,33,-48
FP1-EXP0004-C-291-ROBUST_1-R1500-T5-U9-PD2500-6500-RB20700-BU4-FL0,ROBUST_1,20700,4,0,2,1,-220,1,-321,4,173,-47
FP1-EXP0004-C-292-ROBUST_1-R1500-T5-U9-PD2500-6500-RB20700-BU4-FL6000,ROBUST_1,20700,4,6000,1,1,-220,1,-321,5,-23,-184
FP1-EXP0004-C-293-ROBUST_1-R1500-T5-U9-PD2500-6500-RB20700-BU4-FL30000,ROBUST_1,20700,4,30000,1,1,-220,1,-321,5,173,-47
FP1-EXP0004-C-294-ROBUST_1-R1500-T5-U9-PD2500-6500-RB20700-BU4-FL93000,ROBUST_1,20700,4,93000,1,0,,0,,5,173,-27
FP1-EXP0004-C-295-ROBUST_1-R1500-T5-U9-PD2500-6500-RB20700-BU4-FL185000,ROBUST_1,20700,4,185000,0,0,,0,,4,-569,-622
FP1-EXP0004-C-296-ROBUST_1-R1500-T5-U9-PD2500-6500-RB20700-BU8-FL0,ROBUST_1,20700,8,0,0,0,,0,,3,-394,-471
FP1-EXP0004-C-297-ROBUST_1-R1500-T5-U9-PD2500-6500-RB20700-BU8-FL6000,ROBUST_1,20700,8,6000,0,0,,0,,4,-394,-471
FP1-EXP0004-C-298-ROBUST_1-R1500-T5-U9-PD2500-6500-RB20700-BU8-FL30000,ROBUST_1,20700,8,30000,0,0,,0,,4,-394,-471
FP1-EXP0004-C-299-ROBUST_1-R1500-T5-U9-PD2500-6500-RB20700-BU8-FL93000,ROBUST_1,20700,8,93000,0,0,,0,,4,-569,-622
FP1-EXP0004-C-300-ROBUST_1-R1500-T5-U9-PD2500-6500-RB20700-BU8-FL185000,ROBUST_1,20700,8,185000,0,0,,0,,3,-569,-622
FP1-EXP0004-C-301-ROBUST_2-R2000-T3-U5-PD2500-6500-RB200-BU1-FL0,ROBUST_2,200,1,0,57,38,247,25,468,3,238,41
FP1-EXP0004-C-302-ROBUST_2-R2000-T3-U5-PD2500-6500-RB200-BU1-FL6000,ROBUST_2,200,1,6000,55,36,238,23,468,4,165,42
FP1-EXP0004-C-303-ROBUST_2-R2000-T3-U5-PD2500-6500-RB200-BU1-FL30000,ROBUST_2,200,1,30000,41,26,84,21,22,4,179,245
FP1-EXP0004-C-304-ROBUST_2-R2000-T3-U5-PD2500-6500-RB200-BU1-FL93000,ROBUST_2,200,1,93000,18,12,636,10,477,4,360,249
FP1-EXP0004-C-305-ROBUST_2-R2000-T3-U5-PD2500-6500-RB200-BU1-FL185000,ROBUST_2,200,1,185000,4,2,-8438,2,-8072,3,-8438,-8072
FP1-EXP0004-C-306-ROBUST_2-R2000-T3-U5-PD2500-6500-RB200-BU2-FL0,ROBUST_2,200,2,0,52,32,247,24,41,4,247,265
FP1-EXP0004-C-307-ROBUST_2-R2000-T3-U5-PD2500-6500-RB200-BU2-FL6000,ROBUST_2,200,2,6000,50,31,247,23,63,5,238,63
FP1-EXP0004-C-308-ROBUST_2-R2000-T3-U5-PD2500-6500-RB200-BU2-FL30000,ROBUST_2,200,2,30000,39,24,120,20,22,5,120,63
FP1-EXP0004-C-309-ROBUST_2-R2000-T3-U5-PD2500-6500-RB200-BU2-FL93000,ROBUST_2,200,2,93000,18,12,636,10,477,5,636,477
FP1-EXP0004-C-310-ROBUST_2-R2000-T3-U5-PD2500-6500-RB200-BU2-FL185000,ROBUST_2,200,2,185000,4,2,-8438,2,-8072,4,-8438,-8072
FP1-EXP0004-C-311-ROBUST_2-R2000-T3-U5-PD2500-6500-RB200-BU3-FL0,ROBUST_2,200,3,0,37,23,377,16,504,4,251,380
FP1-EXP0004-C-312-ROBUST_2-R2000-T3-U5-PD2500-6500-RB200-BU3-FL6000,ROBUST_2,200,3,6000,35,22,377,16,504,5,247,504
FP1-EXP0004-C-313-ROBUST_2-R2000-T3-U5-PD2500-6500-RB200-BU3-FL30000,ROBUST_2,200,3,30000,32,20,120,17,504,5,120,477
FP1-EXP0004-C-314-ROBUST_2-R2000-T3-U5-PD2500-6500-RB200-BU3-FL93000,ROBUST_2,200,3,93000,17,12,636,10,477,5,636,477
FP1-EXP0004-C-315-ROBUST_2-R2000-T3-U5-PD2500-6500-RB200-BU3-FL185000,ROBUST_2,200,3,185000,4,2,-8438,2,-8072,4,-4503,-4347
FP1-EXP0004-C-316-ROBUST_2-R2000-T3-U5-PD2500-6500-RB200-BU4-FL0,ROBUST_2,200,4,0,29,15,120,12,620,4,120,562
FP1-EXP0004-C-317-ROBUST_2-R2000-T3-U5-PD2500-6500-RB200-BU4-FL6000,ROBUST_2,200,4,6000,27,15,120,12,620,5,120,620
FP1-EXP0004-C-318-ROBUST_2-R2000-T3-U5-PD2500-6500-RB200-BU4-FL30000,ROBUST_2,200,4,30000,25,14,78,12,620,5,120,620
FP1-EXP0004-C-319-ROBUST_2-R2000-T3-U5-PD2500-6500-RB200-BU4-FL93000,ROBUST_2,200,4,93000,13,7,790,6,929,5,250,477
FP1-EXP0004-C-320-ROBUST_2-R2000-T3-U5-PD2500-6500-RB200-BU4-FL185000,ROBUST_2,200,4,185000,3,1,-569,1,-622,4,-569,-622
FP1-EXP0004-C-321-ROBUST_2-R2000-T3-U5-PD2500-6500-RB200-BU8-FL0,ROBUST_2,200,8,0,10,8,-133,6,-338,3,-133,-338
FP1-EXP0004-C-322-ROBUST_2-R2000-T3-U5-PD2500-6500-RB200-BU8-FL6000,ROBUST_2,200,8,6000,10,8,-133,6,-338,4,-133,-338
FP1-EXP0004-C-323-ROBUST_2-R2000-T3-U5-PD2500-6500-RB200-BU8-FL30000,ROBUST_2,200,8,30000,9,8,-133,6,-338,4,-27,-332
FP1-EXP0004-C-324-ROBUST_2-R2000-T3-U5-PD2500-6500-RB200-BU8-FL93000,ROBUST_2,200,8,93000,7,6,250,5,-327,4,58,-332
FP1-EXP0004-C-325-ROBUST_2-R2000-T3-U5-PD2500-6500-RB200-BU8-FL185000,ROBUST_2,200,8,185000,1,1,-569,1,-622,3,-569,-622
FP1-EXP0004-C-326-ROBUST_2-R2000-T3-U5-PD2500-6500-RB500-BU1-FL0,ROBUST_2,500,1,0,52,31,84,24,22,4,117,114
FP1-EXP0004-C-327-ROBUST_2-R2000-T3-U5-PD2500-6500-RB500-BU1-FL6000,ROBUST_2,500,1,6000,50,29,84,22,22,5,84,63
FP1-EXP0004-C-328-ROBUST_2-R2000-T3-U5-PD2500-6500-RB500-BU1-FL30000,ROBUST_2,500,1,30000,40,25,84,20,-70,5,84,22
FP1-EXP0004-C-329-ROBUST_2-R2000-T3-U5-PD2500-6500-RB500-BU1-FL93000,ROBUST_2,500,1,93000,18,12,636,10,477,5,636,477
FP1-EXP0004-C-330-ROBUST_2-R2000-T3-U5-PD2500-6500-RB500-BU1-FL185000,ROBUST_2,500,1,185000,4,2,-8438,2,-8072,4,-8438,-8072
FP1-EXP0004-C-331-ROBUST_2-R2000-T3-U5-PD2500-6500-RB500-BU2-FL0,ROBUST_2,500,2,0,48,29,150,23,63,5,150,63
FP1-EXP0004-C-332-ROBUST_2-R2000-T3-U5-PD2500-6500-RB500-BU2-FL6000,ROBUST_2,500,2,6000,46,28,84,22,63,6,150,63
FP1-EXP0004-C-333-ROBUST_2-R2000-T3-U5-PD2500-6500-RB500-BU2-FL30000,ROBUST_2,500,2,30000,38,23,120,19,22,6,120,42
FP1-EXP0004-C-334-ROBUST_2-R2000-T3-U5-PD2500-6500-RB500-BU2-FL93000,ROBUST_2,500,2,93000,18,12,636,10,477,6,636,477
FP1-EXP0004-C-335-ROBUST_2-R2000-T3-U5-PD2500-6500-RB500-BU2-FL185000,ROBUST_2,500,2,185000,4,2,-8438,2,-8072,5,-8438,-8072
FP1-EXP0004-C-336-ROBUST_2-R2000-T3-U5-PD2500-6500-RB500-BU3-FL0,ROBUST_2,500,3,0,34,20,256,16,256,5,190,256
FP1-EXP0004-C-337-ROBUST_2-R2000-T3-U5-PD2500-6500-RB500-BU3-FL6000,ROBUST_2,500,3,6000,32,20,256,16,256,6,155,256
FP1-EXP0004-C-338-ROBUST_2-R2000-T3-U5-PD2500-6500-RB500-BU3-FL30000,ROBUST_2,500,3,30000,31,19,120,16,256,6,120,366
FP1-EXP0004-C-339-ROBUST_2-R2000-T3-U5-PD2500-6500-RB500-BU3-FL93000,ROBUST_2,500,3,93000,17,12,636,10,477,6,636,477
FP1-EXP0004-C-340-ROBUST_2-R2000-T3-U5-PD2500-6500-RB500-BU3-FL185000,ROBUST_2,500,3,185000,4,2,-8438,2,-8072,5,-8438,-8072
FP1-EXP0004-C-341-ROBUST_2-R2000-T3-U5-PD2500-6500-RB500-BU4-FL0,ROBUST_2,500,4,0,28,15,120,12,620,5,120,620
FP1-EXP0004-C-342-ROBUST_2-R2000-T3-U5-PD2500-6500-RB500-BU4-FL6000,ROBUST_2,500,4,6000,26,15,120,12,620,6,120,620
FP1-EXP0004-C-343-ROBUST_2-R2000-T3-U5-PD2500-6500-RB500-BU4-FL30000,ROBUST_2,500,4,30000,25,14,78,12,620,6,99,620
FP1-EXP0004-C-344-ROBUST_2-R2000-T3-U5-PD2500-6500-RB500-BU4-FL93000,ROBUST_2,500,4,93000,13,7,790,6,929,6,443,548
FP1-EXP0004-C-345-ROBUST_2-R2000-T3-U5-PD2500-6500-RB500-BU4-FL185000,ROBUST_2,500,4,185000,3,1,-569,1,-622,5,-569,-622
FP1-EXP0004-C-346-ROBUST_2-R2000-T3-U5-PD2500-6500-RB500-BU8-FL0,ROBUST_2,500,8,0,10,8,-133,6,-338,4,-133,-338
FP1-EXP0004-C-347-ROBUST_2-R2000-T3-U5-PD2500-6500-RB500-BU8-FL6000,ROBUST_2,500,8,6000,10,8,-133,6,-338,5,-133,-338
FP1-EXP0004-C-348-ROBUST_2-R2000-T3-U5-PD2500-6500-RB500-BU8-FL30000,ROBUST_2,500,8,30000,9,8,-133,6,-338,5,-133,-338
FP1-EXP0004-C-349-ROBUST_2-R2000-T3-U5-PD2500-6500-RB500-BU8-FL93000,ROBUST_2,500,8,93000,7,6,250,5,-327,5,250,-327
FP1-EXP0004-C-350-ROBUST_2-R2000-T3-U5-PD2500-6500-RB500-BU8-FL185000,ROBUST_2,500,8,185000,1,1,-569,1,-622,4,-569,-622
FP1-EXP0004-C-351-ROBUST_2-R2000-T3-U5-PD2500-6500-RB800-BU1-FL0,ROBUST_2,800,1,0,49,28,84,21,166,4,117,105
FP1-EXP0004-C-352-ROBUST_2-R2000-T3-U5-PD2500-6500-RB800-BU1-FL6000,ROBUST_2,800,1,6000,47,26,84,19,166,5,84,166
FP1-EXP0004-C-353-ROBUST_2-R2000-T3-U5-PD2500-6500-RB800-BU1-FL30000,ROBUST_2,800,1,30000,39,24,84,19,22,5,120,166
FP1-EXP0004-C-354-ROBUST_2-R2000-T3-U5-PD2500-6500-RB800-BU1-FL93000,ROBUST_2,800,1,93000,18,12,636,10,477,5,546,79
FP1-EXP0004-C-355-ROBUST_2-R2000-T3-U5-PD2500-6500-RB800-BU1-FL185000,ROBUST_2,800,1,185000,4,2,-8438,2,-8072,4,-8438,-8072
FP1-EXP0004-C-356-ROBUST_2-R2000-T3-U5-PD2500-6500-RB800-BU2-FL0,ROBUST_2,800,2,0,45,26,150,19,166,5,150,166
FP1-EXP0004-C-357-ROBUST_2-R2000-T3-U5-PD2500-6500-RB800-BU2-FL6000,ROBUST_2,800,2,6000,43,25,150,18,166,6,135,166
FP1-EXP0004-C-358-ROBUST_2-R2000-T3-U5-PD2500-6500-RB800-BU2-FL30000,ROBUST_2,800,2,30000,37,23,120,18,22,6,135,211
FP1-EXP0004-C-359-ROBUST_2-R2000-T3-U5-PD2500-6500-RB800-BU2-FL93000,ROBUST_2,800,2,93000,18,12,636,10,477,6,591,278
FP1-EXP0004-C-360-ROBUST_2-R2000-T3-U5-PD2500-6500-RB800-BU2-FL185000,ROBUST_2,800,2,185000,4,2,-8438,2,-8072,5,-8438,-8072
FP1-EXP0004-C-361-ROBUST_2-R2000-T3-U5-PD2500-6500-RB800-BU3-FL0,ROBUST_2,800,3,0,34,20,190,17,256,5,190,256
FP1-EXP0004-C-362-ROBUST_2-R2000-T3-U5-PD2500-6500-RB800-BU3-FL6000,ROBUST_2,800,3,6000,32,20,190,17,256,6,170,256
FP1-EXP0004-C-363-ROBUST_2-R2000-T3-U5-PD2500-6500-RB800-BU3-FL30000,ROBUST_2,800,3,30000,31,19,120,16,256,6,155,366
FP1-EXP0004-C-364-ROBUST_2-R2000-T3-U5-PD2500-6500-RB800-BU3-FL93000,ROBUST_2,800,3,93000,17,12,636,10,477,6,591,366
FP1-EXP0004-C-365-ROBUST_2-R2000-T3-U5-PD2500-6500-RB800-BU3-FL185000,ROBUST_2,800,3,185000,4,2,-8438,2,-8072,5,-8438,-8072
FP1-EXP0004-C-366-ROBUST_2-R2000-T3-U5-PD2500-6500-RB800-BU4-FL0,ROBUST_2,800,4,0,27,14,120,12,620,5,120,620
FP1-EXP0004-C-367-ROBUST_2-R2000-T3-U5-PD2500-6500-RB800-BU4-FL6000,ROBUST_2,800,4,6000,25,14,120,12,620,6,120,620
FP1-EXP0004-C-368-ROBUST_2-R2000-T3-U5-PD2500-6500-RB800-BU4-FL30000,ROBUST_2,800,4,30000,25,14,78,12,620,6,120,620
FP1-EXP0004-C-369-ROBUST_2-R2000-T3-U5-PD2500-6500-RB800-BU4-FL93000,ROBUST_2,800,4,93000,13,7,790,6,929,6,398,278
FP1-EXP0004-C-370-ROBUST_2-R2000-T3-U5-PD2500-6500-RB800-BU4-FL185000,ROBUST_2,800,4,185000,3,1,-569,1,-622,5,-569,-622
FP1-EXP0004-C-371-ROBUST_2-R2000-T3-U5-PD2500-6500-RB800-BU8-FL0,ROBUST_2,800,8,0,10,8,-133,6,-338,4,-6,141
FP1-EXP0004-C-372-ROBUST_2-R2000-T3-U5-PD2500-6500-RB800-BU8-FL6000,ROBUST_2,800,8,6000,10,8,-133,6,-338,5,-133,-338
FP1-EXP0004-C-373-ROBUST_2-R2000-T3-U5-PD2500-6500-RB800-BU8-FL30000,ROBUST_2,800,8,30000,9,8,-133,6,-338,5,78,-327
FP1-EXP0004-C-374-ROBUST_2-R2000-T3-U5-PD2500-6500-RB800-BU8-FL93000,ROBUST_2,800,8,93000,7,6,250,5,-327,5,250,-327
FP1-EXP0004-C-375-ROBUST_2-R2000-T3-U5-PD2500-6500-RB800-BU8-FL185000,ROBUST_2,800,8,185000,1,1,-569,1,-622,4,-569,-622
FP1-EXP0004-C-376-ROBUST_2-R2000-T3-U5-PD2500-6500-RB2300-BU1-FL0,ROBUST_2,2300,1,0,31,15,546,14,44,4,359,556
FP1-EXP0004-C-377-ROBUST_2-R2000-T3-U5-PD2500-6500-RB2300-BU1-FL6000,ROBUST_2,2300,1,6000,28,12,546,11,587,5,483,526
FP1-EXP0004-C-378-ROBUST_2-R2000-T3-U5-PD2500-6500-RB2300-BU1-FL30000,ROBUST_2,2300,1,30000,24,12,483,10,587,5,546,79
FP1-EXP0004-C-379-ROBUST_2-R2000-T3-U5-PD2500-6500-RB2300-BU1-FL93000,ROBUST_2,2300,1,93000,16,10,546,8,79,5,483,79
FP1-EXP0004-C-380-ROBUST_2-R2000-T3-U5-PD2500-6500-RB2300-BU1-FL185000,ROBUST_2,2300,1,185000,4,2,-8438,2,-8072,4,-8438,-8072
FP1-EXP0004-C-381-ROBUST_2-R2000-T3-U5-PD2500-6500-RB2300-BU2-FL0,ROBUST_2,2300,2,0,26,12,645,10,587,5,546,166
FP1-EXP0004-C-382-ROBUST_2-R2000-T3-U5-PD2500-6500-RB2300-BU2-FL6000,ROBUST_2,2300,2,6000,23,10,645,8,826,6,546,587
FP1-EXP0004-C-383-ROBUST_2-R2000-T3-U5-PD2500-6500-RB2300-BU2-FL30000,ROBUST_2,2300,2,30000,21,10,546,8,587,6,514,526
FP1-EXP0004-C-384-ROBUST_2-R2000-T3-U5-PD2500-6500-RB2300-BU2-FL93000,ROBUST_2,2300,2,93000,16,10,546,8,79,6,546,79
FP1-EXP0004-C-385-ROBUST_2-R2000-T3-U5-PD2500-6500-RB2300-BU2-FL185000,ROBUST_2,2300,2,185000,4,2,-8438,2,-8072,5,-8438,-8072
FP1-EXP0004-C-386-ROBUST_2-R2000-T3-U5-PD2500-6500-RB2300-BU3-FL0,ROBUST_2,2300,3,0,21,11,546,9,526,5,483,526
FP1-EXP0004-C-387-ROBUST_2-R2000-T3-U5-PD2500-6500-RB2300-BU3-FL6000,ROBUST_2,2300,3,6000,18,10,546,8,526,6,514,526
FP1-EXP0004-C-388-ROBUST_2-R2000-T3-U5-PD2500-6500-RB2300-BU3-FL30000,ROBUST_2,2300,3,30000,18,10,546,8,526,6,514,526
FP1-EXP0004-C-389-ROBUST_2-R2000-T3-U5-PD2500-6500-RB2300-BU3-FL93000,ROBUST_2,2300,3,93000,15,10,546,8,79,6,546,79
FP1-EXP0004-C-390-ROBUST_2-R2000-T3-U5-PD2500-6500-RB2300-BU3-FL185000,ROBUST_2,2300,3,185000,4,2,-8438,2,-8072,5,-8438,-8072
FP1-EXP0004-C-391-ROBUST_2-R2000-T3-U5-PD2500-6500-RB2300-BU4-FL0,ROBUST_2,2300,4,0,17,8,483,7,826,5,250,620
FP1-EXP0004-C-392-ROBUST_2-R2000-T3-U5-PD2500-6500-RB2300-BU4-FL6000,ROBUST_2,2300,4,6000,16,8,483,7,826,6,366,723
FP1-EXP0004-C-393-ROBUST_2-R2000-T3-U5-PD2500-6500-RB2300-BU4-FL30000,ROBUST_2,2300,4,30000,16,8,483,7,826,6,366,573
FP1-EXP0004-C-394-ROBUST_2-R2000-T3-U5-PD2500-6500-RB2300-BU4-FL93000,ROBUST_2,2300,4,93000,13,7,546,6,79,6,366,26
FP1-EXP0004-C-395-ROBUST_2-R2000-T3-U5-PD2500-6500-RB2300-BU4-FL185000,ROBUST_2,2300,4,185000,3,1,-569,1,-622,5,-569,-622
FP1-EXP0004-C-396-ROBUST_2-R2000-T3-U5-PD2500-6500-RB2300-BU8-FL0,ROBUST_2,2300,8,0,8,6,250,5,826,4,58,244
FP1-EXP0004-C-397-ROBUST_2-R2000-T3-U5-PD2500-6500-RB2300-BU8-FL6000,ROBUST_2,2300,8,6000,8,6,250,5,826,5,250,826
FP1-EXP0004-C-398-ROBUST_2-R2000-T3-U5-PD2500-6500-RB2300-BU8-FL30000,ROBUST_2,2300,8,30000,7,6,250,5,826,5,250,-327
FP1-EXP0004-C-399-ROBUST_2-R2000-T3-U5-PD2500-6500-RB2300-BU8-FL93000,ROBUST_2,2300,8,93000,7,6,250,5,-327,5,250,-327
FP1-EXP0004-C-400-ROBUST_2-R2000-T3-U5-PD2500-6500-RB2300-BU8-FL185000,ROBUST_2,2300,8,185000,1,1,-569,1,-622,4,-569,-622
FP1-EXP0004-C-401-ROBUST_2-R2000-T3-U5-PD2500-6500-RB7300-BU1-FL0,ROBUST_2,7300,1,0,13,7,173,7,526,4,359,285
FP1-EXP0004-C-402-ROBUST_2-R2000-T3-U5-PD2500-6500-RB7300-BU1-FL6000,ROBUST_2,7300,1,6000,13,7,173,7,526,5,173,587
FP1-EXP0004-C-403-ROBUST_2-R2000-T3-U5-PD2500-6500-RB7300-BU1-FL30000,ROBUST_2,7300,1,30000,10,6,22,6,-27,5,173,526
FP1-EXP0004-C-404-ROBUST_2-R2000-T3-U5-PD2500-6500-RB7300-BU1-FL93000,ROBUST_2,7300,1,93000,6,4,173,3,-27,5,173,-27
FP1-EXP0004-C-405-ROBUST_2-R2000-T3-U5-PD2500-6500-RB7300-BU1-FL185000,ROBUST_2,7300,1,185000,2,2,-8438,2,-8072,4,-8438,-8072
FP1-EXP0004-C-406-ROBUST_2-R2000-T3-U5-PD2500-6500-RB7300-BU2-FL0,ROBUST_2,7300,2,0,11,6,22,6,-27,5,173,587
FP1-EXP0004-C-407-ROBUST_2-R2000-T3-U5-PD2500-6500-RB7300-BU2-FL6000,ROBUST_2,7300,2,6000,10,5,173,5,1213,6,173,526
FP1-EXP0004-C-408-ROBUST_2-R2000-T3-U5-PD2500-6500-RB7300-BU2-FL30000,ROBUST_2,7300,2,30000,8,5,120,5,526,6,146,526
FP1-EXP0004-C-409-ROBUST_2-R2000-T3-U5-PD2500-6500-RB7300-BU2-FL93000,ROBUST_2,7300,2,93000,6,4,173,3,-27,6,173,26
FP1-EXP0004-C-410-ROBUST_2-R2000-T3-U5-PD2500-6500-RB7300-BU2-FL185000,ROBUST_2,7300,2,185000,2,2,-8438,2,-8072,5,-8438,-8072
FP1-EXP0004-C-411-ROBUST_2-R2000-T3-U5-PD2500-6500-RB7300-BU3-FL0,ROBUST_2,7300,3,0,10,5,173,5,526,5,173,526
FP1-EXP0004-C-412-ROBUST_2-R2000-T3-U5-PD2500-6500-RB7300-BU3-FL6000,ROBUST_2,7300,3,6000,8,5,173,5,526,6,173,526
FP1-EXP0004-C-413-ROBUST_2-R2000-T3-U5-PD2500-6500-RB7300-BU3-FL30000,ROBUST_2,7300,3,30000,8,5,120,5,526,6,146,526
FP1-EXP0004-C-414-ROBUST_2-R2000-T3-U5-PD2500-6500-RB7300-BU3-FL93000,ROBUST_2,7300,3,93000,6,4,173,3,-27,6,173,26
FP1-EXP0004-C-415-ROBUST_2-R2000-T3-U5-PD2500-6500-RB7300-BU3-FL185000,ROBUST_2,7300,3,185000,2,2,-8438,2,-8072,5,-4503,-4347
FP1-EXP0004-C-416-ROBUST_2-R2000-T3-U5-PD2500-6500-RB7300-BU4-FL0,ROBUST_2,7300,4,0,8,4,120,3,-27,5,120,-27
FP1-EXP0004-C-417-ROBUST_2-R2000-T3-U5-PD2500-6500-RB7300-BU4-FL6000,ROBUST_2,7300,4,6000,7,4,120,3,-27,6,120,-27
FP1-EXP0004-C-418-ROBUST_2-R2000-T3-U5-PD2500-6500-RB7300-BU4-FL30000,ROBUST_2,7300,4,30000,7,4,120,3,-27,6,120,-27
FP1-EXP0004-C-419-ROBUST_2-R2000-T3-U5-PD2500-6500-RB7300-BU4-FL93000,ROBUST_2,7300,4,93000,5,2,173,1,-27,6,120,-27
FP1-EXP0004-C-420-ROBUST_2-R2000-T3-U5-PD2500-6500-RB7300-BU4-FL185000,ROBUST_2,7300,4,185000,1,1,-569,1,-622,5,-569,-622
FP1-EXP0004-C-421-ROBUST_2-R2000-T3-U5-PD2500-6500-RB7300-BU8-FL0,ROBUST_2,7300,8,0,4,2,-569,1,-622,4,120,-27
FP1-EXP0004-C-422-ROBUST_2-R2000-T3-U5-PD2500-6500-RB7300-BU8-FL6000,ROBUST_2,7300,8,6000,4,2,-569,1,-622,5,-224,-324
FP1-EXP0004-C-423-ROBUST_2-R2000-T3-U5-PD2500-6500-RB7300-BU8-FL30000,ROBUST_2,7300,8,30000,3,2,-569,1,-622,5,-224,-324
FP1-EXP0004-C-424-ROBUST_2-R2000-T3-U5-PD2500-6500-RB7300-BU8-FL93000,ROBUST_2,7300,8,93000,3,2,-569,1,-622,5,-198,-474
FP1-EXP0004-C-425-ROBUST_2-R2000-T3-U5-PD2500-6500-RB7300-BU8-FL185000,ROBUST_2,7300,8,185000,1,1,-569,1,-622,4,-569,-622
FP1-EXP0004-C-426-ROBUST_2-R2000-T3-U5-PD2500-6500-RB20700-BU1-FL0,ROBUST_2,20700,1,0,5,3,923,3,1836,3,645,1213
FP1-EXP0004-C-427-ROBUST_2-R2000-T3-U5-PD2500-6500-RB20700-BU1-FL6000,ROBUST_2,20700,1,6000,5,3,645,3,1535,4,409,1086
FP1-EXP0004-C-428-ROBUST_2-R2000-T3-U5-PD2500-6500-RB20700-BU1-FL30000,ROBUST_2,20700,1,30000,5,3,120,3,960,4,378,526
FP1-EXP0004-C-429-ROBUST_2-R2000-T3-U5-PD2500-6500-RB20700-BU1-FL93000,ROBUST_2,20700,1,93000,1,1,636,1,526,4,173,526
FP1-EXP0004-C-430-ROBUST_2-R2000-T3-U5-PD2500-6500-RB20700-BU1-FL185000,ROBUST_2,20700,1,185000,0,0,,0,,3,-3901,-3773
FP1-EXP0004-C-431-ROBUST_2-R2000-T3-U5-PD2500-6500-RB20700-BU2-FL0,ROBUST_2,20700,2,0,4,3,645,3,1213,4,511,869
FP1-EXP0004-C-432-ROBUST_2-R2000-T3-U5-PD2500-6500-RB20700-BU2-FL6000,ROBUST_2,20700,2,6000,3,2,645,2,1213,5,377,1213
FP1-EXP0004-C-433-ROBUST_2-R2000-T3-U5-PD2500-6500-RB20700-BU2-FL30000,ROBUST_2,20700,2,30000,3,2,120,2,526,5,120,526
FP1-EXP0004-C-434-ROBUST_2-R2000-T3-U5-PD2500-6500-RB20700-BU2-FL93000,ROBUST_2,20700,2,93000,1,1,636,1,526,5,404,526
FP1-EXP0004-C-435-ROBUST_2-R2000-T3-U5-PD2500-6500-RB20700-BU2-FL185000,ROBUST_2,20700,2,185000,0,0,,0,,4,-3901,-3773
FP1-EXP0004-C-436-ROBUST_2-R2000-T3-U5-PD2500-6500-RB20700-BU3-FL0,ROBUST_2,20700,3,0,4,2,377,2,526,4,275,526
FP1-EXP0004-C-437-ROBUST_2-R2000-T3-U5-PD2500-6500-RB20700-BU3-FL6000,ROBUST_2,20700,3,6000,3,2,377,2,526,5,173,526
FP1-EXP0004-C-438-ROBUST_2-R2000-T3-U5-PD2500-6500-RB20700-BU3-FL30000,ROBUST_2,20700,3,30000,3,2,120,2,526,5,120,526
FP1-EXP0004-C-439-ROBUST_2-R2000-T3-U5-PD2500-6500-RB20700-BU3-FL93000,ROBUST_2,20700,3,93000,1,1,636,1,526,5,173,526
FP1-EXP0004-C-440-ROBUST_2-R2000-T3-U5-PD2500-6500-RB20700-BU3-FL185000,ROBUST_2,20700,3,185000,0,0,,0,,4,-3901,-3773
FP1-EXP0004-C-441-ROBUST_2-R2000-T3-U5-PD2500-6500-RB20700-BU4-FL0,ROBUST_2,20700,4,0,4,2,-220,2,-321,4,120,-27
FP1-EXP0004-C-442-ROBUST_2-R2000-T3-U5-PD2500-6500-RB20700-BU4-FL6000,ROBUST_2,20700,4,6000,3,2,-220,2,-321,5,-50,-174
FP1-EXP0004-C-443-ROBUST_2-R2000-T3-U5-PD2500-6500-RB20700-BU4-FL30000,ROBUST_2,20700,4,30000,3,2,-220,2,-321,5,120,-27
FP1-EXP0004-C-444-ROBUST_2-R2000-T3-U5-PD2500-6500-RB20700-BU4-FL93000,ROBUST_2,20700,4,93000,1,0,,0,,5,173,-27
FP1-EXP0004-C-445-ROBUST_2-R2000-T3-U5-PD2500-6500-RB20700-BU4-FL185000,ROBUST_2,20700,4,185000,0,0,,0,,4,-569,-622
FP1-EXP0004-C-446-ROBUST_2-R2000-T3-U5-PD2500-6500-RB20700-BU8-FL0,ROBUST_2,20700,8,0,1,0,,0,,3,-394,-471
FP1-EXP0004-C-447-ROBUST_2-R2000-T3-U5-PD2500-6500-RB20700-BU8-FL6000,ROBUST_2,20700,8,6000,1,0,,0,,4,-394,-471
FP1-EXP0004-C-448-ROBUST_2-R2000-T3-U5-PD2500-6500-RB20700-BU8-FL30000,ROBUST_2,20700,8,30000,0,0,,0,,4,-394,-471
FP1-EXP0004-C-449-ROBUST_2-R2000-T3-U5-PD2500-6500-RB20700-BU8-FL93000,ROBUST_2,20700,8,93000,0,0,,0,,4,-569,-622
FP1-EXP0004-C-450-ROBUST_2-R2000-T3-U5-PD2500-6500-RB20700-BU8-FL185000,ROBUST_2,20700,8,185000,0,0,,0,,3,-569,-622
FP1-EXP0004-C-451-ROBUST_3-R5000-T3-U2-PD2500-6500-RB200-BU1-FL0,ROBUST_3,200,1,0,52,29,154,19,529,3,150,748
FP1-EXP0004-C-452-ROBUST_3-R5000-T3-U2-PD2500-6500-RB200-BU1-FL6000,ROBUST_3,200,1,6000,45,25,150,17,748,4,116,638
FP1-EXP0004-C-453-ROBUST_3-R5000-T3-U2-PD2500-6500-RB200-BU1-FL30000,ROBUST_3,200,1,30000,30,15,78,13,517,4,114,517
FP1-EXP0004-C-454-ROBUST_3-R5000-T3-U2-PD2500-6500-RB200-BU1-FL93000,ROBUST_3,200,1,93000,16,10,305,9,477,4,191,477
FP1-EXP0004-C-455-ROBUST_3-R5000-T3-U2-PD2500-6500-RB200-BU1-FL185000,ROBUST_3,200,1,185000,5,2,-8438,2,-8072,3,-8438,-8072
FP1-EXP0004-C-456-ROBUST_3-R5000-T3-U2-PD2500-6500-RB200-BU2-FL0,ROBUST_3,200,2,0,43,23,247,17,748,4,196,638
FP1-EXP0004-C-457-ROBUST_3-R5000-T3-U2-PD2500-6500-RB200-BU2-FL6000,ROBUST_3,200,2,6000,39,21,238,15,748,5,150,748
FP1-EXP0004-C-458-ROBUST_3-R5000-T3-U2-PD2500-6500-RB200-BU2-FL30000,ROBUST_3,200,2,30000,29,14,78,12,517,5,78,517
FP1-EXP0004-C-459-ROBUST_3-R5000-T3-U2-PD2500-6500-RB200-BU2-FL93000,ROBUST_3,200,2,93000,16,10,305,9,477,5,305,477
FP1-EXP0004-C-460-ROBUST_3-R5000-T3-U2-PD2500-6500-RB200-BU2-FL185000,ROBUST_3,200,2,185000,5,2,-8438,2,-8072,4,-8438,-8072
FP1-EXP0004-C-461-ROBUST_3-R5000-T3-U2-PD2500-6500-RB200-BU3-FL0,ROBUST_3,200,3,0,30,18,238,13,526,4,251,573
FP1-EXP0004-C-462-ROBUST_3-R5000-T3-U2-PD2500-6500-RB200-BU3-FL6000,ROBUST_3,200,3,6000,28,17,256,13,526,5,238,526
FP1-EXP0004-C-463-ROBUST_3-R5000-T3-U2-PD2500-6500-RB200-BU3-FL30000,ROBUST_3,200,3,30000,23,13,78,12,256,5,78,517
FP1-EXP0004-C-464-ROBUST_3-R5000-T3-U2-PD2500-6500-RB200-BU3-FL93000,ROBUST_3,200,3,93000,15,10,305,9,477,5,305,477
FP1-EXP0004-C-465-ROBUST_3-R5000-T3-U2-PD2500-6500-RB200-BU3-FL185000,ROBUST_3,200,3,185000,5,2,-8438,2,-8072,4,-4503,-4347
FP1-EXP0004-C-466-ROBUST_3-R5000-T3-U2-PD2500-6500-RB200-BU4-FL0,ROBUST_3,200,4,0,25,12,-100,10,620,4,69,573
FP1-EXP0004-C-467-ROBUST_3-R5000-T3-U2-PD2500-6500-RB200-BU4-FL6000,ROBUST_3,200,4,6000,23,12,-100,10,620,5,-100,620
FP1-EXP0004-C-468-ROBUST_3-R5000-T3-U2-PD2500-6500-RB200-BU4-FL30000,ROBUST_3,200,4,30000,19,10,-100,9,620,5,78,620
FP1-EXP0004-C-469-ROBUST_3-R5000-T3-U2-PD2500-6500-RB200-BU4-FL93000,ROBUST_3,200,4,93000,10,5,681,5,1119,5,250,477
FP1-EXP0004-C-470-ROBUST_3-R5000-T3-U2-PD2500-6500-RB200-BU4-FL185000,ROBUST_3,200,4,185000,3,1,-569,1,-622,4,-569,-622
FP1-EXP0004-C-471-ROBUST_3-R5000-T3-U2-PD2500-6500-RB200-BU8-FL0,ROBUST_3,200,8,0,6,5,250,4,-338,3,250,-338
FP1-EXP0004-C-472-ROBUST_3-R5000-T3-U2-PD2500-6500-RB200-BU8-FL6000,ROBUST_3,200,8,6000,6,5,250,4,-338,4,250,-338
FP1-EXP0004-C-473-ROBUST_3-R5000-T3-U2-PD2500-6500-RB200-BU8-FL30000,ROBUST_3,200,8,30000,5,5,250,4,-338,4,250,-338
FP1-EXP0004-C-474-ROBUST_3-R5000-T3-U2-PD2500-6500-RB200-BU8-FL93000,ROBUST_3,200,8,93000,4,4,250,4,-338,4,250,-338
FP1-EXP0004-C-475-ROBUST_3-R5000-T3-U2-PD2500-6500-RB200-BU8-FL185000,ROBUST_3,200,8,185000,1,1,-569,1,-622,3,-569,-622
FP1-EXP0004-C-476-ROBUST_3-R5000-T3-U2-PD2500-6500-RB500-BU1-FL0,ROBUST_3,500,1,0,48,24,150,19,517,4,150,684
FP1-EXP0004-C-477-ROBUST_3-R5000-T3-U2-PD2500-6500-RB500-BU1-FL6000,ROBUST_3,500,1,6000,42,20,0,17,748,5,78,748
FP1-EXP0004-C-478-ROBUST_3-R5000-T3-U2-PD2500-6500-RB500-BU1-FL30000,ROBUST_3,500,1,30000,30,15,78,13,517,5,78,517
FP1-EXP0004-C-479-ROBUST_3-R5000-T3-U2-PD2500-6500-RB500-BU1-FL93000,ROBUST_3,500,1,93000,16,10,305,9,477,5,305,477
FP1-EXP0004-C-480-ROBUST_3-R5000-T3-U2-PD2500-6500-RB500-BU1-FL185000,ROBUST_3,500,1,185000,5,2,-8438,2,-8072,4,-8438,-8072
FP1-EXP0004-C-481-ROBUST_3-R5000-T3-U2-PD2500-6500-RB500-BU2-FL0,ROBUST_3,500,2,0,41,20,150,17,748,5,150,748
FP1-EXP0004-C-482-ROBUST_3-R5000-T3-U2-PD2500-6500-RB500-BU2-FL6000,ROBUST_3,500,2,6000,37,18,0,15,748,6,114,748
FP1-EXP0004-C-483-ROBUST_3-R5000-T3-U2-PD2500-6500-RB500-BU2-FL30000,ROBUST_3,500,2,30000,29,14,78,12,517,6,78,517
FP1-EXP0004-C-484-ROBUST_3-R5000-T3-U2-PD2500-6500-RB500-BU2-FL93000,ROBUST_3,500,2,93000,16,10,305,9,477,6,305,477
FP1-EXP0004-C-485-ROBUST_3-R5000-T3-U2-PD2500-6500-RB500-BU2-FL185000,ROBUST_3,500,2,185000,5,2,-8438,2,-8072,5,-8438,-8072
FP1-EXP0004-C-486-ROBUST_3-R5000-T3-U2-PD2500-6500-RB500-BU3-FL0,ROBUST_3,500,3,0,28,15,256,13,526,5,150,526
FP1-EXP0004-C-487-ROBUST_3-R5000-T3-U2-PD2500-6500-RB500-BU3-FL6000,ROBUST_3,500,3,6000,26,15,256,13,526,6,78,526
FP1-EXP0004-C-488-ROBUST_3-R5000-T3-U2-PD2500-6500-RB500-BU3-FL30000,ROBUST_3,500,3,30000,23,13,78,12,256,6,78,497
FP1-EXP0004-C-489-ROBUST_3-R5000-T3-U2-PD2500-6500-RB500-BU3-FL93000,ROBUST_3,500,3,93000,15,10,305,9,477,6,305,477
FP1-EXP0004-C-490-ROBUST_3-R5000-T3-U2-PD2500-6500-RB500-BU3-FL185000,ROBUST_3,500,3,185000,5,2,-8438,2,-8072,5,-8438,-8072
FP1-EXP0004-C-491-ROBUST_3-R5000-T3-U2-PD2500-6500-RB500-BU4-FL0,ROBUST_3,500,4,0,24,12,-100,10,620,5,78,620
FP1-EXP0004-C-492-ROBUST_3-R5000-T3-U2-PD2500-6500-RB500-BU4-FL6000,ROBUST_3,500,4,6000,22,12,-100,10,620,6,-11,620
FP1-EXP0004-C-493-ROBUST_3-R5000-T3-U2-PD2500-6500-RB500-BU4-FL30000,ROBUST_3,500,4,30000,19,10,-100,9,620,6,-11,620
FP1-EXP0004-C-494-ROBUST_3-R5000-T3-U2-PD2500-6500-RB500-BU4-FL93000,ROBUST_3,500,4,93000,10,5,681,5,1119,6,277,548
FP1-EXP0004-C-495-ROBUST_3-R5000-T3-U2-PD2500-6500-RB500-BU4-FL185000,ROBUST_3,500,4,185000,3,1,-569,1,-622,5,-569,-622
FP1-EXP0004-C-496-ROBUST_3-R5000-T3-U2-PD2500-6500-RB500-BU8-FL0,ROBUST_3,500,8,0,6,5,250,4,-338,4,250,-338
FP1-EXP0004-C-497-ROBUST_3-R5000-T3-U2-PD2500-6500-RB500-BU8-FL6000,ROBUST_3,500,8,6000,6,5,250,4,-338,5,250,-338
FP1-EXP0004-C-498-ROBUST_3-R5000-T3-U2-PD2500-6500-RB500-BU8-FL30000,ROBUST_3,500,8,30000,5,5,250,4,-338,5,250,-338
FP1-EXP0004-C-499-ROBUST_3-R5000-T3-U2-PD2500-6500-RB500-BU8-FL93000,ROBUST_3,500,8,93000,4,4,250,4,-338,5,250,-338
FP1-EXP0004-C-500-ROBUST_3-R5000-T3-U2-PD2500-6500-RB500-BU8-FL185000,ROBUST_3,500,8,185000,1,1,-569,1,-622,4,-569,-622
FP1-EXP0004-C-501-ROBUST_3-R5000-T3-U2-PD2500-6500-RB800-BU1-FL0,ROBUST_3,800,1,0,47,22,150,16,620,4,150,748
FP1-EXP0004-C-502-ROBUST_3-R5000-T3-U2-PD2500-6500-RB800-BU1-FL6000,ROBUST_3,800,1,6000,41,18,78,15,748,5,78,748
FP1-EXP0004-C-503-ROBUST_3-R5000-T3-U2-PD2500-6500-RB800-BU1-FL30000,ROBUST_3,800,1,30000,30,15,78,13,517,5,78,517
FP1-EXP0004-C-504-ROBUST_3-R5000-T3-U2-PD2500-6500-RB800-BU1-FL93000,ROBUST_3,800,1,93000,16,10,305,9,477,5,305,477
FP1-EXP0004-C-505-ROBUST_3-R5000-T3-U2-PD2500-6500-RB800-BU1-FL185000,ROBUST_3,800,1,185000,5,2,-8438,2,-8072,4,-8438,-8072
FP1-EXP0004-C-506-ROBUST_3-R5000-T3-U2-PD2500-6500-RB800-BU2-FL0,ROBUST_3,800,2,0,40,18,150,15,748,5,150,748
FP1-EXP0004-C-507-ROBUST_3-R5000-T3-U2-PD2500-6500-RB800-BU2-FL6000,ROBUST_3,800,2,6000,36,16,78,13,748,6,78,748
FP1-EXP0004-C-508-ROBUST_3-R5000-T3-U2-PD2500-6500-RB800-BU2-FL30000,ROBUST_3,800,2,30000,29,14,78,12,517,6,78,517
FP1-EXP0004-C-509-ROBUST_3-R5000-T3-U2-PD2500-6500-RB800-BU2-FL93000,ROBUST_3,800,2,93000,16,10,305,9,477,6,305,477
FP1-EXP0004-C-510-ROBUST_3-R5000-T3-U2-PD2500-6500-RB800-BU2-FL185000,ROBUST_3,800,2,185000,5,2,-8438,2,-8072,5,-8438,-8072
FP1-EXP0004-C-511-ROBUST_3-R5000-T3-U2-PD2500-6500-RB800-BU3-FL0,ROBUST_3,800,3,0,28,15,78,13,526,5,150,526
FP1-EXP0004-C-512-ROBUST_3-R5000-T3-U2-PD2500-6500-RB800-BU3-FL6000,ROBUST_3,800,3,6000,26,15,78,13,526,6,78,526
FP1-EXP0004-C-513-ROBUST_3-R5000-T3-U2-PD2500-6500-RB800-BU3-FL30000,ROBUST_3,800,3,30000,23,13,78,12,256,6,78,521
FP1-EXP0004-C-514-ROBUST_3-R5000-T3-U2-PD2500-6500-RB800-BU3-FL93000,ROBUST_3,800,3,93000,15,10,305,9,477,6,305,366
FP1-EXP0004-C-515-ROBUST_3-R5000-T3-U2-PD2500-6500-RB800-BU3-FL185000,ROBUST_3,800,3,185000,5,2,-8438,2,-8072,5,-8438,-8072
FP1-EXP0004-C-516-ROBUST_3-R5000-T3-U2-PD2500-6500-RB800-BU4-FL0,ROBUST_3,800,4,0,23,11,78,10,620,5,78,526
FP1-EXP0004-C-517-ROBUST_3-R5000-T3-U2-PD2500-6500-RB800-BU4-FL6000,ROBUST_3,800,4,6000,21,11,78,10,620,6,78,573
FP1-EXP0004-C-518-ROBUST_3-R5000-T3-U2-PD2500-6500-RB800-BU4-FL30000,ROBUST_3,800,4,30000,19,10,-100,9,620,6,164,438
FP1-EXP0004-C-519-ROBUST_3-R5000-T3-U2-PD2500-6500-RB800-BU4-FL93000,ROBUST_3,800,4,93000,10,5,681,5,1119,6,277,278
FP1-EXP0004-C-520-ROBUST_3-R5000-T3-U2-PD2500-6500-RB800-BU4-FL185000,ROBUST_3,800,4,185000,3,1,-569,1,-622,5,-569,-622
FP1-EXP0004-C-521-ROBUST_3-R5000-T3-U2-PD2500-6500-RB800-BU8-FL0,ROBUST_3,800,8,0,6,5,250,4,-338,4,250,-338
FP1-EXP0004-C-522-ROBUST_3-R5000-T3-U2-PD2500-6500-RB800-BU8-FL6000,ROBUST_3,800,8,6000,6,5,250,4,-338,5,250,-338
FP1-EXP0004-C-523-ROBUST_3-R5000-T3-U2-PD2500-6500-RB800-BU8-FL30000,ROBUST_3,800,8,30000,5,5,250,4,-338,5,250,-338
FP1-EXP0004-C-524-ROBUST_3-R5000-T3-U2-PD2500-6500-RB800-BU8-FL93000,ROBUST_3,800,8,93000,4,4,250,4,-338,5,250,-338
FP1-EXP0004-C-525-ROBUST_3-R5000-T3-U2-PD2500-6500-RB800-BU8-FL185000,ROBUST_3,800,8,185000,1,1,-569,1,-622,4,-569,-622
FP1-EXP0004-C-526-ROBUST_3-R5000-T3-U2-PD2500-6500-RB2300-BU1-FL0,ROBUST_3,2300,1,0,38,19,917,15,826,4,316,684
FP1-EXP0004-C-527-ROBUST_3-R5000-T3-U2-PD2500-6500-RB2300-BU1-FL6000,ROBUST_3,2300,1,6000,31,13,483,12,748,5,483,748
FP1-EXP0004-C-528-ROBUST_3-R5000-T3-U2-PD2500-6500-RB2300-BU1-FL30000,ROBUST_3,2300,1,30000,21,10,483,9,587,5,410,517
FP1-EXP0004-C-529-ROBUST_3-R5000-T3-U2-PD2500-6500-RB2300-BU1-FL93000,ROBUST_3,2300,1,93000,14,8,410,7,79,5,305,79
FP1-EXP0004-C-530-ROBUST_3-R5000-T3-U2-PD2500-6500-RB2300-BU1-FL185000,ROBUST_3,2300,1,185000,5,2,-8438,2,-8072,4,-8438,-8072
FP1-EXP0004-C-531-ROBUST_3-R5000-T3-U2-PD2500-6500-RB2300-BU2-FL0,ROBUST_3,2300,2,0,29,12,483,11,748,5,483,748
FP1-EXP0004-C-532-ROBUST_3-R5000-T3-U2-PD2500-6500-RB2300-BU2-FL6000,ROBUST_3,2300,2,6000,25,10,483,9,748,6,483,667
FP1-EXP0004-C-533-ROBUST_3-R5000-T3-U2-PD2500-6500-RB2300-BU2-FL30000,ROBUST_3,2300,2,30000,19,8,636,7,587,6,446,521
FP1-EXP0004-C-534-ROBUST_3-R5000-T3-U2-PD2500-6500-RB2300-BU2-FL93000,ROBUST_3,2300,2,93000,14,8,410,7,79,6,357,79
FP1-EXP0004-C-535-ROBUST_3-R5000-T3-U2-PD2500-6500-RB2300-BU2-FL185000,ROBUST_3,2300,2,185000,5,2,-8438,2,-8072,5,-8438,-8072
FP1-EXP0004-C-536-ROBUST_3-R5000-T3-U2-PD2500-6500-RB2300-BU3-FL0,ROBUST_3,2300,3,0,20,11,636,9,526,5,483,526
FP1-EXP0004-C-537-ROBUST_3-R5000-T3-U2-PD2500-6500-RB2300-BU3-FL6000,ROBUST_3,2300,3,6000,16,9,636,7,526,6,483,526
FP1-EXP0004-C-538-ROBUST_3-R5000-T3-U2-PD2500-6500-RB2300-BU3-FL30000,ROBUST_3,2300,3,30000,15,8,636,7,526,6,446,167
FP1-EXP0004-C-539-ROBUST_3-R5000-T3-U2-PD2500-6500-RB2300-BU3-FL93000,ROBUST_3,2300,3,93000,13,8,410,7,79,6,357,79
FP1-EXP0004-C-540-ROBUST_3-R5000-T3-U2-PD2500-6500-RB2300-BU3-FL185000,ROBUST_3,2300,3,185000,5,2,-8438,2,-8072,5,-8438,-8072
FP1-EXP0004-C-541-ROBUST_3-R5000-T3-U2-PD2500-6500-RB2300-BU4-FL0,ROBUST_3,2300,4,0,15,7,483,7,122,5,250,79
FP1-EXP0004-C-542-ROBUST_3-R5000-T3-U2-PD2500-6500-RB2300-BU4-FL6000,ROBUST_3,2300,4,6000,13,6,483,6,79,6,366,100
FP1-EXP0004-C-543-ROBUST_3-R5000-T3-U2-PD2500-6500-RB2300-BU4-FL30000,ROBUST_3,2300,4,30000,12,6,483,6,79,6,330,79
FP1-EXP0004-C-544-ROBUST_3-R5000-T3-U2-PD2500-6500-RB2300-BU4-FL93000,ROBUST_3,2300,4,93000,10,5,410,5,79,6,330,26
FP1-EXP0004-C-545-ROBUST_3-R5000-T3-U2-PD2500-6500-RB2300-BU4-FL185000,ROBUST_3,2300,4,185000,3,1,-569,1,-622,5,-569,-622
FP1-EXP0004-C-546-ROBUST_3-R5000-T3-U2-PD2500-6500-RB2300-BU8-FL0,ROBUST_3,2300,8,0,5,4,250,4,-338,4,250,-338
FP1-EXP0004-C-547-ROBUST_3-R5000-T3-U2-PD2500-6500-RB2300-BU8-FL6000,ROBUST_3,2300,8,6000,5,4,250,4,-338,5,250,-338
FP1-EXP0004-C-548-ROBUST_3-R5000-T3-U2-PD2500-6500-RB2300-BU8-FL30000,ROBUST_3,2300,8,30000,4,4,250,4,-338,5,250,-338
FP1-EXP0004-C-549-ROBUST_3-R5000-T3-U2-PD2500-6500-RB2300-BU8-FL93000,ROBUST_3,2300,8,93000,4,4,250,4,-338,5,250,-338
FP1-EXP0004-C-550-ROBUST_3-R5000-T3-U2-PD2500-6500-RB2300-BU8-FL185000,ROBUST_3,2300,8,185000,1,1,-569,1,-622,4,-569,-622
FP1-EXP0004-C-551-ROBUST_3-R5000-T3-U2-PD2500-6500-RB7300-BU1-FL0,ROBUST_3,7300,1,0,16,8,22,8,-27,4,22,-27
FP1-EXP0004-C-552-ROBUST_3-R5000-T3-U2-PD2500-6500-RB7300-BU1-FL6000,ROBUST_3,7300,1,6000,11,7,22,7,-27,5,22,-27
FP1-EXP0004-C-553-ROBUST_3-R5000-T3-U2-PD2500-6500-RB7300-BU1-FL30000,ROBUST_3,7300,1,30000,8,5,22,5,-27,5,22,-27
FP1-EXP0004-C-554-ROBUST_3-R5000-T3-U2-PD2500-6500-RB7300-BU1-FL93000,ROBUST_3,7300,1,93000,5,4,173,3,-27,5,173,-27
FP1-EXP0004-C-555-ROBUST_3-R5000-T3-U2-PD2500-6500-RB7300-BU1-FL185000,ROBUST_3,7300,1,185000,2,2,-8438,2,-8072,4,-8438,-8072
FP1-EXP0004-C-556-ROBUST_3-R5000-T3-U2-PD2500-6500-RB7300-BU2-FL0,ROBUST_3,7300,2,0,12,7,22,7,-27,5,22,-27
FP1-EXP0004-C-557-ROBUST_3-R5000-T3-U2-PD2500-6500-RB7300-BU2-FL6000,ROBUST_3,7300,2,6000,9,5,-188,5,-27,6,22,-27
FP1-EXP0004-C-558-ROBUST_3-R5000-T3-U2-PD2500-6500-RB7300-BU2-FL30000,ROBUST_3,7300,2,30000,7,4,-1570,4,-27,6,97,-27
FP1-EXP0004-C-559-ROBUST_3-R5000-T3-U2-PD2500-6500-RB7300-BU2-FL93000,ROBUST_3,7300,2,93000,5,4,173,3,-27,6,173,-27
FP1-EXP0004-C-560-ROBUST_3-R5000-T3-U2-PD2500-6500-RB7300-BU2-FL185000,ROBUST_3,7300,2,185000,2,2,-8438,2,-8072,5,-8438,-8072
FP1-EXP0004-C-561-ROBUST_3-R5000-T3-U2-PD2500-6500-RB7300-BU3-FL0,ROBUST_3,7300,3,0,10,6,-398,6,-27,5,22,-27
FP1-EXP0004-C-562-ROBUST_3-R5000-T3-U2-PD2500-6500-RB7300-BU3-FL6000,ROBUST_3,7300,3,6000,6,4,-1570,4,-27,6,-7,-27
FP1-EXP0004-C-563-ROBUST_3-R5000-T3-U2-PD2500-6500-RB7300-BU3-FL30000,ROBUST_3,7300,3,30000,6,4,-1570,4,-27,6,173,-27
FP1-EXP0004-C-564-ROBUST_3-R5000-T3-U2-PD2500-6500-RB7300-BU3-FL93000,ROBUST_3,7300,3,93000,5,4,173,3,-27,6,173,-27
FP1-EXP0004-C-565-ROBUST_3-R5000-T3-U2-PD2500-6500-RB7300-BU3-FL185000,ROBUST_3,7300,3,185000,2,2,-8438,2,-8072,5,-4503,-4347
FP1-EXP0004-C-566-ROBUST_3-R5000-T3-U2-PD2500-6500-RB7300-BU4-FL0,ROBUST_3,7300,4,0,7,4,-220,3,-27,5,-280,-321
FP1-EXP0004-C-567-ROBUST_3-R5000-T3-U2-PD2500-6500-RB7300-BU4-FL6000,ROBUST_3,7300,4,6000,5,3,173,2,-321,6,-220,-174
FP1-EXP0004-C-568-ROBUST_3-R5000-T3-U2-PD2500-6500-RB7300-BU4-FL30000,ROBUST_3,7300,4,30000,5,3,173,2,-321,6,-23,-174
FP1-EXP0004-C-569-ROBUST_3-R5000-T3-U2-PD2500-6500-RB7300-BU4-FL93000,ROBUST_3,7300,4,93000,4,2,173,1,-27,6,173,-321
FP1-EXP0004-C-570-ROBUST_3-R5000-T3-U2-PD2500-6500-RB7300-BU4-FL185000,ROBUST_3,7300,4,185000,1,1,-569,1,-622,5,-569,-622
FP1-EXP0004-C-571-ROBUST_3-R5000-T3-U2-PD2500-6500-RB7300-BU8-FL0,ROBUST_3,7300,8,0,3,2,-569,1,-622,4,-220,-338
FP1-EXP0004-C-572-ROBUST_3-R5000-T3-U2-PD2500-6500-RB7300-BU8-FL6000,ROBUST_3,7300,8,6000,3,2,-569,1,-622,5,-198,-480
FP1-EXP0004-C-573-ROBUST_3-R5000-T3-U2-PD2500-6500-RB7300-BU8-FL30000,ROBUST_3,7300,8,30000,2,2,-569,1,-622,5,-198,-480
FP1-EXP0004-C-574-ROBUST_3-R5000-T3-U2-PD2500-6500-RB7300-BU8-FL93000,ROBUST_3,7300,8,93000,2,2,-569,1,-622,5,-198,-480
FP1-EXP0004-C-575-ROBUST_3-R5000-T3-U2-PD2500-6500-RB7300-BU8-FL185000,ROBUST_3,7300,8,185000,1,1,-569,1,-622,4,-569,-622
FP1-EXP0004-C-576-ROBUST_3-R5000-T3-U2-PD2500-6500-RB20700-BU1-FL0,ROBUST_3,20700,1,0,6,5,22,4,-83,3,22,-83
FP1-EXP0004-C-577-ROBUST_3-R5000-T3-U2-PD2500-6500-RB20700-BU1-FL6000,ROBUST_3,20700,1,6000,3,2,22,2,-83,4,22,-55
FP1-EXP0004-C-578-ROBUST_3-R5000-T3-U2-PD2500-6500-RB20700-BU1-FL30000,ROBUST_3,20700,1,30000,3,2,22,2,-83,4,329,249
FP1-EXP0004-C-579-ROBUST_3-R5000-T3-U2-PD2500-6500-RB20700-BU1-FL93000,ROBUST_3,20700,1,93000,1,1,636,1,526,4,173,-27
FP1-EXP0004-C-580-ROBUST_3-R5000-T3-U2-PD2500-6500-RB20700-BU1-FL185000,ROBUST_3,20700,1,185000,0,0,,0,,3,-3901,-3773
FP1-EXP0004-C-581-ROBUST_3-R5000-T3-U2-PD2500-6500-RB20700-BU2-FL0,ROBUST_3,20700,2,0,5,4,22,4,-83,4,329,249
FP1-EXP0004-C-582-ROBUST_3-R5000-T3-U2-PD2500-6500-RB20700-BU2-FL6000,ROBUST_3,20700,2,6000,2,1,1581,1,1213,5,22,-27
FP1-EXP0004-C-583-ROBUST_3-R5000-T3-U2-PD2500-6500-RB20700-BU2-FL30000,ROBUST_3,20700,2,30000,2,1,636,1,526,5,636,526
FP1-EXP0004-C-584-ROBUST_3-R5000-T3-U2-PD2500-6500-RB20700-BU2-FL93000,ROBUST_3,20700,2,93000,1,1,636,1,526,5,636,526
FP1-EXP0004-C-585-ROBUST_3-R5000-T3-U2-PD2500-6500-RB20700-BU2-FL185000,ROBUST_3,20700,2,185000,0,0,,0,,4,-3901,-3773
FP1-EXP0004-C-586-ROBUST_3-R5000-T3-U2-PD2500-6500-RB20700-BU3-FL0,ROBUST_3,20700,3,0,5,3,636,3,526,4,-129,-55
FP1-EXP0004-C-587-ROBUST_3-R5000-T3-U2-PD2500-6500-RB20700-BU3-FL6000,ROBUST_3,20700,3,6000,2,1,636,1,526,5,636,526
FP1-EXP0004-C-588-ROBUST_3-R5000-T3-U2-PD2500-6500-RB20700-BU3-FL30000,ROBUST_3,20700,3,30000,2,1,636,1,526,5,636,526
FP1-EXP0004-C-589-ROBUST_3-R5000-T3-U2-PD2500-6500-RB20700-BU3-FL93000,ROBUST_3,20700,3,93000,1,1,636,1,526,5,636,526
FP1-EXP0004-C-590-ROBUST_3-R5000-T3-U2-PD2500-6500-RB20700-BU3-FL185000,ROBUST_3,20700,3,185000,0,0,,0,,4,-3901,-3773
FP1-EXP0004-C-591-ROBUST_3-R5000-T3-U2-PD2500-6500-RB20700-BU4-FL0,ROBUST_3,20700,4,0,4,2,-280,2,-321,4,-220,-27
FP1-EXP0004-C-592-ROBUST_3-R5000-T3-U2-PD2500-6500-RB20700-BU4-FL6000,ROBUST_3,20700,4,6000,2,1,-220,1,-321,5,-23,-321
FP1-EXP0004-C-593-ROBUST_3-R5000-T3-U2-PD2500-6500-RB20700-BU4-FL30000,ROBUST_3,20700,4,30000,2,1,-220,1,-321,5,173,-321
FP1-EXP0004-C-594-ROBUST_3-R5000-T3-U2-PD2500-6500-RB20700-BU4-FL93000,ROBUST_3,20700,4,93000,1,0,,0,,5,173,-27
FP1-EXP0004-C-595-ROBUST_3-R5000-T3-U2-PD2500-6500-RB20700-BU4-FL185000,ROBUST_3,20700,4,185000,0,0,,0,,4,-569,-622
FP1-EXP0004-C-596-ROBUST_3-R5000-T3-U2-PD2500-6500-RB20700-BU8-FL0,ROBUST_3,20700,8,0,1,0,,0,,3,-424,-471
FP1-EXP0004-C-597-ROBUST_3-R5000-T3-U2-PD2500-6500-RB20700-BU8-FL6000,ROBUST_3,20700,8,6000,1,0,,0,,4,-394,-471
FP1-EXP0004-C-598-ROBUST_3-R5000-T3-U2-PD2500-6500-RB20700-BU8-FL30000,ROBUST_3,20700,8,30000,0,0,,0,,4,-394,-471
FP1-EXP0004-C-599-ROBUST_3-R5000-T3-U2-PD2500-6500-RB20700-BU8-FL93000,ROBUST_3,20700,8,93000,0,0,,0,,4,-569,-622
FP1-EXP0004-C-600-ROBUST_3-R5000-T3-U2-PD2500-6500-RB20700-BU8-FL185000,ROBUST_3,20700,8,185000,0,0,,0,,3,-569,-622
