candidate_id,mint,signal_at,price_identity,mfe_bps_5m,mae_bps_5m,extrema_complete_5m,extrema_coverage_status_5m,5s_status,5s_return_bps,5s_mark_age_ms,5s_coverage_status,15s_status,15s_return_bps,15s_mark_age_ms,15s_coverage_status,30s_status,30s_return_bps,30s_mark_age_ms,30s_coverage_status,60s_status,60s_return_bps,60s_mark_age_ms,60s_coverage_status,2m_status,2m_return_bps,2m_mark_age_ms,2m_coverage_status,5m_status,5m_return_bps,5m_mark_age_ms,5m_coverage_status
fp1sig-c6b66f35695bf7db6b8126b5,51QG1ZM64Uba35riWjSZBhavfjWJRC4MR2p565uCpump,2026-08-18T14:40:13.457679+00:00,SOL_NATIVE,2378,-7279,False,GAP,OBSERVABLE,-3481,206,COMPLETE,OBSERVABLE,-5566,219,COMPLETE,OBSERVABLE,-6011,326,COMPLETE,COVERAGE_GAP,-465,609,GAP,COVERAGE_GAP,-5035,5336,GAP,COVERAGE_GAP,-7279,24751,GAP
fp1sig-3cb0bfa2f253d6cdb4af8c7c,JG5UPRfZgSCYNSEfF39DKVte7ZRPhhcJe6gKGgNBY2o,2026-08-18T14:40:21.450779+00:00,SOL_NATIVE,4736,-5134,False,GAP,OBSERVABLE,329,1956,COMPLETE,OBSERVABLE,96,474,COMPLETE,COVERAGE_GAP,-4546,2143,GAP,COVERAGE_GAP,-4594,22219,GAP,COVERAGE_GAP,-4594,82219,GAP,COVERAGE_GAP,-4594,262219,GAP
fp1sig-96af2fc7efb606a282e3ded8,5s2iWMwxgCnC4XQFNT4rD7VZzagzrwKMwtnjFtiEpump,2026-08-18T14:40:27.532144+00:00,SOL_NATIVE,6034,-4627,False,GAP,OBSERVABLE,-1097,316,COMPLETE,OBSERVABLE,5959,1500,COMPLETE,COVERAGE_GAP,3975,8914,GAP,COVERAGE_GAP,-4573,1521,GAP,COVERAGE_GAP,-4627,56890,GAP,COVERAGE_GAP,-4627,236890,GAP
fp1sig-7b9d0117210a48cbade8fe6e,DGJ5Lbz7EsSbjoPh2HFbjVoJY8imwZtekQTyEyebpump,2026-08-18T14:40:43.157472+00:00,SOL_NATIVE,1443,-1674,False,GAP,OBSERVABLE,49,4055,COMPLETE,COVERAGE_GAP,49,14055,GAP,COVERAGE_GAP,49,29055,GAP,COVERAGE_GAP,-1674,12533,GAP,COVERAGE_GAP,-1674,72533,GAP,COVERAGE_GAP,-541,91717,GAP
fp1sig-6089e4b6e2115b3f50313a9e,DoFD8FyDMUbwBKxaGciJsy8ArRDmkuVkcn778jDBpump,2026-08-18T14:41:26.938785+00:00,QUOTE:EPjFWdd5AufqSSqeM2qN1xzybapC8G4wEGGkZwyTDt1v,,,False,GAP,NO_FUTURE_PRICE,,,COMPLETE,COVERAGE_GAP,,,GAP,COVERAGE_GAP,,,GAP,COVERAGE_GAP,,,GAP,COVERAGE_GAP,,,GAP,COVERAGE_GAP,,,GAP
fp1sig-5d9b3190cd3e22a2c1866736,DwKdw37UzUPb1AtfpSMNtdXqRCNC83HeBb8neyJipump,2026-08-18T14:41:36.688187+00:00,SOL_NATIVE,3950,-1153,False,GAP,OBSERVABLE,1,2049,COMPLETE,OBSERVABLE,-1103,2329,COMPLETE,OBSERVABLE,-1153,14210,COMPLETE,COVERAGE_GAP,-1153,44210,GAP,COVERAGE_GAP,2587,17843,GAP,COVERAGE_GAP,1944,63819,GAP
fp1sig-5f847e371481c5e2102cd390,A8FbNYoi78rNmFfz6Tk8aXTxu5XHsXA8AhAxQjEFpump,2026-08-18T14:41:56.581559+00:00,SOL_NATIVE,-845,-4594,False,GAP,OBSERVABLE,-845,1834,COMPLETE,OBSERVABLE,-4594,4487,COMPLETE,COVERAGE_GAP,-2938,9920,GAP,COVERAGE_GAP,-2938,39920,GAP,COVERAGE_GAP,-2938,99920,GAP,COVERAGE_GAP,-2938,279920,GAP
fp1sig-318c04514748960a4d5ea210,8rfwKyybVhx6XRjTws5WcJXn3hxnyUnPip4uDUbE2Th6,2026-08-18T14:41:58.736462+00:00,SOL_NATIVE,564,-2839,False,GAP,OBSERVABLE,418,2958,COMPLETE,OBSERVABLE,559,4474,COMPLETE,COVERAGE_GAP,-1869,3844,GAP,COVERAGE_GAP,-1870,13874,GAP,COVERAGE_GAP,-1434,27195,GAP,COVERAGE_GAP,-2839,168516,GAP
fp1sig-c49faa66ad0be41911f3e6ba,4GbqyqMooq6NRJ8uJpzqYuUaabuzHf8qjuv1k5aypump,2026-08-18T14:42:03.891110+00:00,SOL_NATIVE,4950,-6284,False,GAP,OBSERVABLE,1149,781,COMPLETE,COVERAGE_GAP,4007,3297,GAP,COVERAGE_GAP,-6061,3326,GAP,COVERAGE_GAP,-6195,9419,GAP,COVERAGE_GAP,-5822,29804,GAP,COVERAGE_GAP,-6284,166806,GAP
fp1sig-cc73f23662c6a0f8172c801e,G93EkCbMEm5pusi8rXuc6QvPDJ6YTmJVuPjRVt1Bpump,2026-08-18T14:42:58.181901+00:00,SOL_NATIVE,402,-6212,False,GAP,COVERAGE_GAP,402,2672,GAP,COVERAGE_GAP,402,12672,GAP,COVERAGE_GAP,-6037,6767,GAP,COVERAGE_GAP,-6037,36767,GAP,COVERAGE_GAP,-6212,20869,GAP,COVERAGE_GAP,-6212,200869,GAP
fp1sig-7a63e7cb57ae61b1e6d5ad58,3ozDvt3ZGhGG4VkHUj4A7oSasPATSUceG3SonX2XYrL2,2026-08-18T14:43:22.651309+00:00,SOL_NATIVE,515,-5794,False,GAP,OBSERVABLE,177,1274,COMPLETE,OBSERVABLE,-598,2260,COMPLETE,COVERAGE_GAP,-1619,11089,GAP,COVERAGE_GAP,-3941,12453,GAP,COVERAGE_GAP,-3941,72453,GAP,COVERAGE_GAP,-5794,13126,GAP
fp1sig-9d97e4328bb916a11d605260,CbewmdDq2BimsA5FDqZnqYwrJyQVY3TbbdHBbjRYpump,2026-08-18T14:43:23.823694+00:00,SOL_NATIVE,2047,-9432,False,GAP,NO_FUTURE_PRICE,,,COMPLETE,OBSERVABLE,-800,6139,COMPLETE,COVERAGE_GAP,159,412,GAP,COVERAGE_GAP,145,4025,GAP,COVERAGE_GAP,-9290,36546,GAP,COVERAGE_GAP,-9330,161842,GAP
fp1sig-edf5ae504c8b8b1635977a36,J3HqP4wLgW3PCeztsdUtaxfjuw9GU4KWGB9HQjABpump,2026-08-18T14:43:31.565962+00:00,SOL_NATIVE,-512,-2016,False,GAP,NO_FUTURE_PRICE,,,COMPLETE,NO_FUTURE_PRICE,,,COMPLETE,COVERAGE_GAP,,,GAP,COVERAGE_GAP,-715,27005,GAP,COVERAGE_GAP,-715,87005,GAP,COVERAGE_GAP,-2016,28787,GAP
fp1sig-740d2e32e8dca7cc75543929,24qDEfnRLxeHdEboaa6RA4VYXQeZvpWzSMk1sdzQpump,2026-08-18T14:43:39.043667+00:00,SOL_NATIVE,-1099,-1099,False,GAP,OBSERVABLE,-1099,1116,COMPLETE,COVERAGE_GAP,-1099,11116,GAP,COVERAGE_GAP,-1099,26116,GAP,COVERAGE_GAP,-1099,56116,GAP,COVERAGE_GAP,-1099,116116,GAP,COVERAGE_GAP,-1099,296116,GAP
fp1sig-968af8daf3f4724e5679e7a5,F6HD4wxw2Nv3UZZgJKYz32uRpC7MUVM68w5fmiWbpump,2026-08-18T14:43:52.029681+00:00,SOL_NATIVE,3467,-5150,False,GAP,OBSERVABLE,447,879,COMPLETE,OBSERVABLE,238,2498,COMPLETE,OBSERVABLE,1271,868,COMPLETE,COVERAGE_GAP,585,1922,GAP,COVERAGE_GAP,-3956,827,GAP,COVERAGE_GAP,-4853,84447,GAP
fp1sig-da32a6770e93e7f5eaf8fff1,EiTdgDdinDDRutBUkZULxbGs5K2v9SJ9GmDqpTPMpump,2026-08-18T14:44:22.494510+00:00,SOL_NATIVE,-3282,-9753,False,GAP,OBSERVABLE,-3282,653,COMPLETE,COVERAGE_GAP,-5320,7941,GAP,COVERAGE_GAP,-5320,22941,GAP,COVERAGE_GAP,-5320,52941,GAP,COVERAGE_GAP,-5320,112941,GAP,COVERAGE_GAP,-9753,69843,GAP
fp1sig-0b9574019717bc9d2ec5ee07,Dtoz9eFU6orYN2ZBvSFNDWJzJTnJkT1yVDjizTFbpump,2026-08-18T14:45:15.726972+00:00,SOL_NATIVE,7624,-3521,False,GAP,COVERAGE_GAP,416,4951,GAP,COVERAGE_GAP,4977,5350,GAP,COVERAGE_GAP,3669,602,GAP,COVERAGE_GAP,7582,1746,GAP,COVERAGE_GAP,1171,563,GAP,COVERAGE_GAP,-2119,1891,GAP
fp1sig-d73b9e8e62991ffde32001ee,BYh8yraJPYtngRsQ16gfmFaA6UmiKvb6Q6f184zEpump,2026-08-18T14:45:25.485724+00:00,SOL_NATIVE,9430,204,False,GAP,OBSERVABLE,358,2086,COMPLETE,OBSERVABLE,619,7585,COMPLETE,OBSERVABLE,869,4213,COMPLETE,COVERAGE_GAP,1549,26621,GAP,COVERAGE_GAP,5328,4199,GAP,COVERAGE_GAP,6745,34424,GAP
fp1sig-b073305684e65e77befa0f58,FpWrRbwR7GYRdeeqo7ZfASE5PuCPh1vZ8X97NbqSpump,2026-08-18T14:45:58.801455+00:00,SOL_NATIVE,740,381,False,GAP,COVERAGE_GAP,740,4897,GAP,COVERAGE_GAP,740,14897,GAP,COVERAGE_GAP,740,29897,GAP,COVERAGE_GAP,740,59897,GAP,COVERAGE_GAP,740,119897,GAP,COVERAGE_GAP,740,299897,GAP
fp1sig-d404cfec7d47f779f6241898,82c949QyXN9ziLsAhPyGXW39rDj1ZsdLQAv9fCjXpump,2026-08-18T14:46:30.594172+00:00,SOL_NATIVE,26040,-2508,False,GAP,OBSERVABLE,-921,344,COMPLETE,OBSERVABLE,-2508,883,COMPLETE,COVERAGE_GAP,22088,1234,GAP,COVERAGE_GAP,22504,1399,GAP,COVERAGE_GAP,25197,2372,GAP,COVERAGE_GAP,1840,16882,GAP
fp1sig-a75cc77138356266aaa13229,9RNoZoh5AZ5iWYBT4aYMtL942b1XqKwgYpe2XS8Ypump,2026-08-18T14:47:56.105338+00:00,SOL_NATIVE,1680,-818,False,GAP,OBSERVABLE,1089,118,COMPLETE,OBSERVABLE,1215,1616,COMPLETE,COVERAGE_GAP,1215,16616,GAP,COVERAGE_GAP,1215,46616,GAP,COVERAGE_GAP,-818,10175,GAP,COVERAGE_GAP,-818,190175,GAP
fp1sig-4f93cf10f7e9267bb16c6451,6TF1zu2MoEusj39JHJYjh9T5Grg5xdTH3XyfM9Wppump,2026-08-18T14:47:59.398028+00:00,SOL_NATIVE,18303,-9766,False,GAP,NO_FUTURE_PRICE,,,COMPLETE,OBSERVABLE,3636,1775,COMPLETE,COVERAGE_GAP,18303,1172,GAP,COVERAGE_GAP,15287,2511,GAP,COVERAGE_GAP,-6695,2806,GAP,COVERAGE_GAP,-9766,3420,GAP
fp1sig-78e36ac10015e94bd56ad31f,4kgW9s5Judyb1hXSjpxpchwg1ABpcP8QTuweftfKpump,2026-08-18T14:48:28.148690+00:00,SOL_NATIVE,9702,17,False,GAP,OBSERVABLE,44,1619,COMPLETE,OBSERVABLE,181,26,COMPLETE,OBSERVABLE,297,1284,COMPLETE,COVERAGE_GAP,3496,1017,GAP,COVERAGE_GAP,4526,4235,GAP,COVERAGE_GAP,4513,179069,GAP
fp1sig-47362c753506d55457291003,2rnWSS5mH7yZXTSP2483wA9STCr5HHt1QvAXumzypump,2026-08-18T14:48:39.784496+00:00,SOL_NATIVE,201,0,False,GAP,NO_FUTURE_PRICE,,,COMPLETE,OBSERVABLE,0,1212,COMPLETE,COVERAGE_GAP,0,16212,GAP,COVERAGE_GAP,5,6155,GAP,COVERAGE_GAP,189,10738,GAP,COVERAGE_GAP,189,190738,GAP
fp1sig-3e95bc9cdfc862466672bb3c,5vFLJANo7aB3EMEvKDjLSsnxJnWFXF2CP7QaZCjKpump,2026-08-18T14:48:43.055637+00:00,SOL_NATIVE,4307,-5807,False,GAP,OBSERVABLE,3411,3144,COMPLETE,OBSERVABLE,3537,1209,COMPLETE,COVERAGE_GAP,1825,13004,GAP,COVERAGE_GAP,-5649,2570,GAP,COVERAGE_GAP,-5306,34150,GAP,COVERAGE_GAP,-5807,103743,GAP
fp1sig-b9bca5252fa21cf31b16f9d2,H9S9qFsRNck2Kp3jKxkgW6uZenEWqsicDQ3WtyGpump,2026-08-18T14:50:15.602219+00:00,SOL_NATIVE,192,-6987,False,GAP,OBSERVABLE,192,3618,COMPLETE,OBSERVABLE,192,13618,COMPLETE,COVERAGE_GAP,-3016,312,GAP,COVERAGE_GAP,-2891,5461,GAP,COVERAGE_GAP,-3900,18168,GAP,COVERAGE_GAP,-6987,12955,GAP
fp1sig-627b2636679365161306a7a9,BSXFT7VfjXnVAagQyHUPqCfgk2P1f5hEEa6acxK9pump,2026-08-18T14:51:03.120182+00:00,SOL_NATIVE,-634,-9503,False,GAP,OBSERVABLE,-1784,1546,COMPLETE,COVERAGE_GAP,-2094,4352,GAP,COVERAGE_GAP,-2094,19352,GAP,COVERAGE_GAP,-2094,49352,GAP,COVERAGE_GAP,-2094,109352,GAP,COVERAGE_GAP,-9503,106322,GAP
fp1sig-84100da74cd54880c262d8b6,CMSqjACTfSYB8Qg2ZF2pz61GrvNBekfoXGmMtP7Gpump,2026-08-18T14:51:06.569337+00:00,SOL_NATIVE,4503,1049,False,GAP,OBSERVABLE,4386,1420,COMPLETE,COVERAGE_GAP,4386,11420,GAP,COVERAGE_GAP,4386,26420,GAP,COVERAGE_GAP,4386,56420,GAP,COVERAGE_GAP,4386,116420,GAP,COVERAGE_GAP,4386,296420,GAP
fp1sig-ed2f0c49acf9091f5a33add9,Bapyr2ew7jZ4tqjpS8pth7aNXCvQtnhuiNMwK3xxE4Zm,2026-08-18T14:52:33.010741+00:00,SOL_NATIVE,3498,319,False,GAP,OBSERVABLE,1910,1185,COMPLETE,COVERAGE_GAP,3498,3691,GAP,COVERAGE_GAP,3498,18691,GAP,COVERAGE_GAP,3498,48691,GAP,COVERAGE_GAP,3498,108691,GAP,COVERAGE_GAP,3498,288691,GAP
fp1sig-eb234b969114c0274258a7eb,4QrWH4GKuif9abEVYE7DixdJkU7SemD9wa7Dbokppump,2026-08-18T14:52:33.018741+00:00,SOL_NATIVE,682,30,False,GAP,NO_FUTURE_PRICE,,,COMPLETE,COVERAGE_GAP,682,3705,GAP,COVERAGE_GAP,682,18705,GAP,COVERAGE_GAP,682,48705,GAP,COVERAGE_GAP,682,108705,GAP,COVERAGE_GAP,682,288705,GAP
fp1sig-efb40f33e72539c9d561a1a5,24P2GKPn9sG5pajA6odu8Ncopk62TScTAUnwySSrqLq1,2026-08-18T14:53:20.839151+00:00,SOL_NATIVE,32201,-1934,False,GAP,OBSERVABLE,790,4997,COMPLETE,COVERAGE_GAP,790,14997,GAP,COVERAGE_GAP,-476,12119,GAP,COVERAGE_GAP,-1048,9356,GAP,COVERAGE_GAP,2930,30155,GAP,COVERAGE_GAP,32201,659,GAP
fp1sig-a4e288f0a2ad7f15196c139d,8hdyHPyxu5f1iG4XkwxpQn8ge8LsUrhxwtCHszrSpump,2026-08-18T14:53:56.200753+00:00,SOL_NATIVE,5504,-7181,False,GAP,OBSERVABLE,3195,3191,COMPLETE,OBSERVABLE,3762,3593,COMPLETE,COVERAGE_GAP,26,2892,GAP,COVERAGE_GAP,32,7301,GAP,COVERAGE_GAP,-5870,3825,GAP,COVERAGE_GAP,-7181,71062,GAP
fp1sig-2c52f16fca777bf4140e79ee,2TDMnabsjqxjuM279NdqQsZg67jfyvq4AkzVQ9Wtpump,2026-08-18T14:53:56.211757+00:00,SOL_NATIVE,495,-1147,False,GAP,OBSERVABLE,-843,3257,COMPLETE,OBSERVABLE,-1147,3572,COMPLETE,COVERAGE_GAP,-1147,18572,GAP,COVERAGE_GAP,-1147,48572,GAP,COVERAGE_GAP,-1147,108572,GAP,COVERAGE_GAP,-1147,288572,GAP
fp1sig-a39a64a0aa730839a74a7422,DAT918yWTWyffMxN3P9uN8LJvPU3nj7sy6AhtJW9pump,2026-08-18T14:56:02.505378+00:00,SOL_NATIVE,5512,-5924,False,GAP,OBSERVABLE,1918,885,COMPLETE,OBSERVABLE,5432,3142,COMPLETE,OBSERVABLE,5512,2322,COMPLETE,COVERAGE_GAP,-5924,17836,GAP,COVERAGE_GAP,-5924,77836,GAP,COVERAGE_GAP,-5924,257836,GAP
fp1sig-34d5adc11f24f53b6cb03df1,B29SR2tU5nR6v6UbBBThEygC9323A24NPF2cdvrwpump,2026-08-18T14:56:26.138378+00:00,SOL_NATIVE,-5861,-6136,False,GAP,NO_FUTURE_PRICE,,,COMPLETE,COVERAGE_GAP,,,GAP,COVERAGE_GAP,-5861,3209,GAP,COVERAGE_GAP,-5861,33209,GAP,COVERAGE_GAP,-5861,93209,GAP,COVERAGE_GAP,-6136,164317,GAP
fp1sig-7b97e04469763d20882943f3,DEbhqQPXNe1n3ZeRtMnx58Cm2GWysonQukaSHHqCu5m6,2026-08-18T14:57:00.995871+00:00,SOL_NATIVE,5979,-4078,False,GAP,OBSERVABLE,3095,2911,COMPLETE,OBSERVABLE,2660,2850,COMPLETE,COVERAGE_GAP,-3762,1858,GAP,COVERAGE_GAP,-3813,457,GAP,COVERAGE_GAP,-4078,55033,GAP,COVERAGE_GAP,-4078,235033,GAP
fp1sig-0c16afb3759fbd743b8c7e1c,3or3ducQiooWdP4nkkMNwMwncmxvQpXKxNtsfTSXpump,2026-08-18T14:57:20.725668+00:00,SOL_NATIVE,-9763,-9975,False,GAP,NO_FUTURE_PRICE,,,COMPLETE,COVERAGE_GAP,-9782,311,GAP,COVERAGE_GAP,-9846,1740,GAP,COVERAGE_GAP,-9947,483,GAP,COVERAGE_GAP,-9975,31612,GAP,COVERAGE_GAP,-9933,121221,GAP
fp1sig-794457610674ebde529d6f32,25VBxxYhYrjZy86nAU3HRTWxWgwmSEpRfvEAaKE2pump,2026-08-18T14:58:27.926037+00:00,SOL_NATIVE,1007,-9654,False,GAP,OBSERVABLE,1007,820,COMPLETE,OBSERVABLE,-3954,3154,COMPLETE,OBSERVABLE,-6409,791,COMPLETE,COVERAGE_GAP,-9654,22095,GAP,COVERAGE_GAP,-9654,82095,GAP,COVERAGE_GAP,-9654,262095,GAP
fp1sig-aea557bd63af134637174e36,GKKMaeqRoz55F8LcHx5YJk1coD7eZvvtTgBzjj9Upump,2026-08-18T14:58:55.415856+00:00,SOL_NATIVE,19,19,False,GAP,COVERAGE_GAP,19,4993,GAP,COVERAGE_GAP,19,14993,GAP,COVERAGE_GAP,19,29993,GAP,COVERAGE_GAP,19,59993,GAP,COVERAGE_GAP,19,119993,GAP,COVERAGE_GAP,19,299993,GAP
fp1sig-a03829935dbf310b05eb2d4b,23Kz21yct4F44ddBGm6Xi7wmXDP5C5PKAN6y88Hmpump,2026-08-18T14:59:01.736677+00:00,SOL_NATIVE,9243,0,False,GAP,OBSERVABLE,0,2912,COMPLETE,OBSERVABLE,0,12912,COMPLETE,OBSERVABLE,33,3157,COMPLETE,COVERAGE_GAP,113,18631,GAP,COVERAGE_GAP,1758,36405,GAP,COVERAGE_GAP,9207,8264,GAP
fp1sig-fc77f2babf9a9c09f8cc249d,GBBXsBxEkugK2GxK24fkbaDQoJfMQjtDxAKmjBCSpump,2026-08-18T14:59:52.727249+00:00,SOL_NATIVE,32322,-303,False,GAP,OBSERVABLE,4448,1136,COMPLETE,OBSERVABLE,3045,1606,COMPLETE,OBSERVABLE,2924,1639,COMPLETE,COVERAGE_GAP,17164,4241,GAP,COVERAGE_GAP,27943,38811,GAP,COVERAGE_GAP,27943,218811,GAP
fp1sig-c7eadebca05a9816b09c9220,2XLD5y5d1Bdx5rpDxhX3xzLCDdav3gw8gAasxAGSGFAE,2026-08-18T15:00:04.360858+00:00,SOL_NATIVE,488,228,False,GAP,NO_FUTURE_PRICE,,,COMPLETE,NO_FUTURE_PRICE,,,COMPLETE,COVERAGE_GAP,488,8994,GAP,COVERAGE_GAP,488,38994,GAP,COVERAGE_GAP,488,98994,GAP,COVERAGE_GAP,488,278994,GAP
fp1sig-9fa39f955639959505b29f25,F1tFTFtujrMjxeBThUZymPtXsxcCh7tytDngJ71Kpump,2026-08-18T15:01:42.635539+00:00,SOL_NATIVE,4520,-6732,False,GAP,OBSERVABLE,4097,1145,COMPLETE,OBSERVABLE,4307,444,COMPLETE,COVERAGE_GAP,4520,13268,GAP,COVERAGE_GAP,-4297,4556,GAP,COVERAGE_GAP,-6732,2288,GAP,COVERAGE_GAP,-6732,182288,GAP
fp1sig-aca9b5893913b5467295ff45,HWFB8MWTMNH3bEvczfAu7M7GN7sd5MAot9JxUbw1pump,2026-08-18T15:02:27.671773+00:00,SOL_NATIVE,2100,-6828,False,GAP,OBSERVABLE,2096,805,COMPLETE,OBSERVABLE,-2159,560,COMPLETE,COVERAGE_GAP,-6828,322,GAP,COVERAGE_GAP,-6828,30322,GAP,COVERAGE_GAP,-6828,90322,GAP,COVERAGE_GAP,-6828,270322,GAP
fp1sig-2c1acfd420f5054b78053a76,6AE7AKJWrm7kWQYyu7J5oUUWkfvkLWK24NivEjh2pump,2026-08-18T15:05:23.864650+00:00,SOL_NATIVE,7267,-484,False,GAP,OBSERVABLE,726,628,COMPLETE,OBSERVABLE,-16,51,COMPLETE,COVERAGE_GAP,3681,1,GAP,COVERAGE_GAP,5453,984,GAP,COVERAGE_GAP,7267,52189,GAP,COVERAGE_GAP,7267,232189,GAP
fp1sig-9f1055dd424ea902ad8b8365,ArDnhbwnMsrwcDz1j4FyHkwRFc2Ga78yvS6qWs9Tpump,2026-08-18T15:05:55.940655+00:00,SOL_NATIVE,2309,-1619,False,GAP,OBSERVABLE,2287,3074,COMPLETE,OBSERVABLE,2309,4944,COMPLETE,OBSERVABLE,1906,9474,COMPLETE,COVERAGE_GAP,-1619,19139,GAP,COVERAGE_GAP,-1619,79139,GAP,COVERAGE_GAP,-1619,259139,GAP
fp1sig-ab677704d90ca42a810ea754,7R4bY5SHTLah4RvZ3RY8ATScEAxA5Sy6Wk8Af9Xvpump,2026-08-18T15:06:49.870523+00:00,SOL_NATIVE,8802,5527,False,GAP,NO_FUTURE_PRICE,,,COMPLETE,OBSERVABLE,5527,8721,COMPLETE,OBSERVABLE,8802,9083,COMPLETE,COVERAGE_GAP,8802,39083,GAP,COVERAGE_GAP,8802,99083,GAP,COVERAGE_GAP,8802,279083,GAP
fp1sig-9367e22bdeea7605e185fe28,4ABzFHDyzBwZiJrvCeEzvdobgnw1saJpxyXoMWXUpump,2026-08-18T15:06:54.133749+00:00,SOL_NATIVE,8283,-7613,False,GAP,OBSERVABLE,4715,524,COMPLETE,OBSERVABLE,5616,4607,COMPLETE,OBSERVABLE,8283,4453,COMPLETE,COVERAGE_GAP,-6016,1313,GAP,COVERAGE_GAP,-110,1492,GAP,COVERAGE_GAP,-7599,14228,GAP
fp1sig-358cd107aa2c63074cebc63f,8TKhoxfRkvsVaSutxVtjQe3o5NsnVXN7gwu7yicfpump,2026-08-18T15:09:41.418056+00:00,SOL_NATIVE,12653,-4041,False,GAP,OBSERVABLE,163,2516,COMPLETE,COVERAGE_GAP,-2452,1706,GAP,COVERAGE_GAP,-3596,2028,GAP,COVERAGE_GAP,134,1921,GAP,COVERAGE_GAP,1859,1533,GAP,COVERAGE_GAP,6583,5016,GAP
fp1sig-688bb684ab6e8d5172b05f80,DS2khsRGLNKNTbBcf35r1UfUEB5qwM2jmZVSMgspump,2026-08-18T15:10:07.363882+00:00,SOL_NATIVE,47839,-754,False,GAP,OBSERVABLE,-754,991,COMPLETE,OBSERVABLE,1706,2866,COMPLETE,COVERAGE_GAP,26670,2498,GAP,COVERAGE_GAP,47536,21714,GAP,COVERAGE_GAP,47536,81714,GAP,COVERAGE_GAP,47536,261714,GAP
fp1sig-5f213027a8aef8fdeed0d8ba,8uyH1EfnkM3WtCBVEMbZjGHSVLZZ8U9BDYQ8vD56pump,2026-08-18T15:10:09.328886+00:00,SOL_NATIVE,1338,-7484,False,GAP,OBSERVABLE,130,1015,COMPLETE,OBSERVABLE,865,80,COMPLETE,COVERAGE_GAP,-7480,4129,GAP,COVERAGE_GAP,-7480,34129,GAP,COVERAGE_GAP,-7484,53540,GAP,COVERAGE_GAP,-7484,233540,GAP
fp1sig-a895c96dbd02b3469fe9af20,3Dgt1FPzD89deWyJn6mYB6cKgsbfzebR894ckj2Mpump,2026-08-18T15:10:09.386890+00:00,SOL_NATIVE,897,-4362,False,GAP,OBSERVABLE,378,1077,COMPLETE,OBSERVABLE,580,149,COMPLETE,COVERAGE_GAP,580,15149,GAP,COVERAGE_GAP,-1219,2555,GAP,COVERAGE_GAP,-3720,4282,GAP,COVERAGE_GAP,-3468,5915,GAP
fp1sig-22fbfbe7a79871d7620cb958,DapJsmvZ6e1fYdPm6YZUE8ybu8ZU2DxXWjQk8B6Dpump,2026-08-18T15:10:29.395070+00:00,QUOTE:EPjFWdd5AufqSSqeM2qN1xzybapC8G4wEGGkZwyTDt1v,23504,-8969,False,GAP,COVERAGE_GAP,-1507,2914,GAP,COVERAGE_GAP,18402,949,GAP,COVERAGE_GAP,17178,656,GAP,COVERAGE_GAP,-8375,1161,GAP,COVERAGE_GAP,-8262,10102,GAP,COVERAGE_GAP,-8969,75543,GAP
fp1sig-8a40d06620deab3e40152ca5,7wa4e3aa3YNLnmRbstgNBsNwrfSQGkeM2E2njKA8pump,2026-08-18T15:10:31.462843+00:00,SOL_NATIVE,10109,-9347,False,GAP,COVERAGE_GAP,,,GAP,COVERAGE_GAP,7979,3048,GAP,COVERAGE_GAP,10109,7249,GAP,COVERAGE_GAP,3527,22250,GAP,COVERAGE_GAP,-6807,5560,GAP,COVERAGE_GAP,-9347,71216,GAP
fp1sig-5b14b3347c8a1a244eb80b07,3UMRBojgP4w8RkENHZQkS3tLG1Hxsn7EEPWr3PfEpump,2026-08-18T15:10:37.390638+00:00,SOL_NATIVE,-290,-5329,False,GAP,OBSERVABLE,-3173,597,COMPLETE,OBSERVABLE,-4039,2235,COMPLETE,OBSERVABLE,-4031,4709,COMPLETE,COVERAGE_GAP,-5329,19376,GAP,COVERAGE_GAP,-5329,79376,GAP,COVERAGE_GAP,-5329,259376,GAP
fp1sig-88a21c779ce0437b1464302b,7B7PcAsLqB2q7SejUxJMoETwx2CWV95Qqmnt9WXVpump,2026-08-18T15:11:02.712088+00:00,SOL_NATIVE,664,-3035,False,GAP,OBSERVABLE,-1956,797,COMPLETE,OBSERVABLE,-2083,6069,COMPLETE,COVERAGE_GAP,-2083,21069,GAP,COVERAGE_GAP,-2083,51069,GAP,COVERAGE_GAP,-2083,111069,GAP,COVERAGE_GAP,-2083,291069,GAP
fp1sig-07079496e78da60750e4bc99,8Rc8K5DsA82qker7WYZ5AYP7gbu8vzJaE5VoEgAYkyAT,2026-08-18T15:12:12.089382+00:00,SOL_NATIVE,537,-3300,False,GAP,OBSERVABLE,340,201,COMPLETE,OBSERVABLE,80,7720,COMPLETE,OBSERVABLE,-46,7614,COMPLETE,COVERAGE_GAP,-110,23947,GAP,COVERAGE_GAP,-3298,43299,GAP,COVERAGE_GAP,-3298,223299,GAP
fp1sig-77a0afb425881e91d5d95436,BeWYjaUbQnd5thLtsycuhdFh4DPgUfbGSSGnVYTgpump,2026-08-18T15:12:21.834694+00:00,SOL_NATIVE,3940,-9977,False,GAP,NO_FUTURE_PRICE,,,COMPLETE,OBSERVABLE,3211,2353,COMPLETE,OBSERVABLE,-583,1465,COMPLETE,COVERAGE_GAP,-9300,2117,GAP,COVERAGE_GAP,-9977,17030,GAP,COVERAGE_GAP,-9977,197030,GAP
fp1sig-39ff79696f78c12fe9b7638a,AtYYkehsx7GyMekkYoH51EpS2EnnCHNmsmjxUeQ9pump,2026-08-18T15:12:34.453948+00:00,SOL_NATIVE,,,False,GAP,NO_FUTURE_PRICE,,,COMPLETE,NO_FUTURE_PRICE,,,COMPLETE,COVERAGE_GAP,,,GAP,COVERAGE_GAP,,,GAP,COVERAGE_GAP,,,GAP,COVERAGE_GAP,,,GAP
fp1sig-b999769db117623bc89731f8,wruRZnzAAJwMV9dYB8DNGo8Ak5AZcWfxzFCgShvpump,2026-08-18T15:13:10.753827+00:00,SOL_NATIVE,1092,-4895,False,GAP,OBSERVABLE,81,597,COMPLETE,OBSERVABLE,201,1392,COMPLETE,COVERAGE_GAP,919,5304,GAP,COVERAGE_GAP,-2294,1162,GAP,COVERAGE_GAP,-4882,9366,GAP,COVERAGE_GAP,-4882,189366,GAP
fp1sig-1e6e01a9db7489f7e1680fa8,5Q1TXEM1J4AFwK3JVr1ea9M6d91NHw3eqVuXc2KKpump,2026-08-18T15:13:49.201304+00:00,SOL_NATIVE,721,-5019,False,GAP,OBSERVABLE,528,301,COMPLETE,OBSERVABLE,721,3687,COMPLETE,OBSERVABLE,-586,741,COMPLETE,COVERAGE_GAP,-3026,954,GAP,COVERAGE_GAP,-2845,1578,GAP,COVERAGE_GAP,-5019,519,GAP
fp1sig-f35ee6921743953c758de469,6aNcAXbqLxzRtsSzYqbAVFhnhV1pq9BpRwhfxCZwpump,2026-08-18T15:13:58.209562+00:00,SOL_NATIVE,16819,-9195,False,GAP,OBSERVABLE,1706,308,COMPLETE,OBSERVABLE,-2128,3587,COMPLETE,COVERAGE_GAP,3437,5814,GAP,COVERAGE_GAP,7784,14627,GAP,COVERAGE_GAP,7914,47684,GAP,COVERAGE_GAP,-9106,4723,GAP
fp1sig-ffc7267841915acf7e10c15b,CCwMj1iJvQ61akakwhz3SD1op5AjdTgfuevdAFNMpump,2026-08-18T15:15:08.041627+00:00,SOL_NATIVE,350,-6783,False,GAP,OBSERVABLE,350,2511,COMPLETE,COVERAGE_GAP,350,12511,GAP,COVERAGE_GAP,350,27511,GAP,COVERAGE_GAP,350,57511,GAP,COVERAGE_GAP,-6783,20447,GAP,COVERAGE_GAP,-6783,200447,GAP
fp1sig-d93c10b8f0a999347a457d97,2dTWhrw39Z3CaMsaYL7zm2uhnzegRNDJje2AnPPLpump,2026-08-18T15:16:17.457772+00:00,SOL_NATIVE,-224,-2791,False,GAP,NO_FUTURE_PRICE,,,COMPLETE,OBSERVABLE,-2658,1468,COMPLETE,COVERAGE_GAP,-1287,7512,GAP,COVERAGE_GAP,-1287,37512,GAP,COVERAGE_GAP,-1287,97512,GAP,COVERAGE_GAP,-1287,277512,GAP
fp1sig-2bb6a170cf6d675c3ed5280e,EoEZ8gDkEDMQd8iE4XJULhQ5rD6FiCUmxpfCvr8cpump,2026-08-18T15:17:48.419880+00:00,SOL_NATIVE,17575,-4830,False,GAP,OBSERVABLE,-356,653,COMPLETE,OBSERVABLE,-135,1726,COMPLETE,COVERAGE_GAP,508,5998,GAP,COVERAGE_GAP,-4513,3945,GAP,COVERAGE_GAP,9403,6690,GAP,COVERAGE_GAP,17575,37666,GAP
fp1sig-7ca0ce592a1759d7f3c7cffc,DzHCzW1YuXJXKGWpxkBiSWkrqRPYwxftG9ytbtRwpump,2026-08-18T15:17:48.435880+00:00,SOL_NATIVE,6329,3228,False,GAP,NO_FUTURE_PRICE,,,COMPLETE,NO_FUTURE_PRICE,,,COMPLETE,COVERAGE_GAP,4828,6072,GAP,COVERAGE_GAP,4828,36072,GAP,COVERAGE_GAP,4828,96072,GAP,COVERAGE_GAP,4828,276072,GAP
fp1sig-d96e8be480627d6b6a3a6e14,DMXBsVBwfuzc5axa2vz6Ba2BzAxcUmn6V7ZtsJFEpump,2026-08-18T15:18:19.653594+00:00,SOL_NATIVE,8001,-43,False,GAP,OBSERVABLE,78,376,COMPLETE,OBSERVABLE,500,1544,COMPLETE,OBSERVABLE,390,2916,COMPLETE,COVERAGE_GAP,7576,718,GAP,COVERAGE_GAP,7568,35836,GAP,COVERAGE_GAP,7568,215836,GAP
fp1sig-116b55379e0034ef2183ee29,EA7RhMjFhyixeA6naXLk4XCdnhN8sj7tKZEx17qnpump,2026-08-18T15:19:18.933151+00:00,SOL_NATIVE,827,-6310,False,GAP,OBSERVABLE,-1147,260,COMPLETE,OBSERVABLE,-980,3510,COMPLETE,COVERAGE_GAP,103,5095,GAP,COVERAGE_GAP,-2573,1811,GAP,COVERAGE_GAP,-322,8507,GAP,COVERAGE_GAP,-5899,61562,GAP
fp1sig-1481c88e0415413abb5e1f97,36cgrUfUhsoXaM7ez9yJfCj3mk76UedWhQdDLM68pump,2026-08-18T15:20:07.657135+00:00,SOL_NATIVE,10080,-3383,False,GAP,OBSERVABLE,123,4970,COMPLETE,OBSERVABLE,194,5503,COMPLETE,COVERAGE_GAP,-1477,4206,GAP,COVERAGE_GAP,3395,6886,GAP,COVERAGE_GAP,10080,27550,GAP,COVERAGE_GAP,-264,117514,GAP
fp1sig-b25bb045420fd50d96d071d5,HywDGuEWP2La1oBokids5bxCVdLYiVAsCnegeED8ZjbA,2026-08-18T15:21:40.108529+00:00,SOL_NATIVE,4408,-3202,False,GAP,NO_FUTURE_PRICE,,,COMPLETE,NO_FUTURE_PRICE,,,COMPLETE,NO_FUTURE_PRICE,,,COMPLETE,COVERAGE_GAP,4408,24622,GAP,COVERAGE_GAP,-1671,931,GAP,COVERAGE_GAP,-1840,6685,GAP
fp1sig-4f63214e27daf5a19ecb0f06,9RmTCsQzTTiCz6udn2dfhXGRytYZToZun5pRKYXUpump,2026-08-18T15:21:47.570064+00:00,QUOTE:EPjFWdd5AufqSSqeM2qN1xzybapC8G4wEGGkZwyTDt1v,1631,-8401,False,GAP,NO_FUTURE_PRICE,,,COMPLETE,OBSERVABLE,-2263,3460,COMPLETE,COVERAGE_GAP,1631,11386,GAP,COVERAGE_GAP,-8305,3885,GAP,COVERAGE_GAP,-8305,63885,GAP,COVERAGE_GAP,-8305,243885,GAP
fp1sig-c7fb07ecbb91d6aca9fd7b4b,KmmYC2hyBYYawxEkxxxfJoXojDyNroqBybbtECPpump,2026-08-18T15:21:51.941916+00:00,SOL_NATIVE,17964,239,False,GAP,NO_FUTURE_PRICE,,,COMPLETE,OBSERVABLE,256,7863,COMPLETE,COVERAGE_GAP,10846,4062,GAP,COVERAGE_GAP,11127,3570,GAP,COVERAGE_GAP,14093,10071,GAP,COVERAGE_GAP,3848,5951,GAP
fp1sig-a8439431b380530a71d7fdb5,4kjU3LLx9FRRqcsErWeR3zNfgXc8mB7cn5gyQoWGpump,2026-08-18T15:23:39.178176+00:00,SOL_NATIVE,1306,-5790,False,GAP,OBSERVABLE,1304,2284,COMPLETE,COVERAGE_GAP,-4671,3117,GAP,COVERAGE_GAP,-4671,18117,GAP,COVERAGE_GAP,-5790,21358,GAP,COVERAGE_GAP,-5790,81358,GAP,COVERAGE_GAP,-5790,261358,GAP
fp1sig-62721647b90c8bb3e153249a,4DbgSg4QJRMrv4eJ9Pf6SuzrotAzgu6e33saQhrwpump,2026-08-18T15:24:22.355316+00:00,SOL_NATIVE,4884,-6768,False,GAP,OBSERVABLE,4488,192,COMPLETE,COVERAGE_GAP,3716,7628,GAP,COVERAGE_GAP,2310,397,GAP,COVERAGE_GAP,4642,2339,GAP,COVERAGE_GAP,-2686,38424,GAP,COVERAGE_GAP,-5286,14782,GAP
fp1sig-6c69f035dd7f015886e8bf9a,4a889pa56R9feqq1TwzcEQwHqj837GMQDaCPMxVupump,2026-08-18T15:24:59.242437+00:00,SOL_NATIVE,656,-700,False,GAP,NO_FUTURE_PRICE,,,COMPLETE,NO_FUTURE_PRICE,,,COMPLETE,COVERAGE_GAP,-580,11213,GAP,COVERAGE_GAP,-700,15275,GAP,COVERAGE_GAP,-16,13209,GAP,COVERAGE_GAP,-504,80643,GAP
fp1sig-a34658f040777f78b0e10548,2RbqmaKBqqE7pZJ8Muo5by5rUb75Q36cSw3CUmoupump,2026-08-18T15:25:46.230985+00:00,SOL_NATIVE,656,-3770,False,GAP,OBSERVABLE,656,53,COMPLETE,OBSERVABLE,442,337,COMPLETE,COVERAGE_GAP,-3163,260,GAP,COVERAGE_GAP,-3153,5394,GAP,COVERAGE_GAP,-3153,65394,GAP,COVERAGE_GAP,-3588,107925,GAP
fp1sig-5433a4fcc25a047b2ecf1b55,Be1PVm1QXqQoUmrwXzErGTc7wkqkSJnPujc4mNXGpump,2026-08-18T15:26:51.082910+00:00,SOL_NATIVE,,,False,GAP,COVERAGE_GAP,,,GAP,COVERAGE_GAP,,,GAP,COVERAGE_GAP,,,GAP,COVERAGE_GAP,,,GAP,COVERAGE_GAP,,,GAP,COVERAGE_GAP,,,GAP
fp1sig-f77465ad36bc8166ca08848b,8NyBM7qTRkhu92nnoZgCSaskhNdAxJV89cHBjonFpump,2026-08-18T15:27:10.227350+00:00,SOL_NATIVE,1044,-5442,False,GAP,OBSERVABLE,987,449,COMPLETE,OBSERVABLE,-906,1368,COMPLETE,OBSERVABLE,-5442,2385,COMPLETE,COVERAGE_GAP,-5442,32385,GAP,COVERAGE_GAP,-5442,92385,GAP,COVERAGE_GAP,-5442,272385,GAP
fp1sig-2833fc2bdfcff490c33d6054,HytWXd83c8mYWhkhkN6fLKHKP4s9Qs5UvUAZZbu5pump,2026-08-18T15:27:28.575790+00:00,SOL_NATIVE,2108,-4051,False,GAP,NO_FUTURE_PRICE,,,COMPLETE,COVERAGE_GAP,,,GAP,COVERAGE_GAP,,,GAP,COVERAGE_GAP,-316,8112,GAP,COVERAGE_GAP,-4051,25340,GAP,COVERAGE_GAP,183,27610,GAP
fp1sig-29460a8d90fb00be285f2d9c,4x3fk2NCAjeZL7Zw3kQb9F86CygtdH2A3oQPT3aFpump,2026-08-18T15:28:06.398561+00:00,SOL_NATIVE,959,-3856,False,GAP,OBSERVABLE,590,4947,COMPLETE,OBSERVABLE,840,3221,COMPLETE,COVERAGE_GAP,840,18221,GAP,COVERAGE_GAP,-2473,15815,GAP,COVERAGE_GAP,-3024,21306,GAP,COVERAGE_GAP,-3856,70148,GAP
fp1sig-c66659eab69e1217d8ddb133,9PTH9TNLipkBnWvb4HqJi3oMrLyQthFvEFyMzqyzpump,2026-08-18T15:28:13.498800+00:00,QUOTE:EPjFWdd5AufqSSqeM2qN1xzybapC8G4wEGGkZwyTDt1v,1325,-2080,False,GAP,OBSERVABLE,1325,2530,COMPLETE,OBSERVABLE,-2080,3180,COMPLETE,COVERAGE_GAP,-2080,18180,GAP,COVERAGE_GAP,-2080,48180,GAP,COVERAGE_GAP,-2080,108180,GAP,COVERAGE_GAP,-2080,288180,GAP
fp1sig-988774417a2f1c3727621cae,6Zx8x6VnkPTnzu4omumc9ff9J9SpjAXmfEoXuaZhpump,2026-08-18T15:29:59.345521+00:00,QUOTE:EPjFWdd5AufqSSqeM2qN1xzybapC8G4wEGGkZwyTDt1v,,,False,GAP,NO_FUTURE_PRICE,,,COMPLETE,COVERAGE_GAP,,,GAP,COVERAGE_GAP,,,GAP,COVERAGE_GAP,,,GAP,COVERAGE_GAP,,,GAP,COVERAGE_GAP,,,GAP
fp1sig-c07cb694eb96897e41871484,EPfNaVs3dJ3wK33hVFPDCuFCaGJ5fPTYPD14sbhopump,2026-08-18T15:30:13.494003+00:00,SOL_NATIVE,8333,-351,False,GAP,OBSERVABLE,-113,4397,COMPLETE,OBSERVABLE,-351,1796,COMPLETE,OBSERVABLE,-283,2508,COMPLETE,COVERAGE_GAP,1091,481,GAP,COVERAGE_GAP,5619,3081,GAP,COVERAGE_GAP,8217,16350,GAP
fp1sig-45c5d09690963e6f399fde61,FTjc3JJPUutBcvVWzifJwUhtjhkcS1Yo6b8peX4npump,2026-08-18T15:31:20.324364+00:00,SOL_NATIVE,-288,-1767,False,GAP,OBSERVABLE,-288,2382,COMPLETE,OBSERVABLE,-1767,7333,COMPLETE,OBSERVABLE,-1767,22333,COMPLETE,COVERAGE_GAP,-1767,52333,GAP,COVERAGE_GAP,-1767,112333,GAP,COVERAGE_GAP,-1767,292333,GAP
fp1sig-435d4c77ca455ebd6b458fbd,7JTebRp9CUq4eX9YEbrPRCBHYyd78dDx7jN2Eptzpump,2026-08-18T15:32:37.338521+00:00,SOL_NATIVE,-5710,-5710,False,GAP,COVERAGE_GAP,,,GAP,COVERAGE_GAP,,,GAP,COVERAGE_GAP,,,GAP,COVERAGE_GAP,-5710,21165,GAP,COVERAGE_GAP,-5710,81165,GAP,COVERAGE_GAP,-5710,261165,GAP
fp1sig-a24ed209554d08b981b1c241,HsexDRQ2jUVtiWeN4aRJVhoV41s9aWLWTKJNeK76pump,2026-08-18T15:32:51.226592+00:00,SOL_NATIVE,2489,2489,False,GAP,NO_FUTURE_PRICE,,,COMPLETE,NO_FUTURE_PRICE,,,COMPLETE,OBSERVABLE,2489,12972,COMPLETE,COVERAGE_GAP,2489,42972,GAP,COVERAGE_GAP,2489,102972,GAP,COVERAGE_GAP,2489,282972,GAP
fp1sig-080583c312eea9264bb8087a,8u72xJAbLJmuCEyfGtDGB3UBidQyKGgaBQNm11NXXZCb,2026-08-18T15:32:58.689026+00:00,SOL_NATIVE,692,-4806,False,GAP,OBSERVABLE,152,4962,COMPLETE,OBSERVABLE,152,14962,COMPLETE,COVERAGE_GAP,152,29962,GAP,COVERAGE_GAP,692,11587,GAP,COVERAGE_GAP,-4806,4108,GAP,COVERAGE_GAP,-3747,94428,GAP
fp1sig-b8a154f2492e68533375b10f,B9cvX9jEHSSafCj4v2keapUAE1MPXJSj5VCbsi68pump,2026-08-18T15:33:29.815525+00:00,SOL_NATIVE,-916,-5378,False,GAP,NO_FUTURE_PRICE,,,COMPLETE,NO_FUTURE_PRICE,,,COMPLETE,NO_FUTURE_PRICE,,,COMPLETE,COVERAGE_GAP,-916,13868,GAP,COVERAGE_GAP,-916,73868,GAP,COVERAGE_GAP,-5378,135186,GAP
fp1sig-4680646788ab828e4a4054d1,7dVfPAwXPznaPG4xTViiSGGL71ZsVRwzwx2Gk1sBpump,2026-08-18T15:33:37.362609+00:00,SOL_NATIVE,8829,-4678,False,GAP,OBSERVABLE,-1655,2489,COMPLETE,OBSERVABLE,-1214,2729,COMPLETE,OBSERVABLE,1469,1823,COMPLETE,COVERAGE_GAP,8829,4362,GAP,COVERAGE_GAP,-567,15481,GAP,COVERAGE_GAP,-4019,16199,GAP
fp1sig-61a407aacdfa292cbdca6756,2BQRTS9oQ3JaVVWuL8v2pV81iBxHU9DzLgMhHHufpump,2026-08-18T15:34:54.581753+00:00,SOL_NATIVE,2761,-4296,False,GAP,OBSERVABLE,-944,2395,COMPLETE,COVERAGE_GAP,-944,12395,GAP,COVERAGE_GAP,-944,27395,GAP,COVERAGE_GAP,-4296,16624,GAP,COVERAGE_GAP,-4296,76624,GAP,COVERAGE_GAP,-4296,256624,GAP
fp1sig-3f72dfd31369619d09158ea9,3qik1b57uXP8udgTaL22Bm3BozMnsQXuuymcUk7Kpump,2026-08-18T15:39:44.848374+00:00,SOL_NATIVE,1836,-5825,False,GAP,OBSERVABLE,1092,2464,COMPLETE,OBSERVABLE,923,289,COMPLETE,OBSERVABLE,1836,10649,COMPLETE,COVERAGE_GAP,1767,26128,GAP,COVERAGE_GAP,-3569,1475,GAP,COVERAGE_GAP,-3582,7411,GAP
fp1sig-dfbbd6b2398f74c55847a8bd,7AB6VuvEb1fD6D78kLRpnXmb8GV4uVYmJi6W756tpump,2026-08-18T15:39:54.839510+00:00,SOL_NATIVE,7968,-2995,False,GAP,OBSERVABLE,-382,281,COMPLETE,OBSERVABLE,-1445,5583,COMPLETE,COVERAGE_GAP,-1446,3556,GAP,COVERAGE_GAP,-1446,33556,GAP,COVERAGE_GAP,-1062,4138,GAP,COVERAGE_GAP,7830,9487,GAP
fp1sig-e689fe1907574e5baa9b06b2,ARQ6d1QAkadC7XCLvusJ9YXArTNRKYB8xhd9YDqbpump,2026-08-18T15:42:21.630309+00:00,SOL_NATIVE,4086,1719,False,GAP,OBSERVABLE,4086,2991,COMPLETE,OBSERVABLE,2395,5541,COMPLETE,COVERAGE_GAP,2395,20541,GAP,COVERAGE_GAP,2395,50541,GAP,COVERAGE_GAP,2395,110541,GAP,COVERAGE_GAP,2395,290541,GAP
fp1sig-d5e05bf3423623c3baf2f333,HUxMtwnKnLHR1Sknw3JbSV89PxFWSsY6w3HqMvo8pump,2026-08-18T15:42:40.730497+00:00,SOL_NATIVE,2659,-8241,False,GAP,OBSERVABLE,65,2345,COMPLETE,OBSERVABLE,65,12345,COMPLETE,OBSERVABLE,44,310,COMPLETE,COVERAGE_GAP,2086,2452,GAP,COVERAGE_GAP,2569,3287,GAP,COVERAGE_GAP,-8241,155153,GAP
fp1sig-646a6ccfc4b692ad7cec6448,CVV9ySvTvrnMfzH2KiKTkfwHrNCcBefXrqCGJT9Lpump,2026-08-18T15:42:43.442991+00:00,SOL_NATIVE,3054,-5488,False,GAP,OBSERVABLE,-828,2490,COMPLETE,OBSERVABLE,3054,2798,COMPLETE,OBSERVABLE,2378,5211,COMPLETE,COVERAGE_GAP,2726,2906,GAP,COVERAGE_GAP,1044,3372,GAP,COVERAGE_GAP,-5483,68868,GAP
fp1sig-945bf89b5f93a0ee6937abb3,J93nJaKYSUSPHumjXdGg8VA6YXNDoHrTDUH8EwiPpump,2026-08-18T15:44:35.015656+00:00,SOL_NATIVE,-1376,-8071,False,GAP,OBSERVABLE,-2806,2522,COMPLETE,OBSERVABLE,-1482,4630,COMPLETE,COVERAGE_GAP,-2075,7184,GAP,COVERAGE_GAP,-7368,361,GAP,COVERAGE_GAP,-7679,22589,GAP,COVERAGE_GAP,-8071,53562,GAP
fp1sig-0dc907675b48ea17b4ab6317,G4UqR5d95ZV4uxwfqUCFu1TQ4Zqo8gRfooz8QsE5pump,2026-08-18T15:44:45.370154+00:00,QUOTE:EPjFWdd5AufqSSqeM2qN1xzybapC8G4wEGGkZwyTDt1v,558,-9752,False,GAP,OBSERVABLE,-2145,288,COMPLETE,OBSERVABLE,558,2538,COMPLETE,COVERAGE_GAP,558,17538,GAP,COVERAGE_GAP,558,47538,GAP,COVERAGE_GAP,-9752,8512,GAP,COVERAGE_GAP,-9752,188512,GAP
fp1sig-2164fa3653e849a6187fb00e,BEzxsHEdfs5joU9SWpNo8qL7p4UHb8ZtJBbs57Jppump,2026-08-18T15:45:16.317702+00:00,SOL_NATIVE,358,-41,False,GAP,NO_FUTURE_PRICE,,,COMPLETE,NO_FUTURE_PRICE,,,COMPLETE,NO_FUTURE_PRICE,,,COMPLETE,COVERAGE_GAP,-41,27336,GAP,COVERAGE_GAP,358,44312,GAP,COVERAGE_GAP,358,224312,GAP
fp1sig-b2afa350683ad9452cff0071,BWUsLEwgy3X9pCmEzsvcXp5r5H7GubEuU7YDSxXmpump,2026-08-18T15:45:29.290966+00:00,SOL_NATIVE,397675,-5742,False,GAP,OBSERVABLE,-868,2171,COMPLETE,OBSERVABLE,-535,1946,COMPLETE,COVERAGE_GAP,2813,12768,GAP,COVERAGE_GAP,126059,2184,GAP,COVERAGE_GAP,240159,10722,GAP,COVERAGE_GAP,-4311,1966,GAP
fp1sig-622264720288050e1399996f,DyQdMnRbn6CxiG1gtyLYE8VS1Dc2jHyaAUawxFHRpump,2026-08-18T15:45:34.629229+00:00,QUOTE:EPjFWdd5AufqSSqeM2qN1xzybapC8G4wEGGkZwyTDt1v,114,-4875,False,GAP,OBSERVABLE,-2311,2267,COMPLETE,OBSERVABLE,-4368,633,COMPLETE,COVERAGE_GAP,-4368,15633,GAP,COVERAGE_GAP,-4368,45633,GAP,COVERAGE_GAP,-4368,105633,GAP,COVERAGE_GAP,-4368,285633,GAP
fp1sig-edc5700b2f62526fcf41c61e,85P67BdHzxczZ5JpfXZvb73Xuu7SK7H4QRt7Tvoipump,2026-08-18T15:45:39.740130+00:00,SOL_NATIVE,3222,-9345,False,GAP,OBSERVABLE,97,59,COMPLETE,COVERAGE_GAP,-3799,199,GAP,COVERAGE_GAP,-3799,15199,GAP,COVERAGE_GAP,428,2929,GAP,COVERAGE_GAP,-8977,18654,GAP,COVERAGE_GAP,-8977,198654,GAP
fp1sig-dd6ca727e293c73254270a81,GiNiPsAHXGWYgiZTP2E6zQUCjE4CvoPeySgZjZV1pump,2026-08-18T15:45:59.867995+00:00,SOL_NATIVE,491,105,False,GAP,OBSERVABLE,491,2376,COMPLETE,OBSERVABLE,491,12376,COMPLETE,OBSERVABLE,491,27376,COMPLETE,COVERAGE_GAP,491,57376,GAP,COVERAGE_GAP,491,117376,GAP,COVERAGE_GAP,491,297376,GAP
fp1sig-1e39635e5eec4bef1df489cf,3BdkGUuBGBEeCSP9rTUhPs5KkXV8K6aRuPPH6dy8pump,2026-08-18T15:46:24.778041+00:00,SOL_NATIVE,-815,-9987,False,GAP,OBSERVABLE,-901,2672,COMPLETE,OBSERVABLE,-815,2922,COMPLETE,COVERAGE_GAP,-7749,2957,GAP,COVERAGE_GAP,-7091,3678,GAP,COVERAGE_GAP,-9890,3171,GAP,COVERAGE_GAP,-9981,51021,GAP
fp1sig-266ad3ff89479fcce0c9707b,9VvK3M6rt9mWPuLztYcUhQ9HhC51xkqsTvbqYLsn8QxS,2026-08-18T15:46:36.833512+00:00,SOL_NATIVE,-3538,-3538,False,GAP,COVERAGE_GAP,,,GAP,COVERAGE_GAP,,,GAP,COVERAGE_GAP,,,GAP,COVERAGE_GAP,,,GAP,COVERAGE_GAP,,,GAP,COVERAGE_GAP,-3538,151472,GAP
fp1sig-a02b7d5a162428db8c6bd167,4rGwxqhKEYmxes5XU9huLSihFfDKGRbo4a7d5zgKpump,2026-08-18T15:47:26.032448+00:00,SOL_NATIVE,15032,-1782,False,GAP,COVERAGE_GAP,,,GAP,COVERAGE_GAP,,,GAP,COVERAGE_GAP,,,GAP,COVERAGE_GAP,-1782,25820,GAP,COVERAGE_GAP,8977,15662,GAP,COVERAGE_GAP,1854,9213,GAP
fp1sig-dad0dc0cdbfd873997c323eb,7ATS6jVtX2c3hX3WHmkZKqrqmXFVhK4VXyoLGpwepump,2026-08-18T15:48:58.630018+00:00,QUOTE:EPjFWdd5AufqSSqeM2qN1xzybapC8G4wEGGkZwyTDt1v,-6609,-7815,False,GAP,COVERAGE_GAP,,,GAP,COVERAGE_GAP,-7281,600,GAP,COVERAGE_GAP,-7625,447,GAP,COVERAGE_GAP,-7094,13275,GAP,COVERAGE_GAP,-7094,73275,GAP,COVERAGE_GAP,-7094,253275,GAP
fp1sig-936185e449f915c7a88e929c,R1evg4uF72mNz9U7bBQBFbjitNDixdwrDv65zWNpump,2026-08-18T15:49:28.214436+00:00,SOL_NATIVE,4971,-1613,False,GAP,OBSERVABLE,610,531,COMPLETE,OBSERVABLE,2559,360,COMPLETE,COVERAGE_GAP,3634,816,GAP,COVERAGE_GAP,3778,18558,GAP,COVERAGE_GAP,2038,10147,GAP,COVERAGE_GAP,3733,6365,GAP
fp1sig-1bb7a32ac075dba62b329101,5SPinjzQzKZtbEy2avECoJhvRE1gteBEZFLAAPeWpump,2026-08-18T15:51:42.982991+00:00,SOL_NATIVE,-817,-4936,False,GAP,OBSERVABLE,-817,2302,COMPLETE,OBSERVABLE,-3895,2971,COMPLETE,OBSERVABLE,-4874,3608,COMPLETE,COVERAGE_GAP,-4874,33608,GAP,COVERAGE_GAP,-4874,93608,GAP,COVERAGE_GAP,-4874,273608,GAP
fp1sig-15c3e5023f20100570025551,BNgDzPDGWXfeXEWjrkioqTT77bnCgNZWSxvgRH85pump,2026-08-18T15:51:45.638989+00:00,SOL_NATIVE,15927,-1321,False,GAP,NO_FUTURE_PRICE,,,COMPLETE,OBSERVABLE,471,1242,COMPLETE,COVERAGE_GAP,471,16242,GAP,COVERAGE_GAP,-1124,5906,GAP,COVERAGE_GAP,3740,29901,GAP,COVERAGE_GAP,1232,2962,GAP
fp1sig-0c3a4ec34478bf265a17502b,EDMusteWGdi1CMhqFQqUwWhCwEB9Zf4X9DRVTXHspump,2026-08-18T15:51:56.872257+00:00,SOL_NATIVE,2960,-5865,False,GAP,OBSERVABLE,503,2350,COMPLETE,OBSERVABLE,537,2476,COMPLETE,COVERAGE_GAP,2955,40,GAP,COVERAGE_GAP,1492,95,GAP,COVERAGE_GAP,-2760,2,GAP,COVERAGE_GAP,-5865,1942,GAP
fp1sig-fe84bcd80c1d36d7ad45c469,62aiaEPjDodJPVSwVZfpZnaKqBEexLDXQh64wHYKpump,2026-08-18T15:52:09.339066+00:00,SOL_NATIVE,,,False,GAP,COVERAGE_GAP,,,GAP,COVERAGE_GAP,,,GAP,COVERAGE_GAP,,,GAP,COVERAGE_GAP,,,GAP,COVERAGE_GAP,,,GAP,COVERAGE_GAP,,,GAP
fp1sig-570bf0b7bfc29a7fa76ef648,FKwUdsxpMeMjH8j7M6BQ7V41LLnk5NJ3nXoim7ixpump,2026-08-18T15:54:09.110200+00:00,SOL_NATIVE,12846,42,False,GAP,NO_FUTURE_PRICE,,,COMPLETE,NO_FUTURE_PRICE,,,COMPLETE,COVERAGE_GAP,2641,1316,GAP,COVERAGE_GAP,2287,23197,GAP,COVERAGE_GAP,3682,22285,GAP,COVERAGE_GAP,12402,28540,GAP
fp1sig-c3f98de32c3892ad6f50e6bf,GxVmb3wBJ58giUvgEWeiVjgT96HMjhkStJRAuASvpump,2026-08-18T15:54:27.194733+00:00,SOL_NATIVE,14478,438,False,GAP,OBSERVABLE,438,4997,COMPLETE,COVERAGE_GAP,6600,6656,GAP,COVERAGE_GAP,8498,8587,GAP,COVERAGE_GAP,14478,18111,GAP,COVERAGE_GAP,14478,78111,GAP,COVERAGE_GAP,14478,258111,GAP
fp1sig-a1a7df3ecfc7168b5718f51e,G9PqYykfEGYvTa3K8qZkkFL2Y2Tbet2dDaMhor4Spump,2026-08-18T15:55:49.180375+00:00,SOL_NATIVE,9247,-7122,False,GAP,OBSERVABLE,-281,2411,COMPLETE,OBSERVABLE,133,545,COMPLETE,COVERAGE_GAP,5578,435,GAP,COVERAGE_GAP,4595,1499,GAP,COVERAGE_GAP,-4786,7603,GAP,COVERAGE_GAP,-7122,46614,GAP
fp1sig-56fc920a5caee1871639d080,GXPeajkDoForJeyV1282eBtnXEAXiKqLMbXdEHTfpump,2026-08-18T15:56:42.714163+00:00,SOL_NATIVE,1345,-8777,False,GAP,OBSERVABLE,525,32,COMPLETE,OBSERVABLE,1345,2782,COMPLETE,COVERAGE_GAP,-8247,253,GAP,COVERAGE_GAP,-8250,22486,GAP,COVERAGE_GAP,-8588,28863,GAP,COVERAGE_GAP,-8577,33411,GAP
fp1sig-fae6d382a3a1c16e2b0ccfe7,9AnP6WHGoFgPDceRYhdmgw7UHPwtFfQpdGcab2gpump,2026-08-18T15:57:23.112997+00:00,SOL_NATIVE,21785,-4506,False,GAP,OBSERVABLE,902,2389,COMPLETE,OBSERVABLE,1177,2071,COMPLETE,COVERAGE_GAP,19829,1659,GAP,COVERAGE_GAP,21785,4511,GAP,COVERAGE_GAP,-1684,13973,GAP,COVERAGE_GAP,-4506,50334,GAP
fp1sig-d75a6643f9f0318357fe6951,GbGCAULLhV3GLoGZn89E8aQdswM7L4CokcECtDeJpump,2026-08-18T15:57:41.593223+00:00,SOL_NATIVE,127850,5317,False,GAP,NO_FUTURE_PRICE,,,COMPLETE,COVERAGE_GAP,102425,2593,GAP,COVERAGE_GAP,104405,286,GAP,COVERAGE_GAP,73127,975,GAP,COVERAGE_GAP,7139,2326,GAP,COVERAGE_GAP,7950,31,GAP
fp1sig-da46536322a5c30aadd8b611,E6QMPsawdyM8J9yJ6aDva8zuhzVuJnFkNn7qS1f7pump,2026-08-18T15:58:08.842579+00:00,SOL_NATIVE,592,-2315,False,GAP,OBSERVABLE,-511,2565,COMPLETE,OBSERVABLE,-2028,2690,COMPLETE,COVERAGE_GAP,-1955,7702,GAP,COVERAGE_GAP,-1955,37702,GAP,COVERAGE_GAP,-1955,97702,GAP,COVERAGE_GAP,-1955,277702,GAP
fp1sig-cc0ad494d15619757e8c97b7,7Yzz2SLcALcEdDekj8LnPdYDLVfQjX7f56u8nKuwpump,2026-08-18T16:00:02.526619+00:00,SOL_NATIVE,-61,-61,False,GAP,NO_FUTURE_PRICE,,,COMPLETE,COVERAGE_GAP,-61,9758,GAP,COVERAGE_GAP,-61,24758,GAP,COVERAGE_GAP,-61,54758,GAP,COVERAGE_GAP,-61,114758,GAP,COVERAGE_GAP,-61,294758,GAP
fp1sig-886d195aa87871f47f249e96,CwWwkSRLoW4XNzC9adxTTXY8vJozi3ksVJPgXfj6pump,2026-08-18T16:00:33.587019+00:00,SOL_NATIVE,518,-5173,False,GAP,OBSERVABLE,518,4998,COMPLETE,OBSERVABLE,484,9588,COMPLETE,COVERAGE_GAP,-4424,2174,GAP,COVERAGE_GAP,-4299,3673,GAP,COVERAGE_GAP,-1509,11849,GAP,COVERAGE_GAP,-4970,10015,GAP
fp1sig-846fd13a13480f76c5513d39,9U8sjdqSknDGc7n7mf4m99VZrRtz59CC9YhLCVAtpump,2026-08-18T16:01:03.937116+00:00,SOL_NATIVE,1852,-451,False,GAP,NO_FUTURE_PRICE,,,COMPLETE,OBSERVABLE,-11,9607,COMPLETE,OBSERVABLE,-298,4024,COMPLETE,COVERAGE_GAP,-277,21246,GAP,COVERAGE_GAP,421,11876,GAP,COVERAGE_GAP,1852,97308,GAP
fp1sig-13aa255d1968f001b16deb44,GqE36QjB3BhCxc9rv3sKrJDKByA7zGvytAKjfVX6pump,2026-08-18T16:02:13.583325+00:00,SOL_NATIVE,4389,-7817,False,GAP,OBSERVABLE,2165,2094,COMPLETE,OBSERVABLE,4389,4407,COMPLETE,COVERAGE_GAP,-6367,2025,GAP,COVERAGE_GAP,-5601,16160,GAP,COVERAGE_GAP,-5143,2177,GAP,COVERAGE_GAP,-2757,149397,GAP
fp1sig-aedb1c636254630589e5a6d6,GUZJzzN6URDwA44xqMW1dV2ve8mp3X4BPJp8N65jpump,2026-08-18T16:02:18.844172+00:00,SOL_NATIVE,2384,-3416,False,GAP,OBSERVABLE,1648,2158,COMPLETE,COVERAGE_GAP,1188,7312,GAP,COVERAGE_GAP,-3416,7318,GAP,COVERAGE_GAP,-3416,37318,GAP,COVERAGE_GAP,-3416,97318,GAP,COVERAGE_GAP,-3416,277318,GAP
fp1sig-4b1476bb764ac387cf5ce6d4,EH3iHdwbMbU5TD7zLKM1acAA6YKvWTw8GESGqYcFpump,2026-08-18T16:04:08.796079+00:00,SOL_NATIVE,9683,-474,False,GAP,NO_FUTURE_PRICE,,,COMPLETE,OBSERVABLE,196,2246,COMPLETE,OBSERVABLE,392,14589,COMPLETE,COVERAGE_GAP,4225,3816,GAP,COVERAGE_GAP,8852,11070,GAP,COVERAGE_GAP,-474,27723,GAP
fp1sig-ddc9d6444a99526d3b9ee4c3,DptUf61HtKqpawVKUUqTrb3YSFsfx9GsZXJVRr4bpump,2026-08-18T16:07:01.583107+00:00,SOL_NATIVE,-9862,-9974,False,GAP,NO_FUTURE_PRICE,,,COMPLETE,COVERAGE_GAP,,,GAP,COVERAGE_GAP,-9891,4698,GAP,COVERAGE_GAP,-9877,18624,GAP,COVERAGE_GAP,-9955,20541,GAP,COVERAGE_GAP,-9955,200541,GAP
fp1sig-84e2c9bedb17ca7dc3ec6f66,45kdkmxurUeNk75ux1jPXAEEPx83MiNyep4mXAz2pump,2026-08-18T16:08:56.380104+00:00,SOL_NATIVE,279,-6811,False,GAP,NO_FUTURE_PRICE,,,COMPLETE,NO_FUTURE_PRICE,,,COMPLETE,OBSERVABLE,-40,801,COMPLETE,COVERAGE_GAP,279,9829,GAP,COVERAGE_GAP,-3165,6574,GAP,COVERAGE_GAP,-6811,32937,GAP
fp1sig-84f268574a608cbdd35e1122,HWd66s1P7wmzNxTuqvo4ohow6q6LMsSKY3FoQf5ipump,2026-08-18T16:09:15.396351+00:00,SOL_NATIVE,27892,-9738,False,GAP,NO_FUTURE_PRICE,,,COMPLETE,OBSERVABLE,7939,2194,COMPLETE,COVERAGE_GAP,7939,17194,GAP,COVERAGE_GAP,27892,28816,GAP,COVERAGE_GAP,-9289,2513,GAP,COVERAGE_GAP,-9738,116841,GAP
fp1sig-6ea0793585d5613d2a1fdce6,6sio7F8T2ZdmMqJNDnAE7Z9uEfa5NSz6d5EQ2PVHpump,2026-08-18T16:09:25.545934+00:00,SOL_NATIVE,-6935,-9841,False,GAP,NO_FUTURE_PRICE,,,COMPLETE,COVERAGE_GAP,-7175,1786,GAP,COVERAGE_GAP,-7376,6615,GAP,COVERAGE_GAP,-9660,2354,GAP,COVERAGE_GAP,-9687,2242,GAP,COVERAGE_GAP,-9687,182242,GAP
fp1sig-9e6edbbec2d3e2917328efc1,Ha2E9efnDuoEWhBcZXgqpiPwT6P4WH3TqArwbHfQpump,2026-08-18T16:10:59.854407+00:00,SOL_NATIVE,-8649,-9781,False,GAP,NO_FUTURE_PRICE,,,COMPLETE,COVERAGE_GAP,-9172,1970,GAP,COVERAGE_GAP,-9540,1670,GAP,COVERAGE_GAP,-9335,3185,GAP,COVERAGE_GAP,-9637,25233,GAP,COVERAGE_GAP,-9637,205233,GAP
fp1sig-6e4e60a809c42bbadef45a57,9eQcyRj2d5jzaar9VitTLVWrQpL6RAGcy9QxnYMvpump,2026-08-18T16:11:12.868237+00:00,SOL_NATIVE,4522,-8694,False,GAP,OBSERVABLE,1162,2226,COMPLETE,OBSERVABLE,-3814,2269,COMPLETE,OBSERVABLE,-7682,1755,COMPLETE,COVERAGE_GAP,-8302,26905,GAP,COVERAGE_GAP,-8302,86905,GAP,COVERAGE_GAP,-8302,266905,GAP
fp1sig-9e1c3589f23b832091a23b65,6RZNdhUBrMzLHQn4sRwak5Rqkvthmt6JSCS3PxAopump,2026-08-18T16:11:35.692350+00:00,SOL_NATIVE,11749,-1268,False,GAP,NO_FUTURE_PRICE,,,COMPLETE,OBSERVABLE,1012,392,COMPLETE,COVERAGE_GAP,3730,2763,GAP,COVERAGE_GAP,4654,1126,GAP,COVERAGE_GAP,1174,1577,GAP,COVERAGE_GAP,1481,6,GAP
fp1sig-fed3c3eb959669c978e05ef2,J4kRumERgC3nWPjsLw8Q6gVH1tCs1tx8CzJSfmaipump,2026-08-18T16:11:47.800565+00:00,SOL_NATIVE,890,-9997,False,GAP,OBSERVABLE,890,2514,COMPLETE,COVERAGE_GAP,-8051,2565,GAP,COVERAGE_GAP,-7427,1758,GAP,COVERAGE_GAP,-7556,775,GAP,COVERAGE_GAP,-9178,3092,GAP,COVERAGE_GAP,-9995,12168,GAP
fp1sig-47bc7c04541b73d5ae32bffb,436kmyn86K89dy71LHworVnA59asDpa9PchD1Njcpump,2026-08-18T16:12:34.585573+00:00,SOL_NATIVE,6803,-7134,False,GAP,NO_FUTURE_PRICE,,,COMPLETE,COVERAGE_GAP,499,5202,GAP,COVERAGE_GAP,523,1843,GAP,COVERAGE_GAP,4581,203,GAP,COVERAGE_GAP,6339,2004,GAP,COVERAGE_GAP,-7134,11698,GAP
fp1sig-5eb4f797a2431785f0118234,Gb1PPHEAXin26fSxoVKSbmxmjhHVeUdFcymDxSzpump,2026-08-18T16:15:34.828291+00:00,SOL_NATIVE,0,-5827,False,GAP,OBSERVABLE,-804,629,COMPLETE,OBSERVABLE,-1710,8119,COMPLETE,COVERAGE_GAP,-1762,8411,GAP,COVERAGE_GAP,-4317,18942,GAP,COVERAGE_GAP,-4317,78942,GAP,COVERAGE_GAP,-5827,151969,GAP
fp1sig-7ccc485331c32bb83ebd164e,3mNm4jUj8A9uezMkrUGPJ6oqhPHTkZCz2qSd1VQLRA1a,2026-08-18T16:15:51.692136+00:00,SOL_NATIVE,-588,-6900,False,GAP,OBSERVABLE,-2826,249,COMPLETE,COVERAGE_GAP,-6824,31,GAP,COVERAGE_GAP,-6828,10065,GAP,COVERAGE_GAP,-6855,6200,GAP,COVERAGE_GAP,-6900,37599,GAP,COVERAGE_GAP,-6900,217599,GAP
fp1sig-a7109f636da1e7a8496c8fb7,ADhDT32vX3hnRGaB4ansFUeD1frLxvsDBxGvg7b2pump,2026-08-18T16:16:08.968519+00:00,SOL_NATIVE,-108,-7596,False,GAP,OBSERVABLE,-1903,2,COMPLETE,OBSERVABLE,-3756,881,COMPLETE,OBSERVABLE,-5819,3286,COMPLETE,COVERAGE_GAP,-6977,21026,GAP,COVERAGE_GAP,-6977,81026,GAP,COVERAGE_GAP,-6977,261026,GAP
fp1sig-73f9e2e9ece8579b8739324e,9R4FztKGrvaiQMAJiRrC9ZNT49KBMRSwnf69U39Kpump,2026-08-18T16:16:28.453712+00:00,QUOTE:EPjFWdd5AufqSSqeM2qN1xzybapC8G4wEGGkZwyTDt1v,-1629,-5636,False,GAP,OBSERVABLE,-2945,309,COMPLETE,OBSERVABLE,-4525,811,COMPLETE,COVERAGE_GAP,-4258,12965,GAP,COVERAGE_GAP,-5636,8360,GAP,COVERAGE_GAP,-5636,68360,GAP,COVERAGE_GAP,-5636,248360,GAP
fp1sig-e290013bfaef1ffe95984047,EzKQ9HbwsnyLA7gMCMkT565AiS6Ms6HiunrxWrSzheit,2026-08-18T16:19:41.353400+00:00,SOL_NATIVE,1435,-7447,False,GAP,OBSERVABLE,643,4960,COMPLETE,OBSERVABLE,-350,1703,COMPLETE,COVERAGE_GAP,-350,16703,GAP,COVERAGE_GAP,-7447,15230,GAP,COVERAGE_GAP,-7447,75230,GAP,COVERAGE_GAP,-7447,255230,GAP
fp1sig-b899e53912f25b115c63359f,5nKo8KMpoqwrJ8YWPamQ6jef6E5KMxzreha8QGrypump,2026-08-18T16:21:57.357716+00:00,SOL_NATIVE,4276,-9957,False,GAP,OBSERVABLE,-2133,2179,COMPLETE,OBSERVABLE,4276,973,COMPLETE,COVERAGE_GAP,2123,7717,GAP,COVERAGE_GAP,2123,37717,GAP,COVERAGE_GAP,2123,97717,GAP,COVERAGE_GAP,-9957,45297,GAP
fp1sig-8ec0b6b4d84905dbf09745f2,7e7BoAWtCBi5gHpGo4Cvz5tyJz2SZVUkVb8r9rFNpump,2026-08-18T16:23:18.376940+00:00,SOL_NATIVE,4898,66,False,GAP,OBSERVABLE,324,2580,COMPLETE,OBSERVABLE,696,1756,COMPLETE,COVERAGE_GAP,696,16756,GAP,COVERAGE_GAP,696,46756,GAP,COVERAGE_GAP,696,106756,GAP,COVERAGE_GAP,4898,22652,GAP
fp1sig-1f58c7fb32dfe8911626491c,6sNszQahQmQDMSYHSSgToffSYWKGiCyYdqhGdLbpump,2026-08-18T16:24:24.300153+00:00,SOL_NATIVE,-6522,-9711,False,GAP,COVERAGE_GAP,,,GAP,COVERAGE_GAP,-6566,595,GAP,COVERAGE_GAP,-8114,2072,GAP,COVERAGE_GAP,-6522,12892,GAP,COVERAGE_GAP,-9708,15277,GAP,COVERAGE_GAP,-9708,195277,GAP
fp1sig-424142ed29d71f1195ab58a6,3fAedbXLHtBZTw8nFciNGvFVBxH1dKfsLUcdPgMLpump,2026-08-18T16:24:46.745871+00:00,SOL_NATIVE,4926,-1899,False,GAP,NO_FUTURE_PRICE,,,COMPLETE,OBSERVABLE,0,3638,COMPLETE,OBSERVABLE,22,8010,COMPLETE,COVERAGE_GAP,-1899,1117,GAP,COVERAGE_GAP,4385,12543,GAP,COVERAGE_GAP,3719,124165,GAP
fp1sig-02bf63c428e304a0fd0a72d7,DBTHFgm3cbEAzt5osUsiNqcDbiqe31kUotig9q35pump,2026-08-18T16:25:08.823582+00:00,SOL_NATIVE,,,False,GAP,NO_FUTURE_PRICE,,,COMPLETE,COVERAGE_GAP,,,GAP,COVERAGE_GAP,,,GAP,COVERAGE_GAP,,,GAP,COVERAGE_GAP,,,GAP,COVERAGE_GAP,,,GAP
fp1sig-46a1bce53dc3a4acf13926cb,2HFphJeTZtSfgkYQL5A8VfzciFtYKvSp4YY4tjMRpump,2026-08-18T16:26:34.196004+00:00,SOL_NATIVE,7788,-9980,False,GAP,OBSERVABLE,1501,4969,COMPLETE,OBSERVABLE,1501,14969,COMPLETE,COVERAGE_GAP,656,2106,GAP,COVERAGE_GAP,4600,2455,GAP,COVERAGE_GAP,-7355,14194,GAP,COVERAGE_GAP,-9978,15968,GAP
fp1sig-a9249c6597bc5788e7069504,ESq2nk7qAue468yCVpswh66SqZskWztfUis7RW8npump,2026-08-18T16:27:28.934834+00:00,SOL_NATIVE,8889,-744,False,GAP,NO_FUTURE_PRICE,,,COMPLETE,OBSERVABLE,-744,4379,COMPLETE,COVERAGE_GAP,1465,3253,GAP,COVERAGE_GAP,-546,6561,GAP,COVERAGE_GAP,6019,17502,GAP,COVERAGE_GAP,8889,169874,GAP
fp1sig-d5f35194f334d80cca1a00ed,AsAeXvjQfndmi1sBvqe1Q7yKTcikUJ5B2PqtA5a9pump,2026-08-18T16:28:17.179642+00:00,SOL_NATIVE,5137,107,False,GAP,OBSERVABLE,107,4973,COMPLETE,OBSERVABLE,110,4177,COMPLETE,COVERAGE_GAP,110,19177,GAP,COVERAGE_GAP,1769,5796,GAP,COVERAGE_GAP,3114,24942,GAP,COVERAGE_GAP,1762,1270,GAP
fp1sig-a878c82c874c9abb76bb685f,2QUfcqAK5wEzjUDVDqHBqb4zgPkm36rQCEwMDtu4pump,2026-08-18T16:30:37.635708+00:00,SOL_NATIVE,4598,-4310,False,GAP,OBSERVABLE,1739,11,COMPLETE,OBSERVABLE,2457,1732,COMPLETE,COVERAGE_GAP,-4277,3606,GAP,COVERAGE_GAP,-4310,27058,GAP,COVERAGE_GAP,-4310,87058,GAP,COVERAGE_GAP,-4310,267058,GAP
fp1sig-ecde30af29d77c82fc2cf48e,VsthQwS5jGYxKAavUrCg93zWWkmhZv3oqqBaNPgpump,2026-08-18T16:32:24.754591+00:00,SOL_NATIVE,138,-5219,False,GAP,OBSERVABLE,79,2184,COMPLETE,OBSERVABLE,123,4722,COMPLETE,COVERAGE_GAP,-4515,7839,GAP,COVERAGE_GAP,-4557,5984,GAP,COVERAGE_GAP,-5219,38943,GAP,COVERAGE_GAP,-5219,218943,GAP
fp1sig-3d10e9a381a07546bbc7c3c1,GdGhFZYspFgtbyMwS25bg1y6CXKwq2mnL4AfzSJtaGjq,2026-08-18T16:32:57.919225+00:00,SOL_NATIVE,5667,-3547,False,GAP,OBSERVABLE,31,2444,COMPLETE,OBSERVABLE,446,1725,COMPLETE,OBSERVABLE,41,4395,COMPLETE,COVERAGE_GAP,1797,9486,GAP,COVERAGE_GAP,3276,5839,GAP,COVERAGE_GAP,-3403,6488,GAP
fp1sig-47e28cd40bfcc6d9dcacf444,BBoXjPBQqYZ8VPM7MWVszN6oPVYbhNPdPfzxz4nbpump,2026-08-18T16:33:40.173567+00:00,SOL_NATIVE,4743,-3325,False,GAP,OBSERVABLE,-350,2376,COMPLETE,OBSERVABLE,-691,2246,COMPLETE,OBSERVABLE,546,2116,COMPLETE,COVERAGE_GAP,1048,14335,GAP,COVERAGE_GAP,4743,12506,GAP,COVERAGE_GAP,3901,335,GAP
fp1sig-1f852553e3e8e2b184597d68,4E5XbSieDFTd3NFWwt4ufe1sEwdxiVuy9XS9aKQ8pump,2026-08-18T16:33:55.436296+00:00,SOL_NATIVE,150,-9013,False,GAP,OBSERVABLE,-2650,2339,COMPLETE,OBSERVABLE,-2496,2376,COMPLETE,COVERAGE_GAP,-5698,9979,GAP,COVERAGE_GAP,-5698,39979,GAP,COVERAGE_GAP,-5698,99979,GAP,COVERAGE_GAP,-9013,694,GAP
fp1sig-4de722c93142642176800c45,GwFHahno4suyrVqENPWnrPF2x9PaaQkA1Mqjuomxpump,2026-08-18T16:36:27.724589+00:00,SOL_NATIVE,5045,-9454,False,GAP,OBSERVABLE,3179,185,COMPLETE,OBSERVABLE,2093,1706,COMPLETE,COVERAGE_GAP,-687,14070,GAP,COVERAGE_GAP,-687,44070,GAP,COVERAGE_GAP,-9454,58045,GAP,COVERAGE_GAP,-8867,164925,GAP
fp1sig-e540ac5e0956daa6f282263d,77QEm9TjeEKuQPJsnqsKDbdswShJuG3YivwM8X1Kpump,2026-08-18T16:37:43.383340+00:00,SOL_NATIVE,1580,-5979,False,GAP,NO_FUTURE_PRICE,,,COMPLETE,OBSERVABLE,125,4307,COMPLETE,OBSERVABLE,309,8769,COMPLETE,COVERAGE_GAP,282,3548,GAP,COVERAGE_GAP,1480,8002,GAP,COVERAGE_GAP,-2157,8115,GAP
fp1sig-768aae4b420cb3724e6f3b57,E2u1QcunKtrXqXom6UCxpHP1pZ3Zn19Q3yzivq1xpump,2026-08-18T16:37:54.056222+00:00,SOL_NATIVE,542,-1389,False,GAP,OBSERVABLE,542,4941,COMPLETE,OBSERVABLE,542,14941,COMPLETE,OBSERVABLE,468,3106,COMPLETE,COVERAGE_GAP,468,33106,GAP,COVERAGE_GAP,-1093,10860,GAP,COVERAGE_GAP,-1389,69350,GAP
fp1sig-35b7137acda8e0f920fc8c81,7jNnpjyJ8WM42vpGnxHDMSGWHenAZ6i7yhnZMEJhpump,2026-08-18T16:38:51.365538+00:00,SOL_NATIVE,1695,-9580,False,GAP,NO_FUTURE_PRICE,,,COMPLETE,OBSERVABLE,1030,343,COMPLETE,OBSERVABLE,-4138,4300,COMPLETE,COVERAGE_GAP,-9470,126,GAP,COVERAGE_GAP,-9426,37825,GAP,COVERAGE_GAP,-9426,217825,GAP
fp1sig-e07a59ce57deb36e083d019a,Cefnnz8Mh3JhUNFPZ8EBgV9FAbVH4F4GcMyk2q8pump,2026-08-18T16:42:35.270304+00:00,SOL_NATIVE,983,-7408,False,GAP,OBSERVABLE,-70,2796,COMPLETE,OBSERVABLE,983,1985,COMPLETE,OBSERVABLE,602,14392,COMPLETE,COVERAGE_GAP,-6645,3863,GAP,COVERAGE_GAP,-7158,29592,GAP,COVERAGE_GAP,-7408,115832,GAP
fp1sig-5e181f0b65f19374b8ed185a,GVw4JNZcBXqZ1jBWiL2Fytk7KNm1z3Snuj9AHZ9spump,2026-08-18T16:44:16.286071+00:00,SOL_NATIVE,1381,-9771,False,GAP,OBSERVABLE,-449,4992,COMPLETE,OBSERVABLE,898,6884,COMPLETE,COVERAGE_GAP,1381,14420,GAP,COVERAGE_GAP,-9771,9307,GAP,COVERAGE_GAP,-9771,69307,GAP,COVERAGE_GAP,-9771,249307,GAP
fp1sig-5d78544a6b10f1ad41d0b424,JC2AsYN4xTvqzkQRAW8D3v8uSBpk1J1aiSGAqREKpump,2026-08-18T16:45:15.413412+00:00,SOL_NATIVE,950,-5965,False,GAP,OBSERVABLE,662,2179,COMPLETE,OBSERVABLE,-212,1571,COMPLETE,COVERAGE_GAP,-212,16571,GAP,COVERAGE_GAP,-4682,13900,GAP,COVERAGE_GAP,-5130,19474,GAP,COVERAGE_GAP,-5965,104320,GAP
fp1sig-25bdbc7bcdfb8d23388466d2,28azdhuyttWsy1Cxdp1BLsMWU1YXan2BMjdQD7nPpump,2026-08-18T16:45:23.537429+00:00,SOL_NATIVE,-177,-9655,False,GAP,NO_FUTURE_PRICE,,,COMPLETE,COVERAGE_GAP,-8383,1877,GAP,COVERAGE_GAP,-8748,2787,GAP,COVERAGE_GAP,-9365,10403,GAP,COVERAGE_GAP,-9655,46047,GAP,COVERAGE_GAP,-9655,226047,GAP
fp1sig-56782a2a98f0bde12b4b2c52,CmnMzq8ZSmdVLcLHgEY7swfCZjCtF9Yf1MEcDtGDpump,2026-08-18T16:46:10.333454+00:00,SOL_NATIVE,1943,-3714,False,GAP,OBSERVABLE,315,2182,COMPLETE,COVERAGE_GAP,315,12182,GAP,COVERAGE_GAP,315,27182,GAP,COVERAGE_GAP,1130,8803,GAP,COVERAGE_GAP,-3700,3968,GAP,COVERAGE_GAP,-3714,159231,GAP
fp1sig-c04ecd7f33dc3338e13024bb,CStuJdzp4FxEMYG8wjen2FN7GyJHw5hzNFx9ynV8pump,2026-08-18T16:46:29.386037+00:00,SOL_NATIVE,549,-8727,False,GAP,OBSERVABLE,127,2347,COMPLETE,OBSERVABLE,549,9731,COMPLETE,OBSERVABLE,504,11261,COMPLETE,COVERAGE_GAP,439,20111,GAP,COVERAGE_GAP,-8727,14581,GAP,COVERAGE_GAP,-8727,194581,GAP
fp1sig-9470932efeaf02e907752d4b,C6UjUyxZhfF5qthtW3CY8twwzPFTHo9HbJyxqDjUS51,2026-08-18T16:46:34.627993+00:00,SOL_NATIVE,879,-1794,False,GAP,OBSERVABLE,-460,2143,COMPLETE,OBSERVABLE,-1387,1501,COMPLETE,OBSERVABLE,807,219,COMPLETE,COVERAGE_GAP,807,30219,GAP,COVERAGE_GAP,807,90219,GAP,COVERAGE_GAP,807,270219,GAP
fp1sig-637e9c43097d94a194a6ea92,5sqwueSTCdPP66NJm6Z1MnHnL2ruCigKZN2CvF51pump,2026-08-18T16:47:01.558502+00:00,SOL_NATIVE,629,-608,False,GAP,NO_FUTURE_PRICE,,,COMPLETE,COVERAGE_GAP,,,GAP,COVERAGE_GAP,386,2979,GAP,COVERAGE_GAP,629,8799,GAP,COVERAGE_GAP,-589,30375,GAP,COVERAGE_GAP,-589,210375,GAP
fp1sig-dd3f9b51fe99c183a5023f44,WjtVYkUG2qVfxQCLYZmFm2uYKuMcvty6V8EDrjjpump,2026-08-18T16:48:37.261747+00:00,SOL_NATIVE,-208,-463,False,UNKNOWN,COVERAGE_UNKNOWN,-427,4934,UNKNOWN,COVERAGE_UNKNOWN,-463,9023,UNKNOWN,COVERAGE_UNKNOWN,-463,24023,UNKNOWN,COVERAGE_UNKNOWN,-463,54023,UNKNOWN,COVERAGE_UNKNOWN,-463,114023,UNKNOWN,COVERAGE_UNKNOWN,-463,294023,UNKNOWN
fp1sig-7f3d37619a266bda47d353bc,3BygAcaBzyMdqTNGSa5WfhtNaQnFuTr69fLj1BENpump,2026-08-18T17:28:28.503052+00:00,SOL_NATIVE,500,-5578,False,GAP,OBSERVABLE,493,4861,COMPLETE,OBSERVABLE,-924,1312,COMPLETE,OBSERVABLE,-1855,2264,COMPLETE,OBSERVABLE,-3054,3119,COMPLETE,OBSERVABLE,-5023,5757,COMPLETE,COVERAGE_GAP,-4249,81659,GAP
fp1sig-34630f4e9e6f9ce47ea5dac6,DWsJZmhDkC3wWCyw63w525rJwAzhanpRNJVMf5Cspump,2026-08-18T17:28:39.733729+00:00,SOL_NATIVE,11343,-8333,False,GAP,OBSERVABLE,2788,237,COMPLETE,OBSERVABLE,-6946,802,COMPLETE,OBSERVABLE,-7733,1679,COMPLETE,OBSERVABLE,1121,505,COMPLETE,OBSERVABLE,-2772,2269,COMPLETE,COVERAGE_GAP,11343,110552,GAP
fp1sig-1b89836c288f09e7c08ddb64,C1Qzvsh3T8ktt6nUrxSjg7qn7mi1e26A23dR37Rxpump,2026-08-18T17:29:03.436360+00:00,QUOTE:EPjFWdd5AufqSSqeM2qN1xzybapC8G4wEGGkZwyTDt1v,2920,-6585,False,GAP,NO_FUTURE_PRICE,,,COMPLETE,OBSERVABLE,2920,3338,COMPLETE,OBSERVABLE,-1280,1360,COMPLETE,OBSERVABLE,-3686,3128,COMPLETE,OBSERVABLE,-1958,13021,COMPLETE,COVERAGE_GAP,-149,84571,GAP
fp1sig-fd8a404b074b69a1323081b4,A2xfCk9dPC4fDBWS38fhFhf8P6M1TjoxQRYxK4wZ9kWV,2026-08-18T17:30:04.071014+00:00,SOL_NATIVE,866,-29,False,GAP,NO_FUTURE_PRICE,,,COMPLETE,NO_FUTURE_PRICE,,,COMPLETE,OBSERVABLE,5,9065,COMPLETE,OBSERVABLE,5,39065,COMPLETE,OBSERVABLE,11,21145,COMPLETE,COVERAGE_GAP,-29,153173,GAP
fp1sig-4782bed568fcbcef041cfb73,DRGR73fa8r7V9FRDra2yVntgzYzGJ7bz9MZZYJotpump,2026-08-18T17:31:38.096440+00:00,SOL_NATIVE,7897,240,False,GAP,OBSERVABLE,2148,208,COMPLETE,OBSERVABLE,2148,7830,COMPLETE,OBSERVABLE,5374,1241,COMPLETE,OBSERVABLE,7437,1890,COMPLETE,COVERAGE_GAP,7121,4484,GAP,COVERAGE_GAP,6858,16105,GAP
fp1sig-748a8f9453d1b335cb5a84ff,EqQxpgUiaL7WRGwoeBzAwmHtZRJqE6nsuxsZooZRpump,2026-08-18T17:33:23.636738+00:00,SOL_NATIVE,48822,-7266,True,COMPLETE,OBSERVABLE,4029,2598,COMPLETE,OBSERVABLE,3122,2381,COMPLETE,OBSERVABLE,9059,400,COMPLETE,OBSERVABLE,11783,2280,COMPLETE,OBSERVABLE,48822,680,COMPLETE,OBSERVABLE,-6374,1190,COMPLETE
fp1sig-7841724b5e557a7bb3ef3cd9,Frc2DmXyxLvTVx4DJCcgH15xLtY9P3YEWPraEdp2pump,2026-08-18T17:33:26.086740+00:00,SOL_NATIVE,-2867,-8605,True,COMPLETE,NO_FUTURE_PRICE,,,COMPLETE,OBSERVABLE,-7725,324,COMPLETE,OBSERVABLE,-5442,0,COMPLETE,OBSERVABLE,-4580,1605,COMPLETE,OBSERVABLE,-7063,23406,COMPLETE,OBSERVABLE,-8571,3826,COMPLETE
fp1sig-28fc5de41f35157121e201cd,24qPHs5KK7wqr9nqTStFUqsmwsFxUiCor8jQu9Qipump,2026-08-18T17:33:40.772122+00:00,SOL_NATIVE,-1596,-7467,True,COMPLETE,NO_FUTURE_PRICE,,,COMPLETE,OBSERVABLE,-4380,5477,COMPLETE,OBSERVABLE,-4380,20477,COMPLETE,OBSERVABLE,-5208,27580,COMPLETE,OBSERVABLE,-4323,39958,COMPLETE,OBSERVABLE,-7446,119493,COMPLETE
fp1sig-c0ed6c852b319939207e9703,2MUW4ws73FHu5B5DuBk2ac1s1Rb9UPDZM8Gx5rMDpump,2026-08-18T17:33:43.126391+00:00,QUOTE:EPjFWdd5AufqSSqeM2qN1xzybapC8G4wEGGkZwyTDt1v,-473,-8980,True,COMPLETE,NO_FUTURE_PRICE,,,COMPLETE,OBSERVABLE,-473,2030,COMPLETE,OBSERVABLE,-7934,2930,COMPLETE,OBSERVABLE,-8812,1606,COMPLETE,OBSERVABLE,-8837,3421,COMPLETE,OBSERVABLE,-8851,172982,COMPLETE
fp1sig-f66c237a57bc9c92cd3b4c66,AHbVsNsNSMXkFFyJCb79CicBCUGu7RkDfWDdjy7ipump,2026-08-18T17:33:50.391500+00:00,SOL_NATIVE,1679,-2833,True,COMPLETE,NO_FUTURE_PRICE,,,COMPLETE,NO_FUTURE_PRICE,,,COMPLETE,OBSERVABLE,497,12947,COMPLETE,OBSERVABLE,1679,4626,COMPLETE,OBSERVABLE,1679,64626,COMPLETE,OBSERVABLE,-2833,45733,COMPLETE
fp1sig-4e8db8088ce7c5aacea18bc8,F6RGSDn9WQ22UZ2Fntwskw6e6Gp4h1oAdtvY4PW6pump,2026-08-18T17:33:58.770428+00:00,SOL_NATIVE,2967,-5257,True,COMPLETE,NO_FUTURE_PRICE,,,COMPLETE,NO_FUTURE_PRICE,,,COMPLETE,OBSERVABLE,394,7383,COMPLETE,OBSERVABLE,-1805,7142,COMPLETE,OBSERVABLE,2808,14473,COMPLETE,OBSERVABLE,-4555,10255,COMPLETE
fp1sig-78bb32b8bd816b9d9f569360,7jFRCtCpE9KQS8hYQDehAYP2ue5PAtJ9acucPjTMpump,2026-08-18T17:34:28.751785+00:00,SOL_NATIVE,1266,-2763,True,COMPLETE,OBSERVABLE,1119,4759,COMPLETE,OBSERVABLE,811,1426,COMPLETE,OBSERVABLE,811,16426,COMPLETE,OBSERVABLE,-2376,14880,COMPLETE,OBSERVABLE,-2376,74880,COMPLETE,OBSERVABLE,-2342,140134,COMPLETE
fp1sig-6b80e43dafea6646984096cd,5uVuCHVRNEm8R9AQXrBeJVVpz33jmeHSCrcfRHk9pump,2026-08-18T17:35:02.374238+00:00,SOL_NATIVE,-200,-3863,True,COMPLETE,OBSERVABLE,-613,2135,COMPLETE,OBSERVABLE,-200,3383,COMPLETE,OBSERVABLE,-1052,629,COMPLETE,OBSERVABLE,-3742,6342,COMPLETE,OBSERVABLE,-3839,45721,COMPLETE,OBSERVABLE,-3863,123092,COMPLETE
fp1sig-ba9d04cad47fda7a746f2244,Z2xDpLQTh7igJEaAy25ph2VA5gVEpFRrEJ4TUU1pump,2026-08-18T17:35:37.283907+00:00,SOL_NATIVE,12168,-5517,True,COMPLETE,OBSERVABLE,461,2359,COMPLETE,OBSERVABLE,461,12359,COMPLETE,OBSERVABLE,-2303,11312,COMPLETE,OBSERVABLE,900,1722,COMPLETE,OBSERVABLE,-2446,4400,COMPLETE,OBSERVABLE,3614,1662,COMPLETE
fp1sig-38ff3870734a051b9f59dd46,24qPCKdD7pyyneLVu8MnAEvGjBZuc2sDHiR1wsdppump,2026-08-18T17:37:03.308307+00:00,SOL_NATIVE,11323,3152,False,GAP,NO_FUTURE_PRICE,,,COMPLETE,NO_FUTURE_PRICE,,,COMPLETE,OBSERVABLE,3152,3030,COMPLETE,OBSERVABLE,8014,19883,COMPLETE,OBSERVABLE,10127,27784,COMPLETE,COVERAGE_GAP,11306,154860,GAP
fp1sig-3afc9fad950ade4db3aa0800,7VbX73kLJSyaAgcY9R5DJLxsVZd1eX3hPDMEmHMHaZtj,2026-08-18T17:37:37.688728+00:00,SOL_NATIVE,8494,236,False,GAP,OBSERVABLE,396,2237,COMPLETE,OBSERVABLE,2909,1437,COMPLETE,OBSERVABLE,872,794,COMPLETE,OBSERVABLE,7333,2149,COMPLETE,OBSERVABLE,7115,1549,COMPLETE,COVERAGE_GAP,1302,75455,GAP
fp1sig-46691a3a7eb23c936554dddb,7fT6V7rn2sN5RHn3q5R76WbgsUYxsdRMoDk9Tmexpump,2026-08-18T17:38:38.383436+00:00,SOL_NATIVE,24838,-1120,False,GAP,NO_FUTURE_PRICE,,,COMPLETE,OBSERVABLE,558,4749,COMPLETE,OBSERVABLE,1142,8417,COMPLETE,OBSERVABLE,2965,5030,COMPLETE,OBSERVABLE,11921,5230,COMPLETE,COVERAGE_GAP,-1120,140859,GAP
fp1sig-f8b6d6077297492b4bcb7bc9,5v1AcSWe341Lx4gCDTKccACatWG9QBL8NjeZja76pump,2026-08-18T17:38:53.972539+00:00,SOL_NATIVE,261,-4721,False,GAP,OBSERVABLE,261,4988,COMPLETE,OBSERVABLE,-2,3798,COMPLETE,OBSERVABLE,-286,1504,COMPLETE,OBSERVABLE,-2746,9099,COMPLETE,OBSERVABLE,-4501,28839,COMPLETE,COVERAGE_GAP,-4481,161448,GAP
fp1sig-25fcb501fdc91dc90e087341,DvRoafGRApkKJW44JtMtb1tUb5iUrZ9yFBy6USBSpump,2026-08-18T17:39:07.387643+00:00,SOL_NATIVE,264,-253,False,GAP,OBSERVABLE,264,2799,COMPLETE,OBSERVABLE,0,4677,COMPLETE,OBSERVABLE,-253,6710,COMPLETE,OBSERVABLE,-253,36710,COMPLETE,OBSERVABLE,-253,96710,COMPLETE,COVERAGE_GAP,-253,276710,GAP
fp1sig-346fff593710117a964f7774,7EiTAzsbxdpZUH6kGJHfL9x1PHLjV8Uw4oAX41tnGhj8,2026-08-18T17:42:19.554424+00:00,SOL_NATIVE,11669,-642,True,COMPLETE,OBSERVABLE,-63,2305,COMPLETE,OBSERVABLE,-607,5002,COMPLETE,OBSERVABLE,-607,20002,COMPLETE,OBSERVABLE,-639,11826,COMPLETE,OBSERVABLE,-624,13738,COMPLETE,OBSERVABLE,8166,12080,COMPLETE
fp1sig-9e7200d6cd81ab6f39b1fa7e,7HXh5o355GnCzHayKuYNMY91UiPzE9YLA1BTQgE5pump,2026-08-18T17:42:54.427036+00:00,SOL_NATIVE,10890,-8879,True,COMPLETE,NO_FUTURE_PRICE,,,COMPLETE,OBSERVABLE,36,7933,COMPLETE,OBSERVABLE,4320,2403,COMPLETE,OBSERVABLE,10821,2214,COMPLETE,OBSERVABLE,1763,4520,COMPLETE,OBSERVABLE,-8869,17714,COMPLETE
fp1sig-6c71f231442c9d614a346697,24qRCC1X9TZ3K9gTXVnQjFjh4gtSy7xiRpaaXdFepump,2026-08-18T17:44:20.392679+00:00,SOL_NATIVE,-2215,-9412,False,GAP,NO_FUTURE_PRICE,,,COMPLETE,OBSERVABLE,-2215,4752,COMPLETE,OBSERVABLE,-6084,364,COMPLETE,OBSERVABLE,-5537,660,COMPLETE,OBSERVABLE,-8615,1263,COMPLETE,COVERAGE_GAP,-9279,43966,GAP
fp1sig-2c98bbe3f0bfcdf8e6f5abfb,6XAwvXQmZn2NmEFYRnrCUiPWx8gm4TykZGhX7VR9pump,2026-08-18T17:45:15.081849+00:00,SOL_NATIVE,26198,1403,False,GAP,NO_FUTURE_PRICE,,,COMPLETE,NO_FUTURE_PRICE,,,COMPLETE,OBSERVABLE,1403,9482,COMPLETE,OBSERVABLE,5462,11336,COMPLETE,OBSERVABLE,8812,5098,COMPLETE,COVERAGE_GAP,26198,61753,GAP
fp1sig-41213c066857e9822b8e6f57,F2VnGF7woKHK9Tkcedy494aburdMbCTwtXzFEY21pump,2026-08-18T17:45:15.102215+00:00,SOL_NATIVE,4453,-7600,False,GAP,OBSERVABLE,631,4972,COMPLETE,OBSERVABLE,714,2003,COMPLETE,OBSERVABLE,529,7071,COMPLETE,OBSERVABLE,4048,2989,COMPLETE,OBSERVABLE,4192,546,COMPLETE,COVERAGE_GAP,-7600,27377,GAP
fp1sig-584837f23444ab6b47bd1b82,CNdPbYMdTWAYR3nDtxJP8PvqEmLQ2YgwKgnhC1bcpump,2026-08-18T17:45:23.216370+00:00,SOL_NATIVE,-842,-8579,False,GAP,NO_FUTURE_PRICE,,,COMPLETE,OBSERVABLE,-842,149,COMPLETE,OBSERVABLE,-842,15149,COMPLETE,OBSERVABLE,-842,45149,COMPLETE,OBSERVABLE,-6897,6123,COMPLETE,COVERAGE_GAP,-6614,58521,GAP
fp1sig-760333b00b52b170aab6ba76,8dYQJwHsvCak4vJU2hHcAWYfsQWgw7ND5VEVheBUpump,2026-08-18T17:45:56.877046+00:00,SOL_NATIVE,-1403,-1870,False,GAP,NO_FUTURE_PRICE,,,COMPLETE,NO_FUTURE_PRICE,,,COMPLETE,NO_FUTURE_PRICE,,,COMPLETE,OBSERVABLE,-1870,10974,COMPLETE,OBSERVABLE,-1403,14848,COMPLETE,COVERAGE_GAP,-1403,194848,GAP
fp1sig-539ebb765e6964656d789a43,ABxvjozT52vs2VghFYmXBHXK5nvtMtcZLcEhXGrxpump,2026-08-18T17:47:36.766912+00:00,SOL_NATIVE,3818,187,False,GAP,OBSERVABLE,443,2616,COMPLETE,OBSERVABLE,2764,4300,COMPLETE,OBSERVABLE,3818,2145,COMPLETE,OBSERVABLE,2818,9606,COMPLETE,COVERAGE_GAP,2438,23423,GAP,COVERAGE_GAP,1251,33240,GAP
fp1sig-bd141569fcd127e8cf43d3cc,EjZ2UASzvDq8XmHid8PPSqVM5pjbEyrNp5qzPjTzpump,2026-08-18T17:48:22.423809+00:00,SOL_NATIVE,11409,41,False,GAP,OBSERVABLE,302,151,COMPLETE,OBSERVABLE,3545,932,COMPLETE,OBSERVABLE,3916,1568,COMPLETE,COVERAGE_GAP,4066,9075,GAP,COVERAGE_GAP,4066,69075,GAP,COVERAGE_GAP,4066,249075,GAP
fp1sig-72e9278886b8b30fbe0e697a,71TPZoZJXA4ns3twKQbN8GEzxxSbyGfMybyBGS9opump,2026-08-18T17:49:29.061313+00:00,SOL_NATIVE,2151,-9509,False,UNKNOWN,COVERAGE_UNKNOWN,2151,2298,UNKNOWN,COVERAGE_UNKNOWN,-6536,1594,UNKNOWN,COVERAGE_UNKNOWN,-5876,1676,UNKNOWN,COVERAGE_UNKNOWN,-8393,4209,UNKNOWN,COVERAGE_UNKNOWN,-7878,1101,UNKNOWN,COVERAGE_UNKNOWN,-9460,128977,UNKNOWN
fp1sig-ff9bebabf8aab8800cd94c01,ATKYLArzqRhf5kwEBemv5e53oTG7Pq6dKA7dNecXpump,2026-08-18T17:49:37.303071+00:00,SOL_NATIVE,9,-9649,False,UNKNOWN,COVERAGE_UNKNOWN,-4226,2404,UNKNOWN,COVERAGE_UNKNOWN,-3318,1816,UNKNOWN,COVERAGE_UNKNOWN,-7804,2523,UNKNOWN,COVERAGE_UNKNOWN,-4190,12453,UNKNOWN,COVERAGE_UNKNOWN,-9060,902,UNKNOWN,COVERAGE_UNKNOWN,-6766,2847,UNKNOWN
fp1sig-f58bfce8938b589d0eff3ade,24qTV2t2o6PAPRdf5Pys354wJNYfTsW4XYdkPT21pump,2026-08-18T17:49:39.887696+00:00,SOL_NATIVE,643,-9449,False,UNKNOWN,COVERAGE_UNKNOWN,-3838,2398,UNKNOWN,COVERAGE_UNKNOWN,-6163,1886,UNKNOWN,COVERAGE_UNKNOWN,-4934,2158,UNKNOWN,COVERAGE_UNKNOWN,-5437,4900,UNKNOWN,COVERAGE_UNKNOWN,-9049,1166,UNKNOWN,COVERAGE_UNKNOWN,-9253,9964,UNKNOWN
fp1sig-e8464ba842c67e4685b5e465,AKFaNF97ctHh9t7vriJrgACtgpremHyYkxNNyYk7pump,2026-08-18T17:49:50.501110+00:00,SOL_NATIVE,55815,-1792,False,UNKNOWN,COVERAGE_UNKNOWN,,,UNKNOWN,COVERAGE_UNKNOWN,-353,5645,UNKNOWN,COVERAGE_UNKNOWN,4540,2836,UNKNOWN,COVERAGE_UNKNOWN,7532,8133,UNKNOWN,COVERAGE_UNKNOWN,9090,1353,UNKNOWN,COVERAGE_UNKNOWN,14343,3001,UNKNOWN
fp1sig-590094cd478acb2d84181f0e,77rLUvQFF2CmANCjBfDAjakHS6XUoCneP3xJdWj1pump,2026-08-18T17:50:04.726449+00:00,SOL_NATIVE,5699,-7720,False,UNKNOWN,COVERAGE_UNKNOWN,2884,2013,UNKNOWN,COVERAGE_UNKNOWN,371,2101,UNKNOWN,COVERAGE_UNKNOWN,-2927,4560,UNKNOWN,COVERAGE_UNKNOWN,-2505,7912,UNKNOWN,COVERAGE_UNKNOWN,-1177,1216,UNKNOWN,COVERAGE_UNKNOWN,-3552,12681,UNKNOWN
fp1sig-eab979b3cb9b2589549711a0,2DVqPwXwS6DghFa9UYvHMaJN8Gq9ysPNQdhPDNmGpump,2026-08-18T17:50:24.820753+00:00,SOL_NATIVE,-1343,-9816,False,UNKNOWN,COVERAGE_UNKNOWN,-3630,4985,UNKNOWN,COVERAGE_UNKNOWN,-1392,9647,UNKNOWN,COVERAGE_UNKNOWN,-5924,623,UNKNOWN,COVERAGE_UNKNOWN,-6736,1875,UNKNOWN,COVERAGE_UNKNOWN,-9132,2158,UNKNOWN,COVERAGE_UNKNOWN,-9599,4939,UNKNOWN
fp1sig-9da19d8fe637b6477c39af18,8YVvvg2R7XNybapng2zt9bVjgGT81SyUJXqLquvLpump,2026-08-18T17:51:30.772356+00:00,SOL_NATIVE,1685,-9361,False,UNKNOWN,COVERAGE_UNKNOWN,1685,2169,UNKNOWN,COVERAGE_UNKNOWN,-4526,4396,UNKNOWN,COVERAGE_UNKNOWN,-7464,2385,UNKNOWN,COVERAGE_UNKNOWN,-7981,3983,UNKNOWN,COVERAGE_UNKNOWN,-8261,7488,UNKNOWN,COVERAGE_UNKNOWN,-9302,46059,UNKNOWN
fp1sig-9de82d32cfdae372ec4a6687,43MA7FqaVT6hYKSZyK5LvWP2zwJgNPayjhN9KFZDpump,2026-08-18T17:51:33.615393+00:00,SOL_NATIVE,2264,-7410,False,UNKNOWN,COVERAGE_UNKNOWN,-5932,2242,UNKNOWN,COVERAGE_UNKNOWN,-6377,9912,UNKNOWN,COVERAGE_UNKNOWN,-5591,107,UNKNOWN,COVERAGE_UNKNOWN,2264,15870,UNKNOWN,COVERAGE_UNKNOWN,2264,75870,UNKNOWN,COVERAGE_UNKNOWN,2264,255870,UNKNOWN
fp1sig-3aca960c33587b233c87430a,45WbgEWZwAFJvSfKfQwM3PEChK9CyTqKfqF1NJt4pump,2026-08-18T17:51:36.335417+00:00,SOL_NATIVE,9494,-948,False,UNKNOWN,COVERAGE_UNKNOWN,-948,2612,UNKNOWN,COVERAGE_UNKNOWN,-948,12612,UNKNOWN,COVERAGE_UNKNOWN,-757,5318,UNKNOWN,COVERAGE_UNKNOWN,9494,4686,UNKNOWN,COVERAGE_UNKNOWN,7798,59707,UNKNOWN,COVERAGE_UNKNOWN,7798,239707,UNKNOWN
fp1sig-df31a042fff2ef380fcef2ef,5HAk96NLjJ3d4nepp68ALDy9hg1E27C6FwvB6jjPpump,2026-08-18T17:51:36.351610+00:00,SOL_NATIVE,1587,-854,False,UNKNOWN,COVERAGE_UNKNOWN,132,0,UNKNOWN,COVERAGE_UNKNOWN,-228,2219,UNKNOWN,COVERAGE_UNKNOWN,277,2836,UNKNOWN,COVERAGE_UNKNOWN,653,6997,UNKNOWN,COVERAGE_UNKNOWN,836,1175,UNKNOWN,COVERAGE_UNKNOWN,433,20370,UNKNOWN
fp1sig-8122181a147a4f97b2a7cc57,24qTdqh1XJkaQCYCpEGrBfvLE47jJZ8hQrgRK4g5pump,2026-08-18T17:52:26.765345+00:00,SOL_NATIVE,3138,-8581,False,UNKNOWN,COVERAGE_UNKNOWN,944,69,UNKNOWN,COVERAGE_UNKNOWN,-1145,2965,UNKNOWN,COVERAGE_UNKNOWN,-2639,4352,UNKNOWN,COVERAGE_UNKNOWN,-1955,5976,UNKNOWN,COVERAGE_UNKNOWN,-6532,8039,UNKNOWN,COVERAGE_UNKNOWN,-7796,5702,UNKNOWN
fp1sig-60f4bf1d185dc920b80d8f92,Cj4yFhy4jNymTqcRPCDrqgGF5dQQap82X62LDejrpump,2026-08-18T17:53:37.673412+00:00,SOL_NATIVE,316,-3874,False,UNKNOWN,COVERAGE_UNKNOWN,,,UNKNOWN,COVERAGE_UNKNOWN,,,UNKNOWN,COVERAGE_UNKNOWN,-329,6644,UNKNOWN,COVERAGE_UNKNOWN,-1707,10311,UNKNOWN,COVERAGE_UNKNOWN,-3841,29167,UNKNOWN,COVERAGE_UNKNOWN,-3753,169091,UNKNOWN
fp1sig-eb1dcb0bb950d813822fce39,3f5sNCXhDAbiz8NeCLqfMuuKAr1ioX9i7CtFN273pump,2026-08-18T17:55:32.973497+00:00,SOL_NATIVE,2172,-1304,False,UNKNOWN,COVERAGE_UNKNOWN,264,594,UNKNOWN,COVERAGE_UNKNOWN,-1304,8059,UNKNOWN,COVERAGE_UNKNOWN,2172,9769,UNKNOWN,COVERAGE_UNKNOWN,772,9707,UNKNOWN,COVERAGE_UNKNOWN,772,69707,UNKNOWN,COVERAGE_UNKNOWN,772,249707,UNKNOWN
fp1sig-10c17b5c7865eb08d0ba1187,4b788FNwvYeuysUxNdKTHQ6hdsrYj3gUe2d3qE88pump,2026-08-18T17:55:55.735671+00:00,SOL_NATIVE,153730,259,False,UNKNOWN,COVERAGE_UNKNOWN,,,UNKNOWN,COVERAGE_UNKNOWN,259,3961,UNKNOWN,COVERAGE_UNKNOWN,259,18961,UNKNOWN,COVERAGE_UNKNOWN,2896,2831,UNKNOWN,COVERAGE_UNKNOWN,11589,5315,UNKNOWN,COVERAGE_UNKNOWN,106604,28309,UNKNOWN
fp1sig-0ee17c1e36a511fe5a285b43,BRaxsZoYg6scR2hekHexTfgyLnpopySWqPLcW4o6pump,2026-08-18T17:57:11.354646+00:00,SOL_NATIVE,143,-3368,False,UNKNOWN,COVERAGE_UNKNOWN,-1126,136,UNKNOWN,COVERAGE_UNKNOWN,-585,3003,UNKNOWN,COVERAGE_UNKNOWN,-2561,209,UNKNOWN,COVERAGE_UNKNOWN,-2734,215,UNKNOWN,COVERAGE_UNKNOWN,-2819,6903,UNKNOWN,COVERAGE_UNKNOWN,-3368,103952,UNKNOWN
fp1sig-dcdfda7276d02b7b95527b66,2dY1HxXdKtxoD2Nb973UiFFVSVzwSn2kHAQzwi6mpump,2026-08-18T17:58:39.273470+00:00,SOL_NATIVE,33106,-424,False,UNKNOWN,COVERAGE_UNKNOWN,94,2502,UNKNOWN,COVERAGE_UNKNOWN,11135,2160,UNKNOWN,COVERAGE_UNKNOWN,25340,222,UNKNOWN,COVERAGE_UNKNOWN,3450,2814,UNKNOWN,COVERAGE_UNKNOWN,6136,16524,UNKNOWN,COVERAGE_UNKNOWN,6136,196524,UNKNOWN
fp1sig-baac4150f94124ff01da49bc,8rgBCz31kFMX9t6owpwEZRauudeY3HXCLB1HJUTxtaKF,2026-08-18T17:58:56.989710+00:00,SOL_NATIVE,1703,-1402,False,UNKNOWN,COVERAGE_UNKNOWN,888,2232,UNKNOWN,COVERAGE_UNKNOWN,-1369,2952,UNKNOWN,COVERAGE_UNKNOWN,-1369,17952,UNKNOWN,COVERAGE_UNKNOWN,-1369,47952,UNKNOWN,COVERAGE_UNKNOWN,-1402,54388,UNKNOWN,COVERAGE_UNKNOWN,-1402,234388,UNKNOWN
fp1sig-ea0456ebb8709e627c05232d,6crppbS8d8xQHeA6wbe1FwHL2TRcchPztfEWE6jkpump,2026-08-18T17:59:23.884868+00:00,SOL_NATIVE,-767,-6807,False,UNKNOWN,COVERAGE_UNKNOWN,-3316,52,UNKNOWN,COVERAGE_UNKNOWN,-2333,2405,UNKNOWN,COVERAGE_UNKNOWN,-6182,1190,UNKNOWN,COVERAGE_UNKNOWN,-6028,8947,UNKNOWN,COVERAGE_UNKNOWN,-6028,68947,UNKNOWN,COVERAGE_UNKNOWN,-6028,248947,UNKNOWN
fp1sig-74762ffcaadc0f9b316f22d6,4Cq5i7ELg61b4hZi3NrgbJ4zudfnX2HtWzcWE3k4pump,2026-08-18T17:59:28.768440+00:00,SOL_NATIVE,1939,-4040,False,UNKNOWN,COVERAGE_UNKNOWN,,,UNKNOWN,COVERAGE_UNKNOWN,-1566,2408,UNKNOWN,COVERAGE_UNKNOWN,-2213,3617,UNKNOWN,COVERAGE_UNKNOWN,-4040,6065,UNKNOWN,COVERAGE_UNKNOWN,-4040,66065,UNKNOWN,COVERAGE_UNKNOWN,-4040,246065,UNKNOWN
fp1sig-f4022e4e544ed7e372aed022,6qFcpEmZ9ggd5Hqn5GRL8umUrRh9ateNMKDKPhs7pump,2026-08-18T17:59:31.619758+00:00,SOL_NATIVE,4040,-7341,False,UNKNOWN,COVERAGE_UNKNOWN,-5219,141,UNKNOWN,COVERAGE_UNKNOWN,-345,585,UNKNOWN,COVERAGE_UNKNOWN,-4417,1534,UNKNOWN,COVERAGE_UNKNOWN,-7341,6318,UNKNOWN,COVERAGE_UNKNOWN,-7341,66318,UNKNOWN,COVERAGE_UNKNOWN,-7341,246318,UNKNOWN
fp1sig-41201c1e0442efbafe123254,EUF4Cetz7HzMV7stvk8SmY9rJhZx3ZLZcq5T4aDEpump,2026-08-18T18:00:04.595089+00:00,SOL_NATIVE,203,-4233,False,UNKNOWN,COVERAGE_UNKNOWN,203,2651,UNKNOWN,COVERAGE_UNKNOWN,-697,4662,UNKNOWN,COVERAGE_UNKNOWN,-4230,7198,UNKNOWN,COVERAGE_UNKNOWN,-4230,37198,UNKNOWN,COVERAGE_UNKNOWN,-4230,97198,UNKNOWN,COVERAGE_UNKNOWN,-4230,277198,UNKNOWN
fp1sig-27f418fcf4a0446152f78ade,EseYwg2iVJju6u3H4gE5bH8N9uWDqMsTWU8nAV1epump,2026-08-18T18:12:27.271713+00:00,SOL_NATIVE,24670,-5877,False,UNKNOWN,COVERAGE_UNKNOWN,2357,1330,UNKNOWN,COVERAGE_UNKNOWN,1388,1342,UNKNOWN,COVERAGE_UNKNOWN,-382,2509,UNKNOWN,COVERAGE_UNKNOWN,1013,8861,UNKNOWN,COVERAGE_UNKNOWN,4740,4737,UNKNOWN,COVERAGE_UNKNOWN,-5416,2007,UNKNOWN
fp1sig-f1b15982b35c269f435dea19,24qYL6eQCpyN8WvBcVM6wUco7w14cvcYxw1koMtmpump,2026-08-18T18:12:30.014279+00:00,SOL_NATIVE,16538,-6192,False,UNKNOWN,COVERAGE_UNKNOWN,807,882,UNKNOWN,COVERAGE_UNKNOWN,-2732,897,UNKNOWN,COVERAGE_UNKNOWN,-3386,956,UNKNOWN,COVERAGE_UNKNOWN,-3265,2763,UNKNOWN,COVERAGE_UNKNOWN,8587,11950,UNKNOWN,COVERAGE_UNKNOWN,-5040,4911,UNKNOWN
fp1sig-0b145f79701427ccb03c4bd0,EVvmWSviacYbdi2HmywGMcsL72b3dps5JjXiduR3pump,2026-08-18T18:12:30.929011+00:00,SOL_NATIVE,4675,-5057,False,UNKNOWN,COVERAGE_UNKNOWN,,,UNKNOWN,COVERAGE_UNKNOWN,2059,2047,UNKNOWN,COVERAGE_UNKNOWN,65,8179,UNKNOWN,COVERAGE_UNKNOWN,4675,8321,UNKNOWN,COVERAGE_UNKNOWN,-3508,3361,UNKNOWN,COVERAGE_UNKNOWN,-3410,3375,UNKNOWN
fp1sig-0c44132a9b172808b1e42782,Fusiy3cT5ZTVkmFZyTQ1kLFDZ8otdcB8C4R1S8pC1S7L,2026-08-18T18:12:35.538302+00:00,SOL_NATIVE,1098,-5781,False,UNKNOWN,COVERAGE_UNKNOWN,1098,2339,UNKNOWN,COVERAGE_UNKNOWN,694,6576,UNKNOWN,COVERAGE_UNKNOWN,-2400,12769,UNKNOWN,COVERAGE_UNKNOWN,-5032,2390,UNKNOWN,COVERAGE_UNKNOWN,-5781,3744,UNKNOWN,COVERAGE_UNKNOWN,-5781,183744,UNKNOWN
fp1sig-73ed5f2870fdbf1c01fdccdc,KjzjkuZ8r6BBkQBPNsgSGsmxppwFmPbrgWcnGpnpump,2026-08-18T18:12:49.101223+00:00,SOL_NATIVE,-3789,-9023,False,UNKNOWN,COVERAGE_UNKNOWN,,,UNKNOWN,COVERAGE_UNKNOWN,-3789,5118,UNKNOWN,COVERAGE_UNKNOWN,-5677,5927,UNKNOWN,COVERAGE_UNKNOWN,-5554,10340,UNKNOWN,COVERAGE_UNKNOWN,-8434,9304,UNKNOWN,COVERAGE_UNKNOWN,-7592,74151,UNKNOWN
fp1sig-b83c379d15eae59981ff7ece,6GjaJ5K56DRhyv9P2x9piKPVywstfyj6wiqXTYxspump,2026-08-18T18:12:50.916729+00:00,SOL_NATIVE,3093,-921,False,UNKNOWN,COVERAGE_UNKNOWN,701,3025,UNKNOWN,COVERAGE_UNKNOWN,658,5130,UNKNOWN,COVERAGE_UNKNOWN,641,355,UNKNOWN,COVERAGE_UNKNOWN,2360,763,UNKNOWN,COVERAGE_UNKNOWN,2519,4044,UNKNOWN,COVERAGE_UNKNOWN,2066,20493,UNKNOWN
fp1sig-3bf446c74f0ddcab904aa52f,bqxeDEw8MtMvAra5RmfcMD7Nqz7vt18ZPzCHfxVpump,2026-08-18T18:13:55.068450+00:00,SOL_NATIVE,640,-1128,False,UNKNOWN,COVERAGE_UNKNOWN,640,4998,UNKNOWN,COVERAGE_UNKNOWN,640,14998,UNKNOWN,COVERAGE_UNKNOWN,640,29998,UNKNOWN,COVERAGE_UNKNOWN,640,59998,UNKNOWN,COVERAGE_UNKNOWN,640,119998,UNKNOWN,COVERAGE_UNKNOWN,-1128,34327,UNKNOWN
fp1sig-ed8cad42593557e946f657c2,HYcZNR8fUdUFSAW2PmgivxuQU2avfUwX6XmeQKPepump,2026-08-18T18:13:58.883373+00:00,SOL_NATIVE,-674,-3318,False,UNKNOWN,COVERAGE_UNKNOWN,-2189,768,UNKNOWN,COVERAGE_UNKNOWN,-2204,939,UNKNOWN,COVERAGE_UNKNOWN,-2204,15939,UNKNOWN,COVERAGE_UNKNOWN,-1030,6453,UNKNOWN,COVERAGE_UNKNOWN,-2241,1796,UNKNOWN,COVERAGE_UNKNOWN,-1102,54003,UNKNOWN
fp1sig-77d2abf424c09109209d3386,24qYt9vrVyp6T2EueAURGymF9MrpnDH6ceedMi9dpump,2026-08-18T18:14:03.259843+00:00,SOL_NATIVE,6325,-3704,False,UNKNOWN,COVERAGE_UNKNOWN,23,904,UNKNOWN,COVERAGE_UNKNOWN,23,10904,UNKNOWN,COVERAGE_UNKNOWN,2693,3342,UNKNOWN,COVERAGE_UNKNOWN,3197,4134,UNKNOWN,COVERAGE_UNKNOWN,611,2866,UNKNOWN,COVERAGE_UNKNOWN,-855,2168,UNKNOWN
fp1sig-516a2e09b6893e4e8bc4c9fc,J9F3kEV4o3MNMDZ941k1pMv6dizd1LisSVj9uRGPpump,2026-08-18T18:14:12.878399+00:00,SOL_NATIVE,1628,-1356,False,UNKNOWN,COVERAGE_UNKNOWN,704,4907,UNKNOWN,COVERAGE_UNKNOWN,697,2815,UNKNOWN,COVERAGE_UNKNOWN,529,5774,UNKNOWN,COVERAGE_UNKNOWN,1525,13804,UNKNOWN,COVERAGE_UNKNOWN,1522,29556,UNKNOWN,COVERAGE_UNKNOWN,-1356,6850,UNKNOWN
fp1sig-4cca1cf1b82360b43ae9c051,DR5stLQ1REsfUmNxB6882NEmJuXVFLVad2Jetnw6pump,2026-08-18T18:14:33.754196+00:00,QUOTE:EPjFWdd5AufqSSqeM2qN1xzybapC8G4wEGGkZwyTDt1v,3510,-4540,False,UNKNOWN,COVERAGE_UNKNOWN,2537,412,UNKNOWN,COVERAGE_UNKNOWN,2809,5241,UNKNOWN,COVERAGE_UNKNOWN,-4025,9322,UNKNOWN,COVERAGE_UNKNOWN,-4189,27884,UNKNOWN,COVERAGE_UNKNOWN,-4189,87884,UNKNOWN,COVERAGE_UNKNOWN,-4540,165383,UNKNOWN
fp1sig-0ebe4d022368ff98a59d7aa3,HxDaK1KV9z8thXN6qudgL9KY65X9zBsSZgekK6Hjpump,2026-08-18T18:15:23.093621+00:00,QUOTE:EPjFWdd5AufqSSqeM2qN1xzybapC8G4wEGGkZwyTDt1v,1066,-3131,False,UNKNOWN,COVERAGE_UNKNOWN,,,UNKNOWN,COVERAGE_UNKNOWN,-305,85,UNKNOWN,COVERAGE_UNKNOWN,880,7064,UNKNOWN,COVERAGE_UNKNOWN,-567,11043,UNKNOWN,COVERAGE_UNKNOWN,-1184,3385,UNKNOWN,COVERAGE_UNKNOWN,-905,7421,UNKNOWN
fp1sig-a3c34181eba43417a1050925,AmU1A4AHMXYZgo7oBWFKUNVFdD1RRL71DG44JhoApump,2026-08-18T18:17:06.388318+00:00,SOL_NATIVE,11462,-788,False,UNKNOWN,COVERAGE_UNKNOWN,,,UNKNOWN,COVERAGE_UNKNOWN,,,UNKNOWN,COVERAGE_UNKNOWN,1028,11364,UNKNOWN,COVERAGE_UNKNOWN,-788,11926,UNKNOWN,COVERAGE_UNKNOWN,781,12354,UNKNOWN,COVERAGE_UNKNOWN,9852,13430,UNKNOWN
fp1sig-5ae20f5ea489b3d689e5e130,ByCuLLJYnaBXgDiQ7tpir9MDpNMtvDzjrQdf3JX1pump,2026-08-18T18:17:30.578579+00:00,QUOTE:EPjFWdd5AufqSSqeM2qN1xzybapC8G4wEGGkZwyTDt1v,24124,-267,False,UNKNOWN,COVERAGE_UNKNOWN,,,UNKNOWN,COVERAGE_UNKNOWN,,,UNKNOWN,COVERAGE_UNKNOWN,771,13506,UNKNOWN,COVERAGE_UNKNOWN,2693,48,UNKNOWN,COVERAGE_UNKNOWN,18192,4769,UNKNOWN,COVERAGE_UNKNOWN,10550,8457,UNKNOWN
fp1sig-f6bc7973f2f55605daf76d43,AcRtEv1cj7HeegGqXo4AGkruMVaHgFbnTK1Ao8t6pump,2026-08-18T18:20:55.058791+00:00,SOL_NATIVE,-5,-7918,False,UNKNOWN,COVERAGE_UNKNOWN,,,UNKNOWN,COVERAGE_UNKNOWN,-3231,3406,UNKNOWN,COVERAGE_UNKNOWN,-4780,4022,UNKNOWN,COVERAGE_UNKNOWN,-5,2280,UNKNOWN,COVERAGE_UNKNOWN,-3964,10801,UNKNOWN,COVERAGE_UNKNOWN,-7247,4454,UNKNOWN
fp1sig-b560d76831e1d0b4211ad1f6,Dx1qqmSFoJ8Fko2xcUpYbQ95eYfzkKhqGxcrZVoFpump,2026-08-18T18:22:44.196577+00:00,SOL_NATIVE,10941,-452,False,UNKNOWN,COVERAGE_UNKNOWN,-205,310,UNKNOWN,COVERAGE_UNKNOWN,4051,3038,UNKNOWN,COVERAGE_UNKNOWN,3136,1562,UNKNOWN,COVERAGE_UNKNOWN,2583,2376,UNKNOWN,COVERAGE_UNKNOWN,1320,820,UNKNOWN,COVERAGE_UNKNOWN,4694,10267,UNKNOWN
fp1sig-3c3fa91883723aa960f5d5ec,CQNpNCHbmEUhmTB7xsYgRmGKWpj4LB3CU1EnEs6upump,2026-08-18T18:26:50.739777+00:00,SOL_NATIVE,19493,744,False,UNKNOWN,COVERAGE_UNKNOWN,3964,958,UNKNOWN,COVERAGE_UNKNOWN,11134,1539,UNKNOWN,COVERAGE_UNKNOWN,11848,605,UNKNOWN,COVERAGE_UNKNOWN,15758,257,UNKNOWN,COVERAGE_UNKNOWN,17258,42419,UNKNOWN,COVERAGE_UNKNOWN,17258,222419,UNKNOWN
