role,family,variant_id,activation_threshold_bps,giveback_bps,fallback_time_stop_ms,clean_path_count,scored_count,unscored_count,activation_count,activation_rate_clean_paths,trail_exit_count,trail_exit_rate_clean_paths,trail_exit_rate_activated,fallback_exit_count,p10_exit_bps,p25_exit_bps,p50_exit_bps,p75_exit_bps,p90_exit_bps,mean_exit_bps,positive_rate,negative_rate,exit_delay_p50_ms,activation_delay_p50_ms,fallback_mark_age_p50_ms,peak_at_trail_exit_p50_bps
CONTROL,OBSERVED_TRAILING_WITH_T15S_FALLBACK,ACT05_GB03,500,300,15000,1036,961,75,589,0.5685328185328186,386,0.37258687258687256,0.6553480475382003,575,-2517,-744,328,1572,3345,501.99687825182104,0.6212278876170656,0.37460978147762747,9346,1734,3051,1925
CONTROL,OBSERVED_TRAILING_WITH_T15S_FALLBACK,ACT05_GB05,500,500,15000,1036,961,75,589,0.5685328185328186,361,0.3484555984555985,0.6129032258064516,600,-2517,-784,304,1537,3345,482.7741935483871,0.6066597294484911,0.3891779396462019,9454,1734,3004,1969
CONTROL,OBSERVED_TRAILING_WITH_T15S_FALLBACK,ACT05_GB10,500,1000,15000,1036,961,75,589,0.5685328185328186,323,0.31177606177606176,0.5483870967741935,638,-2590,-821,242,1513,3345,445.18418314255985,0.5827263267429761,0.4141519250780437,10063,1734,2920,2227
CONTROL,OBSERVED_TRAILING_WITH_T15S_FALLBACK,ACT10_GB03,1000,300,15000,1036,961,75,475,0.4584942084942085,316,0.305019305019305,0.6652631578947369,645,-2499,-805,404,1686,3451,545.8844953173777,0.6212278876170656,0.3756503642039542,9851,2908,2995,2530
CONTROL,OBSERVED_TRAILING_WITH_T15S_FALLBACK,ACT10_GB05,1000,500,15000,1036,961,75,475,0.4584942084942085,296,0.2857142857142857,0.6231578947368421,665,-2499,-821,381,1602,3446,536.2268470343392,0.6170655567117586,0.3798126951092612,10013,2908,2986,2624
CONTROL,OBSERVED_TRAILING_WITH_T15S_FALLBACK,ACT10_GB10,1000,1000,15000,1036,961,75,475,0.4584942084942085,269,0.25965250965250963,0.5663157894736842,692,-2574,-872,295,1587,3451,494.156087408949,0.6004162330905307,0.3964620187304891,10748,2908,2912,2836
CONTROL,OBSERVED_TRAILING_WITH_T15S_FALLBACK,ACT15_GB03,1500,300,15000,1036,961,75,389,0.3754826254826255,268,0.25868725868725867,0.6889460154241646,693,-2724,-872,363,1736,3489,501.79604578563993,0.6129032258064516,0.3839750260145682,10701,3247,2869,2976
CONTROL,OBSERVED_TRAILING_WITH_T15S_FALLBACK,ACT15_GB05,1500,500,15000,1036,961,75,389,0.3754826254826255,254,0.24517374517374518,0.6529562982005142,707,-2724,-875,339,1655,3451,494.37148803329865,0.6097814776274714,0.3870967741935484,10992,3247,2869,3098
CONTROL,OBSERVED_TRAILING_WITH_T15S_FALLBACK,ACT15_GB10,1500,1000,15000,1036,961,75,389,0.3754826254826255,230,0.222007722007722,0.5912596401028277,731,-2729,-879,306,1597,3451,458.7970863683663,0.6045785639958376,0.3922996878251821,11358,3247,2830,3159
ROBUST_1,OBSERVED_TRAILING_WITH_T15S_FALLBACK,ACT05_GB03,500,300,15000,203,200,3,129,0.6354679802955665,98,0.4827586206896552,0.7596899224806202,102,-1096,-48,495,1351,2729,662.385,0.735,0.265,9346,68,2566,1624
ROBUST_1,OBSERVED_TRAILING_WITH_T15S_FALLBACK,ACT05_GB05,500,500,15000,203,200,3,129,0.6354679802955665,88,0.43349753694581283,0.6821705426356589,112,-1096,-52,495,1380,2729,674.165,0.73,0.27,10474,68,2403,1732
ROBUST_1,OBSERVED_TRAILING_WITH_T15S_FALLBACK,ACT05_GB10,500,1000,15000,203,200,3,129,0.6354679802955665,69,0.3399014778325123,0.5348837209302325,131,-1096,-303,297,1499,2992,666.105,0.645,0.355,11492,68,2390,2252
ROBUST_1,OBSERVED_TRAILING_WITH_T15S_FALLBACK,ACT10_GB03,1000,300,15000,203,200,3,104,0.5123152709359606,77,0.3793103448275862,0.7403846153846154,123,-1146,-260,582,1386,2798,672.315,0.7,0.3,10857,2160,2403,2048
ROBUST_1,OBSERVED_TRAILING_WITH_T15S_FALLBACK,ACT10_GB05,1000,500,15000,203,200,3,104,0.5123152709359606,70,0.3448275862068966,0.6730769230769231,130,-1146,-260,551,1483,2862,661.94,0.695,0.305,11280,2160,2379,2255
ROBUST_1,OBSERVED_TRAILING_WITH_T15S_FALLBACK,ACT10_GB10,1000,1000,15000,203,200,3,104,0.5123152709359606,58,0.2857142857142857,0.5576923076923077,142,-1146,-321,338,1499,2992,656.6,0.655,0.345,11801,2160,2373,2653
ROBUST_1,OBSERVED_TRAILING_WITH_T15S_FALLBACK,ACT15_GB03,1500,300,15000,203,200,3,76,0.37438423645320196,60,0.2955665024630542,0.7894736842105263,140,-1449,-383,450,1578,2960,621.295,0.665,0.335,11649,2789,2345,2653
ROBUST_1,OBSERVED_TRAILING_WITH_T15S_FALLBACK,ACT15_GB05,1500,500,15000,203,200,3,76,0.37438423645320196,56,0.27586206896551724,0.7368421052631579,144,-1449,-383,450,1578,2877,612.46,0.665,0.335,11741,2789,2332,2834
ROBUST_1,OBSERVED_TRAILING_WITH_T15S_FALLBACK,ACT15_GB10,1500,1000,15000,203,200,3,76,0.37438423645320196,47,0.2315270935960591,0.618421052631579,153,-1449,-383,379,1578,2992,625.33,0.66,0.34,12157,2789,2332,3116
ROBUST_2,OBSERVED_TRAILING_WITH_T15S_FALLBACK,ACT05_GB03,500,300,15000,229,226,3,141,0.6157205240174672,106,0.462882096069869,0.75177304964539,120,-1355,-288,412,1175,2700,431.9513274336283,0.6858407079646017,0.3141592920353982,9075,72,2613,1428
ROBUST_2,OBSERVED_TRAILING_WITH_T15S_FALLBACK,ACT05_GB05,500,500,15000,229,226,3,141,0.6157205240174672,97,0.42358078602620086,0.6879432624113475,129,-1355,-288,362,1241,2572,432.57522123893807,0.6769911504424779,0.3230088495575221,10010,72,2566,1626
ROBUST_2,OBSERVED_TRAILING_WITH_T15S_FALLBACK,ACT05_GB10,500,1000,15000,229,226,3,141,0.6157205240174672,77,0.33624454148471616,0.5460992907801419,149,-1449,-456,229,1315,2960,412.55309734513276,0.6017699115044248,0.39823008849557523,11190,72,2471,2008
ROBUST_2,OBSERVED_TRAILING_WITH_T15S_FALLBACK,ACT10_GB03,1000,300,15000,229,226,3,110,0.48034934497816595,80,0.34934497816593885,0.7272727272727273,146,-1454,-345,546,1348,2729,461.8628318584071,0.6769911504424779,0.3230088495575221,10857,2457,2546,2123
ROBUST_2,OBSERVED_TRAILING_WITH_T15S_FALLBACK,ACT10_GB05,1000,500,15000,229,226,3,110,0.48034934497816595,75,0.32751091703056767,0.6818181818181818,151,-1454,-345,464,1312,2729,440.716814159292,0.672566371681416,0.3274336283185841,11168,2457,2437,2271
ROBUST_2,OBSERVED_TRAILING_WITH_T15S_FALLBACK,ACT10_GB10,1000,1000,15000,229,226,3,110,0.48034934497816595,63,0.27510917030567683,0.5727272727272728,163,-1554,-410,278,1348,2960,419.0221238938053,0.6283185840707964,0.37168141592920356,11666,2457,2403,2606
ROBUST_2,OBSERVED_TRAILING_WITH_T15S_FALLBACK,ACT15_GB03,1500,300,15000,229,226,3,78,0.3406113537117904,62,0.27074235807860264,0.7948717948717948,164,-1969,-579,362,1498,2848,393.7345132743363,0.6371681415929203,0.36283185840707965,11639,2789,2379,2653
ROBUST_2,OBSERVED_TRAILING_WITH_T15S_FALLBACK,ACT15_GB05,1500,500,15000,229,226,3,78,0.3406113537117904,59,0.2576419213973799,0.7564102564102564,167,-1969,-579,362,1351,2848,381.5265486725664,0.6371681415929203,0.36283185840707965,11741,2789,2373,2904
ROBUST_2,OBSERVED_TRAILING_WITH_T15S_FALLBACK,ACT15_GB10,1500,1000,15000,229,226,3,78,0.3406113537117904,50,0.2183406113537118,0.6410256410256411,176,-1969,-579,339,1380,2960,393.3185840707965,0.6327433628318584,0.3672566371681416,12168,2789,2345,3116
ROBUST_3,OBSERVED_TRAILING_WITH_T15S_FALLBACK,ACT05_GB03,500,300,15000,211,208,3,139,0.6587677725118484,108,0.5118483412322274,0.7769784172661871,100,-1627,-236,539,1386,2878,475.05288461538464,0.7163461538461539,0.28365384615384615,8851,955,2688,1722
ROBUST_3,OBSERVED_TRAILING_WITH_T15S_FALLBACK,ACT05_GB05,500,500,15000,211,208,3,139,0.6587677725118484,100,0.47393364928909953,0.7194244604316546,108,-1659,-264,539,1383,2878,458.8125,0.7067307692307693,0.2932692307692308,9494,955,2566,1941
ROBUST_3,OBSERVED_TRAILING_WITH_T15S_FALLBACK,ACT05_GB10,500,1000,15000,211,208,3,139,0.6587677725118484,84,0.3981042654028436,0.60431654676259,124,-1662,-505,323,1396,2992,395.3173076923077,0.6298076923076923,0.3701923076923077,10885,955,2487,2450
ROBUST_3,OBSERVED_TRAILING_WITH_T15S_FALLBACK,ACT10_GB03,1000,300,15000,211,208,3,118,0.5592417061611374,88,0.41706161137440756,0.7457627118644068,120,-1659,-345,692,1499,2960,503.8798076923077,0.7019230769230769,0.2980769230769231,10596,2733,2613,2312
ROBUST_3,OBSERVED_TRAILING_WITH_T15S_FALLBACK,ACT10_GB05,1000,500,15000,211,208,3,118,0.5592417061611374,83,0.3933649289099526,0.7033898305084746,125,-1662,-377,567,1487,2880,465.22115384615387,0.6923076923076923,0.3076923076923077,10803,2733,2565,2478
ROBUST_3,OBSERVED_TRAILING_WITH_T15S_FALLBACK,ACT10_GB10,1000,1000,15000,211,208,3,118,0.5592417061611374,72,0.3412322274881517,0.6101694915254238,136,-1800,-517,379,1396,2992,399.28365384615387,0.6490384615384616,0.35096153846153844,11299,2733,2478,2776
ROBUST_3,OBSERVED_TRAILING_WITH_T15S_FALLBACK,ACT15_GB03,1500,300,15000,211,208,3,87,0.41232227488151657,70,0.33175355450236965,0.8045977011494253,138,-2083,-594,572,1692,3017,465.2355769230769,0.6682692307692307,0.3317307692307692,11280,2999,2471,2834
ROBUST_3,OBSERVED_TRAILING_WITH_T15S_FALLBACK,ACT15_GB05,1500,500,15000,211,208,3,87,0.41232227488151657,67,0.3175355450236967,0.7701149425287356,141,-2150,-606,567,1578,2991,438.0480769230769,0.6634615384615384,0.33653846153846156,11353,2999,2437,3083
ROBUST_3,OBSERVED_TRAILING_WITH_T15S_FALLBACK,ACT15_GB10,1500,1000,15000,211,208,3,87,0.41232227488151657,60,0.2843601895734597,0.6896551724137931,148,-2150,-606,464,1499,3028,387.14903846153845,0.6538461538461539,0.34615384615384615,11801,2999,2390,3116
