parameter_set_id,combo_index,a_role,a_source_parameter_set_id,min_return_bps,min_trades_since_t0,min_unique_buyers_since_t0,min_depth_bps,max_depth_bps,run_count,candidate_count,expired_count,invalidated_count,rejected_count,trade_count,candidate_state_count,accounted_run_count,h5s_observable_n,h5s_p25_bps,h5s_p50_bps,h5s_p75_bps,h15s_observable_n,h15s_p25_bps,h15s_p50_bps,h15s_p75_bps,h30s_observable_n,h30s_p25_bps,h30s_p50_bps,h30s_p75_bps,h60s_observable_n,h60s_p25_bps,h60s_p50_bps,h60s_p75_bps,h2m_observable_n,h2m_p25_bps,h2m_p50_bps,h2m_p75_bps,h5m_observable_n,h5m_p25_bps,h5m_p50_bps,h5m_p75_bps,complete_5m_extrema_n,h15_observable_n,h15_p50_bps,h30_observable_n,h30_p50_bps,diagnostic_pareto_frontier
FP1-EXP0003-B-001-CONTROL-R500-T2-U1-PD1000-3500,1,CONTROL,FP1-EXP0002-A-001-R500-T2-B1,500,2,1,1000,3500,3901,142,3467,292,0,0,142,3901,81,-511,177,1089,84,-924,123,1030,34,-1153,33,1142,12,-3054,-842,4048,11,-5023,-1403,10127,2,-6374,-6374,-3863,2,84,123,34,33,False
FP1-EXP0003-B-002-CONTROL-R500-T2-U1-PD1000-5500,2,CONTROL,FP1-EXP0002-A-001-R500-T2-B1,500,2,1,1000,5500,3901,192,3543,166,0,0,192,3901,107,-460,315,1089,109,-842,181,1030,57,-1052,44,1271,25,-2376,5,4048,23,-3839,-624,4192,9,-6374,-3863,-2342,9,109,181,57,44,False
FP1-EXP0003-B-003-CONTROL-R500-T2-U1-PD1000-6000,3,CONTROL,FP1-EXP0002-A-001-R500-T2-B1,500,2,1,1000,6000,3901,200,3555,146,0,0,200,3901,111,-460,302,1007,114,-924,133,1012,61,-1153,41,1142,26,-2746,-253,4048,24,-4323,-1403,2808,10,-7446,-4555,-2342,10,114,133,61,41,False
FP1-EXP0003-B-004-CONTROL-R500-T2-U1-PD1000-6500,4,CONTROL,FP1-EXP0002-A-001-R500-T2-B1,500,2,1,1000,6500,3901,202,3572,127,0,0,202,3901,112,-460,264,987,115,-924,152,1012,62,-1153,41,1142,26,-2746,-253,4048,24,-4323,-1403,2808,10,-7446,-4555,-2342,10,115,152,62,41,False
FP1-EXP0003-B-005-CONTROL-R500-T2-U1-PD1000-9000,5,CONTROL,FP1-EXP0002-A-001-R500-T2-B1,500,2,1,1000,9000,3901,230,3623,48,0,0,230,3901,121,-449,315,987,127,-924,181,1030,67,-1280,44,1142,27,-3054,-253,4048,25,-4323,-1403,2808,11,-8571,-4555,-2342,11,127,181,67,44,True
FP1-EXP0003-B-006-CONTROL-R500-T2-U1-PD2500-3500,6,CONTROL,FP1-EXP0002-A-001-R500-T2-B1,500,2,1,2500,3500,3901,44,3505,352,0,0,44,3901,25,-288,371,2010,29,-56,542,2660,12,-621,529,2519,4,3697,4048,7437,3,4192,6200,48822,1,-6374,-6374,-6374,1,29,542,12,529,True
FP1-EXP0003-B-007-CONTROL-R500-T2-U1-PD2500-5500,7,CONTROL,FP1-EXP0002-A-001-R500-T2-B1,500,2,1,2500,5500,3901,109,3592,200,0,0,109,3901,64,-288,264,1089,62,-627,238,1508,41,-810,22,1403,18,-1805,1121,5462,16,-2446,-253,4192,8,-7446,-4555,-2551,8,62,238,41,22,True
FP1-EXP0003-B-008-CONTROL-R500-T2-U1-PD2500-6000,8,CONTROL,FP1-EXP0002-A-001-R500-T2-B1,500,2,1,2500,6000,3901,117,3607,177,0,0,117,3901,68,-350,195,1007,67,-796,150,1215,45,-1280,22,1271,19,-2538,1121,5462,17,-2446,-253,4192,9,-7446,-4555,-2551,9,67,150,45,22,False
FP1-EXP0003-B-009-CONTROL-R500-T2-U1-PD2500-6500,9,CONTROL,FP1-EXP0002-A-001-R500-T2-B1,500,2,1,2500,6500,3901,120,3627,154,0,0,120,3901,70,-288,195,1007,69,-796,150,1030,46,-1280,22,1271,19,-2538,1121,5462,17,-2446,-253,4192,9,-7446,-4555,-2551,9,69,150,46,22,False
FP1-EXP0003-B-010-CONTROL-R500-T2-U1-PD2500-9000,10,CONTROL,FP1-EXP0002-A-001-R500-T2-B1,500,2,1,2500,9000,3901,159,3689,53,0,0,159,3901,88,-174,195,816,91,-1214,150,1215,58,-1439,41,1271,20,-2584,900,4048,18,-2584,-624,4192,10,-8571,-6374,-2551,10,91,150,58,41,False
FP1-EXP0003-B-011-CONTROL-R500-T2-U1-PD3000-3500,11,CONTROL,FP1-EXP0002-A-001-R500-T2-B1,500,2,1,3000,3500,3901,18,3512,371,0,0,18,3901,10,-938,84,2165,11,-1175,0,3017,3,-1004,22,2519,0,,,,0,,,,0,,,,0,11,0,3,22,False
FP1-EXP0003-B-012-CONTROL-R500-T2-U1-PD3000-5500,12,CONTROL,FP1-EXP0002-A-001-R500-T2-B1,500,2,1,3000,5500,3901,85,3601,215,0,0,85,3901,50,-405,264,1089,44,-967,80,721,31,-1280,-46,1271,14,-2538,-253,2818,13,-2446,-624,1763,7,-7446,-2833,3614,7,44,80,31,-46,False
FP1-EXP0003-B-013-CONTROL-R500-T2-U1-PD3000-6000,13,CONTROL,FP1-EXP0002-A-001-R500-T2-B1,500,2,1,3000,6000,3901,93,3616,192,0,0,93,3901,54,-405,159,1007,49,-1175,36,696,35,-2118,-46,872,15,-2584,-253,2818,14,-2584,-1215,1763,8,-8571,-4555,-2551,8,49,36,35,-46,False
FP1-EXP0003-B-014-CONTROL-R500-T2-U1-PD3000-6500,14,CONTROL,FP1-EXP0002-A-001-R500-T2-B1,500,2,1,3000,6500,3901,97,3640,164,0,0,97,3901,56,-405,159,816,52,-1214,36,721,37,-1280,-40,602,16,-3686,-639,1679,15,-2772,-1215,1763,9,-8571,-4555,-2551,9,52,36,37,-40,False
FP1-EXP0003-B-015-CONTROL-R500-T2-U1-PD3000-9000,15,CONTROL,FP1-EXP0002-A-001-R500-T2-B1,500,2,1,3000,9000,3901,141,3703,57,0,0,141,3901,74,-127,163,816,75,-1427,36,923,49,-1439,-40,546,17,-3686,-639,1679,16,-4323,-1958,1679,10,-8588,-7446,-2551,10,75,36,49,-40,False
FP1-EXP0003-B-016-CONTROL-R500-T2-U1-PD4000-5500,16,CONTROL,FP1-EXP0002-A-001-R500-T2-B1,500,2,1,4000,5500,3901,50,3623,228,0,0,50,3901,28,-94,315,816,19,-967,80,517,18,-2303,-253,517,9,-253,1121,1679,9,-2446,-253,1704,5,-5408,-2833,-2551,5,19,80,18,-253,False
FP1-EXP0003-B-017-CONTROL-R500-T2-U1-PD4000-6000,17,CONTROL,FP1-EXP0002-A-001-R500-T2-B1,500,2,1,4000,6000,3901,59,3639,203,0,0,59,3901,33,-94,315,1007,25,-1941,0,446,23,-2932,-171,517,10,-2538,900,1679,10,-2584,-1215,1704,6,-8571,-5408,-2551,6,25,0,23,-171,False
FP1-EXP0003-B-018-CONTROL-R500-T2-U1-PD4000-6500,18,CONTROL,FP1-EXP0002-A-001-R500-T2-B1,500,2,1,4000,6500,3901,65,3664,172,0,0,65,3901,37,-94,264,816,30,-1478,0,517,27,-2932,-171,543,13,-4043,-253,1263,12,-6116,-2446,1679,8,-8588,-6208,-2833,8,30,0,27,-171,False
FP1-EXP0003-B-019-CONTROL-R500-T2-U1-PD4000-9000,19,CONTROL,FP1-EXP0002-A-001-R500-T2-B1,500,2,1,4000,9000,3901,110,3732,59,0,0,110,3901,54,-106,238,816,53,-1478,36,611,38,-2932,-171,517,14,-4580,-2538,1263,13,-6116,-2446,1679,9,-8588,-6208,-2833,9,53,36,38,-171,False
FP1-EXP0003-B-020-CONTROL-R500-T2-U1-PD6000-6500,20,CONTROL,FP1-EXP0002-A-001-R500-T2-B1,500,2,1,6000,6500,3901,12,3698,191,0,0,12,3901,6,-70,215,891,8,-1478,206,983,5,-4368,195,543,4,-6539,-5798,-4043,3,-9123,-6539,1792,2,-8588,-8588,-6620,2,8,206,5,195,False
FP1-EXP0003-B-021-CONTROL-R500-T2-U1-PD6000-9000,21,CONTROL,FP1-EXP0002-A-001-R500-T2-B1,500,2,1,6000,9000,3901,63,3773,64,1,0,63,3901,27,-106,238,890,33,-1427,238,1091,19,-3418,238,602,9,-5938,-4043,1657,8,-8837,-6539,1792,4,-8851,-8588,-6620,4,33,238,19,238,False
FP1-EXP0003-B-022-ROBUST_1-R1500-T5-U9-PD1000-3500,22,ROBUST_1,FP1-EXP0002-A-040-R1500-T5-B9,1500,5,9,1000,3500,3901,65,3737,99,0,0,65,3901,48,-613,188,1089,43,-744,181,1215,17,5,297,529,5,-3742,5,4048,3,-3839,11,4192,1,-3863,-3863,-3863,1,43,181,17,297,False
FP1-EXP0003-B-023-ROBUST_1-R1500-T5-U9-PD1000-5500,23,ROBUST_1,FP1-EXP0002-A-040-R1500-T5-B9,1500,5,9,1000,5500,3901,83,3761,57,0,0,83,3901,63,-114,315,1089,54,-350,201,1215,25,-253,297,869,9,-2376,5,4048,6,-2376,-253,4192,2,-3863,-3863,-2342,2,54,201,25,297,False
FP1-EXP0003-B-024-ROBUST_1-R1500-T5-U9-PD1000-6000,24,ROBUST_1,FP1-EXP0002-A-040-R1500-T5-B9,1500,5,9,1000,6000,3901,84,3767,50,0,0,84,3901,64,-114,308,790,55,-350,238,1215,26,-253,74,869,9,-2376,5,4048,6,-2376,-253,4192,2,-3863,-3863,-2342,2,55,238,26,74,False
FP1-EXP0003-B-025-ROBUST_1-R1500-T5-U9-PD1000-6500,25,ROBUST_1,FP1-EXP0002-A-040-R1500-T5-B9,1500,5,9,1000,6500,3901,85,3777,39,0,0,85,3901,65,-70,308,790,56,-350,238,1012,27,-253,297,869,9,-2376,5,4048,6,-2376,-253,4192,2,-3863,-3863,-2342,2,56,238,27,297,False
FP1-EXP0003-B-026-ROBUST_1-R1500-T5-U9-PD1000-9000,26,ROBUST_1,FP1-EXP0002-A-040-R1500-T5-B9,1500,5,9,1000,9000,3901,92,3807,2,0,0,92,3901,69,0,315,790,60,-200,241,1215,29,5,331,869,10,-2376,5,7333,7,-2376,11,7115,2,-3863,-3863,-2342,2,60,241,29,331,True
FP1-EXP0003-B-027-ROBUST_1-R1500-T5-U9-PD2500-3500,27,ROBUST_1,FP1-EXP0002-A-040-R1500-T5-B9,1500,5,9,2500,3500,3901,19,3752,130,0,0,19,3901,15,26,195,1089,16,-11,247,1215,7,22,529,2519,2,4048,4048,7437,1,4192,4192,4192,0,,,,0,16,247,7,529,False
FP1-EXP0003-B-028-ROBUST_1-R1500-T5-U9-PD2500-5500,28,ROBUST_1,FP1-EXP0002-A-040-R1500-T5-B9,1500,5,9,2500,5500,3901,43,3781,77,0,0,43,3901,34,19,264,631,29,-11,247,1215,16,-586,468,872,6,-253,2818,7333,4,-2584,-253,4192,1,-2551,-2551,-2551,1,29,247,16,468,False
FP1-EXP0003-B-029-ROBUST_1-R1500-T5-U9-PD2500-6000,29,ROBUST_1,FP1-EXP0002-A-040-R1500-T5-B9,1500,5,9,2500,6000,3901,44,3788,69,0,0,44,3901,35,19,264,631,30,-11,247,1215,17,-484,468,872,6,-253,2818,7333,4,-2584,-253,4192,1,-2551,-2551,-2551,1,30,247,17,468,False
FP1-EXP0003-B-030-ROBUST_1-R1500-T5-U9-PD2500-6500,30,ROBUST_1,FP1-EXP0002-A-040-R1500-T5-B9,1500,5,9,2500,6500,3901,46,3803,52,0,0,46,3901,37,19,264,631,32,-152,247,983,18,-484,468,872,6,-253,2818,7333,4,-2584,-253,4192,1,-2551,-2551,-2551,1,32,247,18,468,False
FP1-EXP0003-B-031-ROBUST_1-R1500-T5-U9-PD2500-9000,31,ROBUST_1,FP1-EXP0002-A-040-R1500-T5-B9,1500,5,9,2500,9000,3901,57,3842,2,0,0,57,3901,45,19,264,610,40,-11,407,1215,23,-484,468,1271,7,-253,4048,7437,5,-253,4192,7115,1,-2551,-2551,-2551,1,40,407,23,468,True
FP1-EXP0003-B-032-ROBUST_1-R1500-T5-U9-PD3000-3500,32,ROBUST_1,FP1-EXP0002-A-040-R1500-T5-B9,1500,5,9,3000,3500,3901,8,3757,136,0,0,8,3901,4,-4114,84,1089,5,0,247,1215,3,-1004,22,2519,0,,,,0,,,,0,,,,0,5,247,3,22,False
FP1-EXP0003-B-033-ROBUST_1-R1500-T5-U9-PD3000-5500,33,ROBUST_1,FP1-EXP0002-A-040-R1500-T5-B9,1500,5,9,3000,5500,3901,33,3787,81,0,0,33,3901,24,5,315,790,18,-627,238,1215,12,-810,-253,872,4,-2584,-253,2818,3,-2584,-253,7115,1,-2551,-2551,-2551,1,18,238,12,-253,False
FP1-EXP0003-B-034-ROBUST_1-R1500-T5-U9-PD3000-6000,34,ROBUST_1,FP1-EXP0002-A-040-R1500-T5-B9,1500,5,9,3000,6000,3901,34,3794,73,0,0,34,3901,25,19,315,790,19,-627,247,1215,13,-586,22,872,4,-2584,-253,2818,3,-2584,-253,7115,1,-2551,-2551,-2551,1,19,247,13,22,False
FP1-EXP0003-B-035-ROBUST_1-R1500-T5-U9-PD3000-6500,35,ROBUST_1,FP1-EXP0002-A-040-R1500-T5-B9,1500,5,9,3000,6500,3901,36,3810,55,0,0,36,3901,27,5,315,790,21,-627,247,983,14,-586,22,872,4,-2584,-253,2818,3,-2584,-253,7115,1,-2551,-2551,-2551,1,21,247,14,22,False
FP1-EXP0003-B-036-ROBUST_1-R1500-T5-U9-PD3000-9000,36,ROBUST_1,FP1-EXP0002-A-040-R1500-T5-B9,1500,5,9,3000,9000,3901,48,3851,2,0,0,48,3901,36,5,264,610,30,-627,247,1215,20,-810,41,872,5,-253,2818,7333,4,-2584,-253,7115,1,-2551,-2551,-2551,1,30,247,20,41,False
FP1-EXP0003-B-037-ROBUST_1-R1500-T5-U9-PD4000-5500,37,ROBUST_1,FP1-EXP0002-A-040-R1500-T5-B9,1500,5,9,4000,5500,3901,18,3798,85,0,0,18,3901,13,5,447,816,6,-736,0,517,5,-810,-253,517,2,-2584,-2584,-253,2,-2584,-2584,-253,1,-2551,-2551,-2551,1,6,0,5,-253,False
FP1-EXP0003-B-038-ROBUST_1-R1500-T5-U9-PD4000-6000,38,ROBUST_1,FP1-EXP0002-A-040-R1500-T5-B9,1500,5,9,4000,6000,3901,20,3806,75,0,0,20,3901,15,5,447,1149,8,-736,0,446,7,-810,-171,517,2,-2584,-2584,-253,2,-2584,-2584,-253,1,-2551,-2551,-2551,1,8,0,7,-171,False
FP1-EXP0003-B-039-ROBUST_1-R1500-T5-U9-PD4000-6500,39,ROBUST_1,FP1-EXP0002-A-040-R1500-T5-B9,1500,5,9,4000,6500,3901,22,3823,56,0,0,22,3901,17,5,447,816,10,-736,0,517,8,-810,-171,517,2,-2584,-2584,-253,2,-2584,-2584,-253,1,-2551,-2551,-2551,1,10,0,8,-171,False
FP1-EXP0003-B-040-ROBUST_1-R1500-T5-U9-PD4000-9000,40,ROBUST_1,FP1-EXP0002-A-040-R1500-T5-B9,1500,5,9,4000,9000,3901,34,3865,2,0,0,34,3901,26,5,300,790,19,-736,238,983,14,-810,41,602,3,-2584,-253,44102,3,-2584,-253,14761,1,-2551,-2551,-2551,1,19,238,14,41,False
FP1-EXP0003-B-041-ROBUST_1-R1500-T5-U9-PD6000-6500,41,ROBUST_1,FP1-EXP0002-A-040-R1500-T5-B9,1500,5,9,6000,6500,3901,3,3836,62,0,0,3,3901,3,-70,677,1022,3,-1478,983,1020,1,602,602,602,0,,,,0,,,,0,,,,0,3,983,1,602,False
FP1-EXP0003-B-042-ROBUST_1-R1500-T5-U9-PD6000-9000,42,ROBUST_1,FP1-EXP0002-A-040-R1500-T5-B9,1500,5,9,6000,9000,3901,16,3883,2,0,0,16,3901,13,62,300,610,12,-1427,559,1020,7,-835,392,1564,1,44102,44102,44102,1,14761,14761,14761,0,,,,0,12,559,7,392,True
FP1-EXP0003-B-043-ROBUST_2-R2000-T3-U5-PD1000-3500,43,ROBUST_2,FP1-EXP0002-A-059-R2000-T3-B5,2000,3,5,1000,3500,3901,81,3694,126,0,0,81,3901,52,-382,130,662,50,-809,123,865,20,5,297,869,7,-2746,2965,7437,6,-3839,11,4192,2,-8364,-8364,-3863,2,50,123,20,297,False
FP1-EXP0003-B-044-ROBUST_2-R2000-T3-U5-PD1000-5500,44,ROBUST_2,FP1-EXP0002-A-059-R2000-T3-B5,2000,3,5,1000,5500,3901,102,3735,64,0,0,102,3901,69,-281,264,790,63,-402,201,923,30,-253,331,1142,13,-253,1121,4048,11,-2772,-253,4192,4,-8364,-3863,-2342,4,63,201,30,331,False
FP1-EXP0003-B-045-ROBUST_2-R2000-T3-U5-PD1000-6000,45,ROBUST_2,FP1-EXP0002-A-059-R2000-T3-B5,2000,3,5,1000,6000,3901,104,3744,53,0,0,104,3901,70,-281,261,790,64,-402,201,865,31,-253,331,1142,13,-253,1121,4048,11,-2772,-253,4192,4,-8364,-3863,-2342,4,64,201,31,331,False
FP1-EXP0003-B-046-ROBUST_2-R2000-T3-U5-PD1000-6500,46,ROBUST_2,FP1-EXP0002-A-059-R2000-T3-B5,2000,3,5,1000,6500,3901,105,3752,44,0,0,105,3901,71,-281,261,790,65,-350,201,865,32,-286,297,872,14,-2376,900,4048,11,-2772,-253,4192,4,-8364,-3863,-2342,4,65,201,32,297,False
FP1-EXP0003-B-047-ROBUST_2-R2000-T3-U5-PD1000-9000,47,ROBUST_2,FP1-EXP0002-A-059-R2000-T3-B5,2000,3,5,1000,9000,3901,114,3782,5,0,0,114,3901,74,-114,261,662,68,-350,201,865,33,-253,331,872,14,-2376,900,4048,11,-2772,-253,4192,4,-8364,-3863,-2342,4,68,201,33,331,True
FP1-EXP0003-B-048-ROBUST_2-R2000-T3-U5-PD2500-3500,48,ROBUST_2,FP1-EXP0002-A-059-R2000-T3-B5,2000,3,5,2500,3500,3901,21,3712,168,0,0,21,3901,14,26,188,1089,16,-11,247,1215,8,22,529,2378,2,4048,4048,7437,1,4192,4192,4192,0,,,,0,16,247,8,529,False
FP1-EXP0003-B-049-ROBUST_2-R2000-T3-U5-PD2500-5500,49,ROBUST_2,FP1-EXP0002-A-059-R2000-T3-B5,2000,3,5,2500,5500,3901,51,3760,90,0,0,51,3901,38,5,195,631,34,-152,247,923,22,-621,468,1271,8,-253,1121,4048,6,-2584,-2446,4192,2,-2551,-2551,3614,2,34,247,22,468,False
FP1-EXP0003-B-050-ROBUST_2-R2000-T3-U5-PD2500-6000,50,ROBUST_2,FP1-EXP0002-A-059-R2000-T3-B5,2000,3,5,2500,6000,3901,54,3772,75,0,0,54,3901,39,5,195,631,35,-152,407,923,23,-621,468,1271,8,-253,1121,4048,6,-2584,-2446,4192,2,-2551,-2551,3614,2,35,407,23,468,False
FP1-EXP0003-B-051-ROBUST_2-R2000-T3-U5-PD2500-6500,51,ROBUST_2,FP1-EXP0002-A-059-R2000-T3-B5,2000,3,5,2500,6500,3901,57,3784,60,0,0,57,3901,41,5,195,631,38,-152,247,923,25,-621,468,872,10,-2584,900,4048,7,-2772,-2446,4192,3,-8588,-2551,3614,3,38,247,25,468,True
FP1-EXP0003-B-052-ROBUST_2-R2000-T3-U5-PD2500-9000,52,ROBUST_2,FP1-EXP0002-A-059-R2000-T3-B5,2000,3,5,2500,9000,3901,71,3824,6,0,0,71,3901,48,-52,195,542,45,-106,407,923,29,-621,392,872,10,-2584,900,4048,7,-2772,-2446,4192,3,-8588,-2551,3614,3,45,407,29,392,True
FP1-EXP0003-B-053-ROBUST_2-R2000-T3-U5-PD3000-3500,53,ROBUST_2,FP1-EXP0002-A-059-R2000-T3-B5,2000,3,5,3000,3500,3901,8,3718,175,0,0,8,3901,4,-780,84,1089,6,-1175,0,1215,3,-1004,22,2519,0,,,,0,,,,0,,,,0,6,0,3,22,False
FP1-EXP0003-B-054-ROBUST_2-R2000-T3-U5-PD3000-5500,54,ROBUST_2,FP1-EXP0002-A-059-R2000-T3-B5,2000,3,5,3000,5500,3901,39,3765,97,0,0,39,3901,29,5,315,790,24,-796,238,721,17,-1004,-253,872,6,-253,900,2818,5,-2584,-2446,-253,2,-2551,-2551,3614,2,24,238,17,-253,False
FP1-EXP0003-B-055-ROBUST_2-R2000-T3-U5-PD3000-6000,55,ROBUST_2,FP1-EXP0002-A-059-R2000-T3-B5,2000,3,5,3000,6000,3901,43,3777,81,0,0,43,3901,30,5,264,790,25,-736,247,721,18,-1004,-253,872,6,-253,900,2818,5,-2584,-2446,-253,2,-2551,-2551,3614,2,25,247,18,-253,False
FP1-EXP0003-B-056-ROBUST_2-R2000-T3-U5-PD3000-6500,56,ROBUST_2,FP1-EXP0002-A-059-R2000-T3-B5,2000,3,5,3000,6500,3901,46,3792,63,0,0,46,3901,32,-106,264,677,28,-796,238,721,20,-2118,-253,543,8,-4043,-253,1121,6,-2772,-2584,-253,3,-8588,-2551,3614,3,28,238,20,-253,False
FP1-EXP0003-B-057-ROBUST_2-R2000-T3-U5-PD3000-9000,57,ROBUST_2,FP1-EXP0002-A-059-R2000-T3-B5,2000,3,5,3000,9000,3901,62,3833,6,0,0,62,3901,40,-106,238,528,36,-796,238,721,25,-1004,22,543,8,-4043,-253,1121,6,-2772,-2584,-253,3,-8588,-2551,3614,3,36,238,25,22,False
FP1-EXP0003-B-058-ROBUST_2-R2000-T3-U5-PD4000-5500,58,ROBUST_2,FP1-EXP0002-A-059-R2000-T3-B5,2000,3,5,4000,5500,3901,23,3778,100,0,0,23,3901,17,5,447,816,11,-967,238,549,10,-2303,-810,517,4,-2584,-253,900,4,-2772,-2584,-2446,2,-2551,-2551,3614,2,11,238,10,-810,False
FP1-EXP0003-B-059-ROBUST_2-R2000-T3-U5-PD4000-6000,59,ROBUST_2,FP1-EXP0002-A-059-R2000-T3-B5,2000,3,5,4000,6000,3901,28,3791,82,0,0,28,3901,19,5,447,1092,13,-736,238,517,12,-2303,-253,504,4,-2584,-253,900,4,-2772,-2584,-2446,2,-2551,-2551,3614,2,13,238,12,-253,False
FP1-EXP0003-B-060-ROBUST_2-R2000-T3-U5-PD4000-6500,60,ROBUST_2,FP1-EXP0002-A-059-R2000-T3-B5,2000,3,5,4000,6500,3901,31,3806,64,0,0,31,3901,21,5,447,816,16,-967,0,517,14,-2303,-253,517,6,-4043,-2584,900,5,-2772,-2584,-2446,3,-8588,-2551,3614,3,16,0,14,-253,False
FP1-EXP0003-B-061-ROBUST_2-R2000-T3-U5-PD4000-9000,61,ROBUST_2,FP1-EXP0002-A-059-R2000-T3-B5,2000,3,5,4000,9000,3901,47,3848,6,0,0,47,3901,29,5,300,677,24,-967,238,559,19,-2118,-171,517,6,-4043,-2584,900,5,-2772,-2584,-2446,3,-8588,-2551,3614,3,24,238,19,-171,False
FP1-EXP0003-B-062-ROBUST_2-R2000-T3-U5-PD6000-6500,62,ROBUST_2,FP1-EXP0002-A-059-R2000-T3-B5,2000,3,5,6000,6500,3901,4,3825,72,0,0,4,3901,3,-106,677,1022,4,-1478,-106,1020,2,-4368,-4368,543,2,-5798,-5798,-4043,1,-9123,-9123,-9123,1,-8588,-8588,-8588,1,4,-106,2,-4368,False
FP1-EXP0003-B-063-ROBUST_2-R2000-T3-U5-PD6000-9000,63,ROBUST_2,FP1-EXP0002-A-059-R2000-T3-B5,2000,3,5,6000,9000,3901,24,3871,6,0,0,24,3901,14,-106,238,610,14,-106,559,1352,9,-835,238,543,4,-5798,-4043,-1513,3,-9123,4087,14761,1,-8588,-8588,-8588,1,14,559,9,238,True
FP1-EXP0003-B-064-ROBUST_3-R5000-T3-U2-PD1000-3500,64,ROBUST_3,FP1-EXP0002-A-107-R5000-T3-B2,5000,3,2,1000,3500,3901,59,3716,126,0,0,59,3901,36,-804,79,1095,33,-461,181,1012,12,22,297,529,4,-7333,4048,7437,2,4192,4192,48822,1,-6374,-6374,-6374,1,33,181,12,297,False
FP1-EXP0003-B-065-ROBUST_3-R5000-T3-U2-PD1000-5500,65,ROBUST_3,FP1-EXP0002-A-107-R5000-T3-B2,5000,3,2,1000,5500,3901,80,3743,78,0,0,80,3901,47,-449,264,1119,44,-153,201,2395,22,-253,331,2378,12,-2376,2818,7333,9,-1958,1763,7115,3,-8869,-6374,-2342,3,44,201,22,331,False
FP1-EXP0003-B-066-ROBUST_3-R5000-T3-U2-PD1000-6000,66,ROBUST_3,FP1-EXP0002-A-107-R5000-T3-B2,5000,3,2,1000,6000,3901,82,3750,69,0,0,82,3901,47,-449,264,1119,44,-153,201,2395,22,-253,331,2378,12,-2376,2818,7333,9,-1958,1763,7115,3,-8869,-6374,-2342,3,44,201,22,331,False
FP1-EXP0003-B-067-ROBUST_3-R5000-T3-U2-PD1000-6500,67,ROBUST_3,FP1-EXP0002-A-107-R5000-T3-B2,5000,3,2,1000,6500,3901,84,3759,58,0,0,84,3901,47,-449,264,1119,45,-135,238,2583,22,-253,331,2378,12,-2376,2818,7333,9,-1958,1763,7115,3,-8869,-6374,-2342,3,45,238,22,331,False
FP1-EXP0003-B-068-ROBUST_3-R5000-T3-U2-PD1000-9000,68,ROBUST_3,FP1-EXP0002-A-107-R5000-T3-B2,5000,3,2,1000,9000,3901,96,3789,16,0,0,96,3901,51,-356,308,1119,50,-135,238,2583,25,-253,331,1271,12,-2376,2818,7333,9,-1958,1763,7115,3,-8869,-6374,-2342,3,50,238,25,331,True
FP1-EXP0003-B-069-ROBUST_3-R5000-T3-U2-PD2500-3500,69,ROBUST_3,FP1-EXP0002-A-107-R5000-T3-B2,5000,3,2,2500,3500,3901,19,3727,155,0,0,19,3901,11,26,631,2148,13,-152,150,2148,7,22,2378,5374,3,4048,7437,11783,2,4192,4192,48822,1,-6374,-6374,-6374,1,13,150,7,2378,True
FP1-EXP0003-B-070-ROBUST_3-R5000-T3-U2-PD2500-5500,70,ROBUST_3,FP1-EXP0002-A-107-R5000-T3-B2,5000,3,2,2500,5500,3901,45,3759,97,0,0,45,3901,25,26,443,1910,27,-153,154,2909,19,-621,529,3560,11,-253,4048,7437,9,-1958,1763,7115,3,-8869,-6374,-2551,3,27,154,19,529,False
FP1-EXP0003-B-071-ROBUST_3-R5000-T3-U2-PD2500-6000,71,ROBUST_3,FP1-EXP0002-A-107-R5000-T3-B2,5000,3,2,2500,6000,3901,48,3768,85,0,0,48,3901,25,26,443,1910,27,-153,154,2909,19,-621,529,3560,11,-253,4048,7437,9,-1958,1763,7115,3,-8869,-6374,-2551,3,27,154,19,529,False
FP1-EXP0003-B-072-ROBUST_3-R5000-T3-U2-PD2500-6500,72,ROBUST_3,FP1-EXP0002-A-107-R5000-T3-B2,5000,3,2,2500,6500,3901,52,3779,70,0,0,52,3901,26,26,443,1910,29,-153,154,2909,19,-621,529,3560,11,-253,4048,7437,9,-1958,1763,7115,3,-8869,-6374,-2551,3,29,154,19,529,True
FP1-EXP0003-B-073-ROBUST_3-R5000-T3-U2-PD2500-9000,73,ROBUST_3,FP1-EXP0002-A-107-R5000-T3-B2,5000,3,2,2500,9000,3901,67,3815,19,0,0,67,3901,33,26,443,890,38,-375,196,2764,24,-810,392,2378,11,-253,4048,7437,9,-1958,1763,7115,3,-8869,-6374,-2551,3,38,196,24,392,False
FP1-EXP0003-B-074-ROBUST_3-R5000-T3-U2-PD3000-3500,74,ROBUST_3,FP1-EXP0002-A-107-R5000-T3-B2,5000,3,2,3000,3500,3901,8,3730,163,0,0,8,3901,4,-780,84,2010,6,-1175,-153,247,3,-1004,22,2519,0,,,,0,,,,0,,,,0,6,-153,3,22,False
FP1-EXP0003-B-075-ROBUST_3-R5000-T3-U2-PD3000-5500,75,ROBUST_3,FP1-EXP0002-A-107-R5000-T3-B2,5000,3,2,3000,5500,3901,35,3762,104,0,0,35,3901,19,5,443,1910,20,-796,36,2557,14,-1004,22,2519,8,-2584,1121,4456,7,-2584,-253,7115,2,-8869,-8869,-2551,2,20,36,14,22,False
FP1-EXP0003-B-076-ROBUST_3-R5000-T3-U2-PD3000-6000,76,ROBUST_3,FP1-EXP0002-A-107-R5000-T3-B2,5000,3,2,3000,6000,3901,39,3771,91,0,0,39,3901,19,5,443,1910,20,-796,36,2557,14,-1004,22,2519,8,-2584,1121,4456,7,-2584,-253,7115,2,-8869,-8869,-2551,2,20,36,14,22,False
FP1-EXP0003-B-077-ROBUST_3-R5000-T3-U2-PD3000-6500,77,ROBUST_3,FP1-EXP0002-A-107-R5000-T3-B2,5000,3,2,3000,6500,3901,43,3785,73,0,0,43,3901,20,5,443,816,23,-796,154,2764,15,-1004,517,2519,9,-2584,1121,4456,8,-2772,-1958,1763,3,-8869,-8588,-2551,3,23,154,15,517,False
FP1-EXP0003-B-078-ROBUST_3-R5000-T3-U2-PD3000-9000,78,ROBUST_3,FP1-EXP0002-A-107-R5000-T3-B2,5000,3,2,3000,9000,3901,61,3821,19,0,0,61,3901,28,5,396,816,33,-796,196,2557,21,-1004,238,1271,9,-2584,1121,4456,8,-2772,-1958,1763,3,-8869,-8588,-2551,3,33,196,21,238,False
FP1-EXP0003-B-079-ROBUST_3-R5000-T3-U2-PD4000-5500,79,ROBUST_3,FP1-EXP0002-A-107-R5000-T3-B2,5000,3,2,4000,5500,3901,23,3769,109,0,0,23,3901,12,5,447,816,10,-736,36,517,8,-2118,-253,1271,5,-253,1121,4456,5,-2584,-253,1763,2,-8869,-8869,-2551,2,10,36,8,-253,False
FP1-EXP0003-B-080-ROBUST_3-R5000-T3-U2-PD4000-6000,80,ROBUST_3,FP1-EXP0002-A-107-R5000-T3-B2,5000,3,2,4000,6000,3901,26,3780,95,0,0,26,3901,13,264,481,1491,11,-736,36,517,9,-810,-171,1271,5,-253,1121,4456,5,-2584,-253,1763,2,-8869,-8869,-2551,2,11,36,9,-171,False
FP1-EXP0003-B-081-ROBUST_3-R5000-T3-U2-PD4000-6500,81,ROBUST_3,FP1-EXP0002-A-107-R5000-T3-B2,5000,3,2,4000,6500,3901,32,3794,75,0,0,32,3901,15,5,481,1491,15,-736,36,1352,11,-2118,-171,1271,7,-4043,-253,4456,6,-2772,-2584,1763,3,-8869,-8588,-2551,3,15,36,11,-171,False
FP1-EXP0003-B-082-ROBUST_3-R5000-T3-U2-PD4000-9000,82,ROBUST_3,FP1-EXP0002-A-107-R5000-T3-B2,5000,3,2,4000,9000,3901,51,3831,19,0,0,51,3901,23,5,447,890,26,-736,154,1904,17,-1439,-171,543,7,-4043,-253,4456,6,-2772,-2584,1763,3,-8869,-8588,-2551,3,26,154,17,-171,False
FP1-EXP0003-B-083-ROBUST_3-R5000-T3-U2-PD6000-6500,83,ROBUST_3,FP1-EXP0002-A-107-R5000-T3-B2,5000,3,2,6000,6500,3901,6,3809,86,0,0,6,3901,3,-106,677,1022,5,-106,1020,1352,2,-4368,-4368,543,2,-5798,-5798,-4043,1,-9123,-9123,-9123,1,-8588,-8588,-8588,1,5,1020,2,-4368,True
FP1-EXP0003-B-084-ROBUST_3-R5000-T3-U2-PD6000-9000,84,ROBUST_3,FP1-EXP0002-A-107-R5000-T3-B2,5000,3,2,6000,9000,3901,30,3849,21,1,0,30,3901,14,-39,300,890,18,-1427,238,2559,10,-3418,-835,543,4,-5938,-5798,-4043,3,-9123,-7739,14761,1,-8588,-8588,-8588,1,18,238,10,-835,False
FP1-EXP0003-B-085-ROBUST_4-R5000-T5-U9-PD1000-3500,85,ROBUST_4,FP1-EXP0002-A-115-R5000-T5-B9,5000,5,9,1000,3500,3901,43,3791,67,0,0,43,3901,31,-804,81,710,26,-1482,173,865,11,22,297,529,2,-7333,-7333,4048,1,4192,4192,4192,0,,,,0,26,173,11,297,False
FP1-EXP0003-B-086-ROBUST_4-R5000-T5-U9-PD1000-5500,86,ROBUST_4,FP1-EXP0002-A-115-R5000-T5-B9,5000,5,9,1000,5500,3901,53,3806,42,0,0,53,3901,41,8,308,710,32,-1147,201,1012,16,22,331,872,6,-2376,-253,4048,4,-2376,-253,4192,1,-2342,-2342,-2342,1,32,201,16,331,False
FP1-EXP0003-B-087-ROBUST_4-R5000-T5-U9-PD1000-6000,87,ROBUST_4,FP1-EXP0002-A-115-R5000-T5-B9,5000,5,9,1000,6000,3901,53,3810,38,0,0,53,3901,41,8,308,710,32,-1147,201,1012,16,22,331,872,6,-2376,-253,4048,4,-2376,-253,4192,1,-2342,-2342,-2342,1,32,201,16,331,False
FP1-EXP0003-B-088-ROBUST_4-R5000-T5-U9-PD1000-6500,88,ROBUST_4,FP1-EXP0002-A-115-R5000-T5-B9,5000,5,9,1000,6500,3901,54,3817,30,0,0,54,3901,42,8,308,790,33,0,238,1073,17,33,390,1271,7,-2376,2818,7333,5,-253,4192,7115,1,-2342,-2342,-2342,1,33,238,17,390,False
FP1-EXP0003-B-089-ROBUST_4-R5000-T5-U9-PD1000-9000,89,ROBUST_4,FP1-EXP0002-A-115-R5000-T5-B9,5000,5,9,1000,9000,3901,58,3843,0,0,0,58,3901,44,8,308,710,36,0,238,1073,19,33,390,1271,7,-2376,2818,7333,5,-253,4192,7115,1,-2342,-2342,-2342,1,36,238,19,390,False
FP1-EXP0003-B-090-ROBUST_4-R5000-T5-U9-PD2500-3500,90,ROBUST_4,FP1-EXP0002-A-115-R5000-T5-B9,5000,5,9,2500,3500,3901,11,3801,89,0,0,11,3901,7,26,84,1910,9,-152,123,247,4,-621,22,529,1,4048,4048,4048,1,4192,4192,4192,0,,,,0,9,123,4,22,False
FP1-EXP0003-B-091-ROBUST_4-R5000-T5-U9-PD2500-5500,91,ROBUST_4,FP1-EXP0002-A-115-R5000-T5-B9,5000,5,9,2500,5500,3901,26,3819,56,0,0,26,3901,20,5,315,631,18,-736,123,714,11,-621,517,1271,5,-253,2818,4048,4,-2584,-253,4192,1,-2551,-2551,-2551,1,18,123,11,517,False
FP1-EXP0003-B-092-ROBUST_4-R5000-T5-U9-PD2500-6000,92,ROBUST_4,FP1-EXP0002-A-115-R5000-T5-B9,5000,5,9,2500,6000,3901,26,3824,51,0,0,26,3901,20,5,315,631,18,-736,123,714,11,-621,517,1271,5,-253,2818,4048,4,-2584,-253,4192,1,-2551,-2551,-2551,1,18,123,11,517,False
FP1-EXP0003-B-093-ROBUST_4-R5000-T5-U9-PD2500-6500,93,ROBUST_4,FP1-EXP0002-A-115-R5000-T5-B9,5000,5,9,2500,6500,3901,28,3834,39,0,0,28,3901,22,26,396,790,20,-796,123,714,12,-621,517,1271,6,-253,2818,7333,5,-253,4192,7115,1,-2551,-2551,-2551,1,20,123,12,517,False
FP1-EXP0003-B-094-ROBUST_4-R5000-T5-U9-PD2500-9000,94,ROBUST_4,FP1-EXP0002-A-115-R5000-T5-B9,5000,5,9,2500,9000,3901,35,3866,0,0,0,35,3901,27,5,315,677,26,-736,196,1073,16,-621,392,1271,6,-253,2818,7333,5,-253,4192,7115,1,-2551,-2551,-2551,1,26,196,16,392,False
FP1-EXP0003-B-095-ROBUST_4-R5000-T5-U9-PD3000-3500,95,ROBUST_4,FP1-EXP0002-A-115-R5000-T5-B9,5000,5,9,3000,3500,3901,5,3803,93,0,0,5,3901,2,84,84,2010,4,-1175,0,247,3,-1004,22,2519,0,,,,0,,,,0,,,,0,4,0,3,22,False
FP1-EXP0003-B-096-ROBUST_4-R5000-T5-U9-PD3000-5500,96,ROBUST_4,FP1-EXP0002-A-115-R5000-T5-B9,5000,5,9,3000,5500,3901,21,3822,58,0,0,21,3901,15,5,396,790,13,-736,238,2764,10,-810,22,1271,4,-2584,-253,2818,3,-2584,-253,7115,1,-2551,-2551,-2551,1,13,238,10,22,False
FP1-EXP0003-B-097-ROBUST_4-R5000-T5-U9-PD3000-6000,97,ROBUST_4,FP1-EXP0002-A-115-R5000-T5-B9,5000,5,9,3000,6000,3901,21,3827,53,0,0,21,3901,15,5,396,790,13,-736,238,2764,10,-810,22,1271,4,-2584,-253,2818,3,-2584,-253,7115,1,-2551,-2551,-2551,1,13,238,10,22,False
FP1-EXP0003-B-098-ROBUST_4-R5000-T5-U9-PD3000-6500,98,ROBUST_4,FP1-EXP0002-A-115-R5000-T5-B9,5000,5,9,3000,6500,3901,23,3838,40,0,0,23,3901,17,84,443,790,15,-796,238,2764,11,-810,517,2519,5,-253,2818,7333,4,-2584,-253,7115,1,-2551,-2551,-2551,1,15,238,11,517,False
FP1-EXP0003-B-099-ROBUST_4-R5000-T5-U9-PD3000-9000,99,ROBUST_4,FP1-EXP0002-A-115-R5000-T5-B9,5000,5,9,3000,9000,3901,31,3870,0,0,0,31,3901,23,5,315,677,22,-796,238,1904,16,-835,238,1271,5,-253,2818,7333,4,-2584,-253,7115,1,-2551,-2551,-2551,1,22,238,16,238,False
FP1-EXP0003-B-100-ROBUST_4-R5000-T5-U9-PD4000-5500,100,ROBUST_4,FP1-EXP0002-A-115-R5000-T5-B9,5000,5,9,4000,5500,3901,13,3828,60,0,0,13,3901,10,5,315,790,6,-736,0,517,5,-810,-253,517,2,-2584,-2584,-253,2,-2584,-2584,-253,1,-2551,-2551,-2551,1,6,0,5,-253,False
FP1-EXP0003-B-101-ROBUST_4-R5000-T5-U9-PD4000-6000,101,ROBUST_4,FP1-EXP0002-A-115-R5000-T5-B9,5000,5,9,4000,6000,3901,14,3833,54,0,0,14,3901,11,5,447,816,7,-736,0,517,6,-810,-253,517,2,-2584,-2584,-253,2,-2584,-2584,-253,1,-2551,-2551,-2551,1,7,0,6,-253,False
FP1-EXP0003-B-102-ROBUST_4-R5000-T5-U9-PD4000-6500,102,ROBUST_4,FP1-EXP0002-A-115-R5000-T5-B9,5000,5,9,4000,6500,3901,16,3844,41,0,0,16,3901,13,264,481,816,9,-736,0,517,7,-810,-171,1271,3,-2584,-253,20678,3,-2584,-253,12057,1,-2551,-2551,-2551,1,9,0,7,-171,False
FP1-EXP0003-B-103-ROBUST_4-R5000-T5-U9-PD4000-9000,103,ROBUST_4,FP1-EXP0002-A-115-R5000-T5-B9,5000,5,9,4000,9000,3901,24,3877,0,0,0,24,3901,19,5,315,790,16,-1427,196,611,12,-835,-171,517,3,-2584,-253,20678,3,-2584,-253,12057,1,-2551,-2551,-2551,1,16,196,12,-171,False
FP1-EXP0003-B-104-ROBUST_4-R5000-T5-U9-PD6000-6500,104,ROBUST_4,FP1-EXP0002-A-115-R5000-T5-B9,5000,5,9,6000,6500,3901,3,3853,45,0,0,3,3901,3,677,1022,1314,3,-1478,1020,1073,1,4120,4120,4120,1,20678,20678,20678,1,12057,12057,12057,0,,,,0,3,1020,1,4120,True
FP1-EXP0003-B-105-ROBUST_4-R5000-T5-U9-PD6000-9000,105,ROBUST_4,FP1-EXP0002-A-115-R5000-T5-B9,5000,5,9,6000,9000,3901,12,3889,0,0,0,12,3901,10,62,300,677,10,-1427,238,1073,6,-835,238,1564,1,20678,20678,20678,1,12057,12057,12057,0,,,,0,10,238,6,238,False
