mint,t0_observed_at_us,t0_observed_at_utc,trade_events_5m,root_class,quote_candidate_events,unresolved_events,diagnosis_counts_json,quote_mints_json,ix_names_json,tail_decode_json
FW4v33A3x7GTTDZBQxozWfPkxnJ3eowM3cye7uLNpump,1787076994933369,2026-08-18T18:16:34.933369+00:00,1,ALL_TRADES_QUOTE_RESERVE_FALLBACK_CANDIDATE,1,0,"{""QUOTE_RESERVE_FALLBACK_CANDIDATE"":1}","{""EPjFWdd5AufqSSqeM2qN1xzybapC8G4wEGGkZwyTDt1v"":1}","{""sell"":1}","{""True"":1}"
ByCuLLJYnaBXgDiQ7tpir9MDpNMtvDzjrQdf3JX1pump,1787076903523423,2026-08-18T18:15:03.523423+00:00,33,ALL_TRADES_QUOTE_RESERVE_FALLBACK_CANDIDATE,33,0,"{""QUOTE_RESERVE_FALLBACK_CANDIDATE"":33}","{""EPjFWdd5AufqSSqeM2qN1xzybapC8G4wEGGkZwyTDt1v"":33}","{""buy"":15,""buy_exact_quote_in"":3,""sell"":15}","{""True"":33}"
7De9qBYKGiqnJA3dU6Pv9sjZyvXecdZNfRK8dNtpump,1787076795776241,2026-08-18T18:13:15.776241+00:00,1,ALL_TRADES_QUOTE_RESERVE_FALLBACK_CANDIDATE,1,0,"{""QUOTE_RESERVE_FALLBACK_CANDIDATE"":1}","{""EPjFWdd5AufqSSqeM2qN1xzybapC8G4wEGGkZwyTDt1v"":1}","{""sell"":1}","{""True"":1}"
HxDaK1KV9z8thXN6qudgL9KY65X9zBsSZgekK6Hjpump,1787076758042668,2026-08-18T18:12:38.042668+00:00,19,ALL_TRADES_QUOTE_RESERVE_FALLBACK_CANDIDATE,19,0,"{""QUOTE_RESERVE_FALLBACK_CANDIDATE"":19}","{""EPjFWdd5AufqSSqeM2qN1xzybapC8G4wEGGkZwyTDt1v"":19}","{""buy"":8,""buy_exact_quote_in"":2,""sell"":9}","{""True"":19}"
DR5stLQ1REsfUmNxB6882NEmJuXVFLVad2Jetnw6pump,1787076741566361,2026-08-18T18:12:21.566361+00:00,16,ALL_TRADES_QUOTE_RESERVE_FALLBACK_CANDIDATE,16,0,"{""QUOTE_RESERVE_FALLBACK_CANDIDATE"":16}","{""EPjFWdd5AufqSSqeM2qN1xzybapC8G4wEGGkZwyTDt1v"":16}","{""buy"":9,""buy_exact_quote_in"":1,""sell"":6}","{""True"":16}"
51XG8a5nVP1C6ussXiS5uhCN62qLfzQhpcxqZ1Bxpump,1787076741426362,2026-08-18T18:12:21.426362+00:00,1,ALL_TRADES_QUOTE_RESERVE_FALLBACK_CANDIDATE,1,0,"{""QUOTE_RESERVE_FALLBACK_CANDIDATE"":1}","{""EPjFWdd5AufqSSqeM2qN1xzybapC8G4wEGGkZwyTDt1v"":1}","{""sell"":1}","{""True"":1}"
5w2zL6fRKxxfBNu2nYC7EUFyeKreAYH9sWcJY1Bxpump,1787076732356042,2026-08-18T18:12:12.356042+00:00,31,ALL_TRADES_QUOTE_RESERVE_FALLBACK_CANDIDATE,31,0,"{""QUOTE_RESERVE_FALLBACK_CANDIDATE"":31}","{""EPjFWdd5AufqSSqeM2qN1xzybapC8G4wEGGkZwyTDt1v"":31}","{""buy"":11,""buy_exact_quote_in"":1,""sell"":19}","{""True"":31}"
4fhMyvMaus6ujEhbt6VbS5Pnyf8CbvXWLJdW4JvZpump,1787075997755261,2026-08-18T17:59:57.755261+00:00,1,ALL_TRADES_QUOTE_RESERVE_FALLBACK_CANDIDATE,1,0,"{""QUOTE_RESERVE_FALLBACK_CANDIDATE"":1}","{""EPjFWdd5AufqSSqeM2qN1xzybapC8G4wEGGkZwyTDt1v"":1}","{""buy_exact_quote_in"":1}","{""True"":1}"
5orYcs6TNvs3FymKCdrb7ueZ6fYZvYFbpeaZ6Hnwpump,1787075472159401,2026-08-18T17:51:12.159401+00:00,28,ALL_TRADES_QUOTE_RESERVE_FALLBACK_CANDIDATE,28,0,"{""QUOTE_RESERVE_FALLBACK_CANDIDATE"":28}","{""EPjFWdd5AufqSSqeM2qN1xzybapC8G4wEGGkZwyTDt1v"":28}","{""buy"":12,""buy_exact_quote_in"":3,""sell"":13}","{""True"":28}"
2neu677KoQDWtR2sdQHZ7VZ3HsDvFaxf5Egh7233pump,1787075181714873,2026-08-18T17:46:21.714873+00:00,1,ALL_TRADES_QUOTE_RESERVE_FALLBACK_CANDIDATE,1,0,"{""QUOTE_RESERVE_FALLBACK_CANDIDATE"":1}","{""EPjFWdd5AufqSSqeM2qN1xzybapC8G4wEGGkZwyTDt1v"":1}","{""sell"":1}","{""True"":1}"
7hza9NUTV61zgUHedmVdJtYoUCqyH2arnqZBrodkpump,1787074891435949,2026-08-18T17:41:31.435949+00:00,1,ALL_TRADES_QUOTE_RESERVE_FALLBACK_CANDIDATE,1,0,"{""QUOTE_RESERVE_FALLBACK_CANDIDATE"":1}","{""EPjFWdd5AufqSSqeM2qN1xzybapC8G4wEGGkZwyTDt1v"":1}","{""buy"":1}","{""True"":1}"
sP8rznqCEHuxNwvmJPJDbyw6JXEqaKQfTiGySkcpump,1787074707837968,2026-08-18T17:38:27.837968+00:00,1,ALL_TRADES_QUOTE_RESERVE_FALLBACK_CANDIDATE,1,0,"{""QUOTE_RESERVE_FALLBACK_CANDIDATE"":1}","{""EPjFWdd5AufqSSqeM2qN1xzybapC8G4wEGGkZwyTDt1v"":1}","{""sell"":1}","{""True"":1}"
5wDNrUhJhDcFZJrAEbdjMQtafhxHJDkAwgCj3UU2pump,1787074425684396,2026-08-18T17:33:45.684396+00:00,32,ALL_TRADES_QUOTE_RESERVE_FALLBACK_CANDIDATE,32,0,"{""QUOTE_RESERVE_FALLBACK_CANDIDATE"":32}","{""EPjFWdd5AufqSSqeM2qN1xzybapC8G4wEGGkZwyTDt1v"":32}","{""buy"":14,""buy_exact_quote_in"":3,""sell"":15}","{""True"":32}"
2MUW4ws73FHu5B5DuBk2ac1s1Rb9UPDZM8Gx5rMDpump,1787074362549194,2026-08-18T17:32:42.549194+00:00,40,ALL_TRADES_QUOTE_RESERVE_FALLBACK_CANDIDATE,40,0,"{""QUOTE_RESERVE_FALLBACK_CANDIDATE"":40}","{""EPjFWdd5AufqSSqeM2qN1xzybapC8G4wEGGkZwyTDt1v"":40}","{""buy"":12,""buy_exact_quote_in"":4,""sell"":24}","{""True"":40}"
2yJiDwF96ubSNj3iess9z8sVenQQia2Ka7fSuoFUpump,1787074285390661,2026-08-18T17:31:25.390661+00:00,1,ALL_TRADES_QUOTE_RESERVE_FALLBACK_CANDIDATE,1,0,"{""QUOTE_RESERVE_FALLBACK_CANDIDATE"":1}","{""EPjFWdd5AufqSSqeM2qN1xzybapC8G4wEGGkZwyTDt1v"":1}","{""buy"":1}","{""True"":1}"
E389bNEBPBuNkovrFf6LuvY4LTuEjD8d9qwY8TaCpump,1787074201943234,2026-08-18T17:30:01.943234+00:00,1,ALL_TRADES_QUOTE_RESERVE_FALLBACK_CANDIDATE,1,0,"{""QUOTE_RESERVE_FALLBACK_CANDIDATE"":1}","{""EPjFWdd5AufqSSqeM2qN1xzybapC8G4wEGGkZwyTDt1v"":1}","{""buy_exact_quote_in"":1}","{""True"":1}"
sHhR1nBVjY9ku3py7H4c1NGfG7oq6DME2r4PWGFpump,1787074165320247,2026-08-18T17:29:25.320247+00:00,2,ALL_TRADES_QUOTE_RESERVE_FALLBACK_CANDIDATE,2,0,"{""QUOTE_RESERVE_FALLBACK_CANDIDATE"":2}","{""EPjFWdd5AufqSSqeM2qN1xzybapC8G4wEGGkZwyTDt1v"":2}","{""buy_exact_quote_in"":2}","{""True"":2}"
C1Qzvsh3T8ktt6nUrxSjg7qn7mi1e26A23dR37Rxpump,1787074079037114,2026-08-18T17:27:59.037114+00:00,59,ALL_TRADES_QUOTE_RESERVE_FALLBACK_CANDIDATE,59,0,"{""QUOTE_RESERVE_FALLBACK_CANDIDATE"":59}","{""EPjFWdd5AufqSSqeM2qN1xzybapC8G4wEGGkZwyTDt1v"":59}","{""buy"":24,""buy_exact_quote_in"":12,""sell"":23}","{""True"":59}"
JCxuvz1A9s7RqEjxfs9pQPBrrFeQoKuVXH3iP5t9pump,1787074077117681,2026-08-18T17:27:57.117681+00:00,1,ALL_TRADES_QUOTE_RESERVE_FALLBACK_CANDIDATE,1,0,"{""QUOTE_RESERVE_FALLBACK_CANDIDATE"":1}","{""EPjFWdd5AufqSSqeM2qN1xzybapC8G4wEGGkZwyTDt1v"":1}","{""sell"":1}","{""True"":1}"
3EdDwu74B9NCBGkXmtGA9voyJ8uQr2dYTBFMbXxzpump,1787071631382765,2026-08-18T16:47:11.382765+00:00,6,ALL_TRADES_QUOTE_RESERVE_FALLBACK_CANDIDATE,6,0,"{""QUOTE_RESERVE_FALLBACK_CANDIDATE"":6}","{""EPjFWdd5AufqSSqeM2qN1xzybapC8G4wEGGkZwyTDt1v"":6}","{""buy"":5,""sell"":1}","{""True"":6}"
B7PKCAUcUEfMBXfAe1LdkT3c9rMDKqRvZDoZKM2Tpump,1787071594631992,2026-08-18T16:46:34.631992+00:00,1,ALL_TRADES_QUOTE_RESERVE_FALLBACK_CANDIDATE,1,0,"{""QUOTE_RESERVE_FALLBACK_CANDIDATE"":1}","{""EPjFWdd5AufqSSqeM2qN1xzybapC8G4wEGGkZwyTDt1v"":1}","{""buy_exact_quote_in"":1}","{""True"":1}"
HDW9avXEHYh7dsuPGJN3mgohfKXpNmjDAFxxiyS3pump,1787071387504330,2026-08-18T16:43:07.504330+00:00,9,ALL_TRADES_QUOTE_RESERVE_FALLBACK_CANDIDATE,9,0,"{""QUOTE_RESERVE_FALLBACK_CANDIDATE"":9}","{""EPjFWdd5AufqSSqeM2qN1xzybapC8G4wEGGkZwyTDt1v"":9}","{""buy"":4,""buy_exact_quote_in"":2,""sell"":3}","{""True"":9}"
BkKhEMnJtB4xQrG3w7ud9H8c7JM5mM6UwRU4NmmUpump,1787071128815143,2026-08-18T16:38:48.815143+00:00,7,ALL_TRADES_QUOTE_RESERVE_FALLBACK_CANDIDATE,7,0,"{""QUOTE_RESERVE_FALLBACK_CANDIDATE"":7}","{""EPjFWdd5AufqSSqeM2qN1xzybapC8G4wEGGkZwyTDt1v"":7}","{""buy"":4,""buy_exact_quote_in"":1,""sell"":2}","{""True"":7}"
EnYscH1m4u3Kiftn9AZHkJnFqMN9B8PsPsmXW8Rbpump,1787070494501112,2026-08-18T16:28:14.501112+00:00,2,ALL_TRADES_QUOTE_RESERVE_FALLBACK_CANDIDATE,2,0,"{""QUOTE_RESERVE_FALLBACK_CANDIDATE"":2}","{""EPjFWdd5AufqSSqeM2qN1xzybapC8G4wEGGkZwyTDt1v"":2}","{""buy"":2}","{""True"":2}"
DSfdRypRgQPZVr2ZxR6ptXScwyrrxXucz2ureJwxpump,1787070435747691,2026-08-18T16:27:15.747691+00:00,1,ALL_TRADES_QUOTE_RESERVE_FALLBACK_CANDIDATE,1,0,"{""QUOTE_RESERVE_FALLBACK_CANDIDATE"":1}","{""EPjFWdd5AufqSSqeM2qN1xzybapC8G4wEGGkZwyTDt1v"":1}","{""sell"":1}","{""True"":1}"
3irwwygERj5x2c1JzDoWd2zf5CsRqsLQPXjNNw6dpump,1787070329556745,2026-08-18T16:25:29.556745+00:00,15,ALL_TRADES_QUOTE_RESERVE_FALLBACK_CANDIDATE,15,0,"{""QUOTE_RESERVE_FALLBACK_CANDIDATE"":15}","{""EPjFWdd5AufqSSqeM2qN1xzybapC8G4wEGGkZwyTDt1v"":15}","{""buy"":9,""sell"":6}","{""True"":15}"
HPH3EjMym2Vr3adP1CKeJK4Ld4fQnW6YQ1aeEZrypump,1787070278749487,2026-08-18T16:24:38.749487+00:00,7,ALL_TRADES_QUOTE_RESERVE_FALLBACK_CANDIDATE,7,0,"{""QUOTE_RESERVE_FALLBACK_CANDIDATE"":7}","{""EPjFWdd5AufqSSqeM2qN1xzybapC8G4wEGGkZwyTDt1v"":7}","{""buy"":4,""sell"":3}","{""True"":7}"
Ctjry6kB8utFuouYvMpW2J2gjnezLsSN2aVeDXtupump,1787070216574164,2026-08-18T16:23:36.574164+00:00,5,ALL_TRADES_QUOTE_RESERVE_FALLBACK_CANDIDATE,5,0,"{""QUOTE_RESERVE_FALLBACK_CANDIDATE"":5}","{""EPjFWdd5AufqSSqeM2qN1xzybapC8G4wEGGkZwyTDt1v"":5}","{""buy_exact_quote_in"":4,""sell"":1}","{""True"":5}"
JD5QLvR5ecdyWAHBHwJcGsE8FsR6Hq3JB2tS9CHzpump,1787070198311944,2026-08-18T16:23:18.311944+00:00,12,ALL_TRADES_QUOTE_RESERVE_FALLBACK_CANDIDATE,12,0,"{""QUOTE_RESERVE_FALLBACK_CANDIDATE"":12}","{""EPjFWdd5AufqSSqeM2qN1xzybapC8G4wEGGkZwyTDt1v"":12}","{""buy"":3,""buy_exact_quote_in"":4,""sell"":5}","{""True"":12}"
9fsqYWLdNaGWyTpy8tir1bQEKAbEbppTpNDvdELepump,1787070128644000,2026-08-18T16:22:08.644000+00:00,1,ALL_TRADES_QUOTE_RESERVE_FALLBACK_CANDIDATE,1,0,"{""QUOTE_RESERVE_FALLBACK_CANDIDATE"":1}","{""EPjFWdd5AufqSSqeM2qN1xzybapC8G4wEGGkZwyTDt1v"":1}","{""buy_exact_quote_in"":1}","{""True"":1}"
4U9uLk4XCxeTBrAuTUHMB1aQsoiZFBUhwVdEwCBNpump,1787070046833762,2026-08-18T16:20:46.833762+00:00,6,ALL_TRADES_QUOTE_RESERVE_FALLBACK_CANDIDATE,6,0,"{""QUOTE_RESERVE_FALLBACK_CANDIDATE"":6}","{""EPjFWdd5AufqSSqeM2qN1xzybapC8G4wEGGkZwyTDt1v"":6}","{""buy"":3,""buy_exact_quote_in"":1,""sell"":2}","{""True"":6}"
841YJhMLjQ3Qowdbkm6G1S43yyAZ42BA413nR2wpump,1787070026049996,2026-08-18T16:20:26.049996+00:00,1,ALL_TRADES_QUOTE_RESERVE_FALLBACK_CANDIDATE,1,0,"{""QUOTE_RESERVE_FALLBACK_CANDIDATE"":1}","{""EPjFWdd5AufqSSqeM2qN1xzybapC8G4wEGGkZwyTDt1v"":1}","{""sell"":1}","{""True"":1}"
2PmSh2PePhFx7hrYm3qdisAkUf6nR8chXkvc9hXHpump,1787069961567561,2026-08-18T16:19:21.567561+00:00,1,ALL_TRADES_QUOTE_RESERVE_FALLBACK_CANDIDATE,1,0,"{""QUOTE_RESERVE_FALLBACK_CANDIDATE"":1}","{""EPjFWdd5AufqSSqeM2qN1xzybapC8G4wEGGkZwyTDt1v"":1}","{""sell"":1}","{""True"":1}"
4yDJAJ9GVdkUWFP9aCGQcAzWdB8eKjyxKEN2kviFpump,1787069820457998,2026-08-18T16:17:00.457998+00:00,11,ALL_TRADES_QUOTE_RESERVE_FALLBACK_CANDIDATE,11,0,"{""QUOTE_RESERVE_FALLBACK_CANDIDATE"":11}","{""EPjFWdd5AufqSSqeM2qN1xzybapC8G4wEGGkZwyTDt1v"":11}","{""buy"":4,""buy_exact_quote_in"":3,""sell"":4}","{""True"":11}"
9R4FztKGrvaiQMAJiRrC9ZNT49KBMRSwnf69U39Kpump,1787069771568392,2026-08-18T16:16:11.568392+00:00,23,ALL_TRADES_QUOTE_RESERVE_FALLBACK_CANDIDATE,23,0,"{""QUOTE_RESERVE_FALLBACK_CANDIDATE"":23}","{""EPjFWdd5AufqSSqeM2qN1xzybapC8G4wEGGkZwyTDt1v"":23}","{""buy"":7,""buy_exact_quote_in"":6,""sell"":10}","{""True"":23}"
9LNcZUB7BQcLeQAUWNiKiMtm96DTUXsBPptsQrpmpump,1787069667458860,2026-08-18T16:14:27.458860+00:00,5,ALL_TRADES_QUOTE_RESERVE_FALLBACK_CANDIDATE,5,0,"{""QUOTE_RESERVE_FALLBACK_CANDIDATE"":5}","{""EPjFWdd5AufqSSqeM2qN1xzybapC8G4wEGGkZwyTDt1v"":5}","{""buy"":2,""sell"":3}","{""True"":5}"
85b8MNcDBokczdYDH8dWaGqMwXWjYZNsFMcMrckrpump,1787069640704701,2026-08-18T16:14:00.704701+00:00,4,ALL_TRADES_QUOTE_RESERVE_FALLBACK_CANDIDATE,4,0,"{""QUOTE_RESERVE_FALLBACK_CANDIDATE"":4}","{""EPjFWdd5AufqSSqeM2qN1xzybapC8G4wEGGkZwyTDt1v"":4}","{""buy_exact_quote_in"":2,""sell"":2}","{""True"":4}"
2NHvuf6gN9nQy57VkJgk9ppxj8tKx4AHXCTcNPDwpump,1787069567046205,2026-08-18T16:12:47.046205+00:00,5,ALL_TRADES_QUOTE_RESERVE_FALLBACK_CANDIDATE,5,0,"{""QUOTE_RESERVE_FALLBACK_CANDIDATE"":5}","{""EPjFWdd5AufqSSqeM2qN1xzybapC8G4wEGGkZwyTDt1v"":5}","{""buy"":3,""buy_exact_quote_in"":2}","{""True"":5}"
5yyya7ErjAXojujC34a58NY8JC1TMSivKSz1Tj4dpump,1787069520236644,2026-08-18T16:12:00.236644+00:00,9,ALL_TRADES_QUOTE_RESERVE_FALLBACK_CANDIDATE,9,0,"{""QUOTE_RESERVE_FALLBACK_CANDIDATE"":9}","{""EPjFWdd5AufqSSqeM2qN1xzybapC8G4wEGGkZwyTDt1v"":9}","{""buy"":4,""buy_exact_quote_in"":2,""sell"":3}","{""True"":9}"
Ez6sTr5JR7GwSuzocy9QbHGsQ9YfeuaAq7XgY33bpump,1787069457233773,2026-08-18T16:10:57.233773+00:00,1,ALL_TRADES_QUOTE_RESERVE_FALLBACK_CANDIDATE,1,0,"{""QUOTE_RESERVE_FALLBACK_CANDIDATE"":1}","{""EPjFWdd5AufqSSqeM2qN1xzybapC8G4wEGGkZwyTDt1v"":1}","{""sell"":1}","{""True"":1}"
BbZSWiCj7Qz4v73yJLoSxzc2EUsL5m1gfS6exCFGpump,1787069423164092,2026-08-18T16:10:23.164092+00:00,4,ALL_TRADES_QUOTE_RESERVE_FALLBACK_CANDIDATE,4,0,"{""QUOTE_RESERVE_FALLBACK_CANDIDATE"":4}","{""EPjFWdd5AufqSSqeM2qN1xzybapC8G4wEGGkZwyTDt1v"":4}","{""buy"":2,""sell"":2}","{""True"":4}"
5gx8ApnXvs5tYSbARtoezSckxeYMXbndnMLRoLqBpump,1787069383902358,2026-08-18T16:09:43.902358+00:00,17,ALL_TRADES_QUOTE_RESERVE_FALLBACK_CANDIDATE,17,0,"{""QUOTE_RESERVE_FALLBACK_CANDIDATE"":17}","{""EPjFWdd5AufqSSqeM2qN1xzybapC8G4wEGGkZwyTDt1v"":17}","{""sell"":17}","{""True"":17}"
78YMH3aNCa2V3RufwYN1Gr9debv9XiwDQhCszJhwpump,1787069349938201,2026-08-18T16:09:09.938201+00:00,4,ALL_TRADES_QUOTE_RESERVE_FALLBACK_CANDIDATE,4,0,"{""QUOTE_RESERVE_FALLBACK_CANDIDATE"":4}","{""EPjFWdd5AufqSSqeM2qN1xzybapC8G4wEGGkZwyTDt1v"":4}","{""buy"":1,""buy_exact_quote_in"":1,""sell"":2}","{""True"":4}"
FakbhwDTDumLa9wJDqdqhGfNL7Qkay6TX8ih2w4gpump,1787069339270166,2026-08-18T16:08:59.270166+00:00,3,ALL_TRADES_QUOTE_RESERVE_FALLBACK_CANDIDATE,3,0,"{""QUOTE_RESERVE_FALLBACK_CANDIDATE"":3}","{""EPjFWdd5AufqSSqeM2qN1xzybapC8G4wEGGkZwyTDt1v"":3}","{""sell"":3}","{""True"":3}"
fmc6SKPMFsBa1TcJ82aAvCG6aiwReKo5xU8gi8Apump,1787069281368145,2026-08-18T16:08:01.368145+00:00,5,ALL_TRADES_QUOTE_RESERVE_FALLBACK_CANDIDATE,5,0,"{""QUOTE_RESERVE_FALLBACK_CANDIDATE"":5}","{""EPjFWdd5AufqSSqeM2qN1xzybapC8G4wEGGkZwyTDt1v"":5}","{""buy"":2,""sell"":3}","{""True"":5}"
FenJ7zfi3AS5egmNYNeb2XD6PY6tf4nzDSZBcypfpump,1787069272877631,2026-08-18T16:07:52.877631+00:00,1,ALL_TRADES_QUOTE_RESERVE_FALLBACK_CANDIDATE,1,0,"{""QUOTE_RESERVE_FALLBACK_CANDIDATE"":1}","{""EPjFWdd5AufqSSqeM2qN1xzybapC8G4wEGGkZwyTDt1v"":1}","{""sell"":1}","{""True"":1}"
NWcMVju4D12KwLEjN1dkcMLTKDwaGWV1yFGpqDApump,1787069189417989,2026-08-18T16:06:29.417989+00:00,6,ALL_TRADES_QUOTE_RESERVE_FALLBACK_CANDIDATE,6,0,"{""QUOTE_RESERVE_FALLBACK_CANDIDATE"":6}","{""EPjFWdd5AufqSSqeM2qN1xzybapC8G4wEGGkZwyTDt1v"":6}","{""buy"":3,""buy_exact_quote_in"":1,""sell"":2}","{""True"":6}"
GjGjwxvEWwmDe7wb6i9ALMqRcz19RMsmieRYSyrSpump,1787069187072116,2026-08-18T16:06:27.072116+00:00,19,ALL_TRADES_QUOTE_RESERVE_FALLBACK_CANDIDATE,19,0,"{""QUOTE_RESERVE_FALLBACK_CANDIDATE"":19}","{""EPjFWdd5AufqSSqeM2qN1xzybapC8G4wEGGkZwyTDt1v"":19}","{""buy"":6,""sell"":13}","{""True"":19}"
59pjdCbBm5GiarhcyRUNi9pVfuU4h9HvHgmD4atopump,1787069136181001,2026-08-18T16:05:36.181001+00:00,4,ALL_TRADES_QUOTE_RESERVE_FALLBACK_CANDIDATE,4,0,"{""QUOTE_RESERVE_FALLBACK_CANDIDATE"":4}","{""EPjFWdd5AufqSSqeM2qN1xzybapC8G4wEGGkZwyTDt1v"":4}","{""buy"":2,""sell"":2}","{""True"":4}"
DFv3YAzYT9rSD22v1ZDm9zwWXNVXtBNWWg1GXpuVpump,1787069123546508,2026-08-18T16:05:23.546508+00:00,1,ALL_TRADES_QUOTE_RESERVE_FALLBACK_CANDIDATE,1,0,"{""QUOTE_RESERVE_FALLBACK_CANDIDATE"":1}","{""EPjFWdd5AufqSSqeM2qN1xzybapC8G4wEGGkZwyTDt1v"":1}","{""buy"":1}","{""True"":1}"
CW8M7xzXTBXtbhc5Y14gAXuKT9NaXqfeJP7s5K6vpump,1787069120853460,2026-08-18T16:05:20.853460+00:00,1,ALL_TRADES_QUOTE_RESERVE_FALLBACK_CANDIDATE,1,0,"{""QUOTE_RESERVE_FALLBACK_CANDIDATE"":1}","{""EPjFWdd5AufqSSqeM2qN1xzybapC8G4wEGGkZwyTDt1v"":1}","{""buy_exact_quote_in"":1}","{""True"":1}"
G7GQXnwo4HgJZwacfNFRpUWh5GjWqPnHnxDtNaCtpump,1787069118276610,2026-08-18T16:05:18.276610+00:00,1,ALL_TRADES_QUOTE_RESERVE_FALLBACK_CANDIDATE,1,0,"{""QUOTE_RESERVE_FALLBACK_CANDIDATE"":1}","{""EPjFWdd5AufqSSqeM2qN1xzybapC8G4wEGGkZwyTDt1v"":1}","{""sell"":1}","{""True"":1}"
9cwikQxaYdjaAcGuCgsjnCzKaSwvzPRVLJvyhvwPpump,1787069072193670,2026-08-18T16:04:32.193670+00:00,3,ALL_TRADES_QUOTE_RESERVE_FALLBACK_CANDIDATE,3,0,"{""QUOTE_RESERVE_FALLBACK_CANDIDATE"":3}","{""EPjFWdd5AufqSSqeM2qN1xzybapC8G4wEGGkZwyTDt1v"":3}","{""sell"":3}","{""True"":3}"
BULTap9HQpqx56h8Mof4yCPLtx2GykC9XfZbSF47pump,1787069051404311,2026-08-18T16:04:11.404311+00:00,1,ALL_TRADES_QUOTE_RESERVE_FALLBACK_CANDIDATE,1,0,"{""QUOTE_RESERVE_FALLBACK_CANDIDATE"":1}","{""EPjFWdd5AufqSSqeM2qN1xzybapC8G4wEGGkZwyTDt1v"":1}","{""buy_exact_quote_in"":1}","{""True"":1}"
2VuKtZLaS35WeYDeCKDE1Zq7gFYBb6C5dnFY9BrFpump,1787068909192444,2026-08-18T16:01:49.192444+00:00,12,ALL_TRADES_QUOTE_RESERVE_FALLBACK_CANDIDATE,12,0,"{""QUOTE_RESERVE_FALLBACK_CANDIDATE"":12}","{""EPjFWdd5AufqSSqeM2qN1xzybapC8G4wEGGkZwyTDt1v"":12}","{""buy"":2,""buy_exact_quote_in"":4,""sell"":6}","{""True"":12}"
5S8zUyVVKSo8i7PgZKorH6hSLBse34hA61QrRaQopump,1787068763025887,2026-08-18T15:59:23.025887+00:00,3,ALL_TRADES_QUOTE_RESERVE_FALLBACK_CANDIDATE,3,0,"{""QUOTE_RESERVE_FALLBACK_CANDIDATE"":3}","{""EPjFWdd5AufqSSqeM2qN1xzybapC8G4wEGGkZwyTDt1v"":3}","{""buy"":2,""sell"":1}","{""True"":3}"
5qw3r6sfEvSSigpKHhG4Wf4ZpdxrN6SQQSJESVddpump,1787068283779903,2026-08-18T15:51:23.779903+00:00,16,ALL_TRADES_QUOTE_RESERVE_FALLBACK_CANDIDATE,16,0,"{""QUOTE_RESERVE_FALLBACK_CANDIDATE"":16}","{""EPjFWdd5AufqSSqeM2qN1xzybapC8G4wEGGkZwyTDt1v"":16}","{""buy"":6,""buy_exact_quote_in"":6,""sell"":4}","{""True"":16}"
AVVHLJ2gAQx4eaD7eXQsYXAuf5Wd3cFNpFvzMfykpump,1787068185355286,2026-08-18T15:49:45.355286+00:00,1,ALL_TRADES_QUOTE_RESERVE_FALLBACK_CANDIDATE,1,0,"{""QUOTE_RESERVE_FALLBACK_CANDIDATE"":1}","{""EPjFWdd5AufqSSqeM2qN1xzybapC8G4wEGGkZwyTDt1v"":1}","{""buy"":1}","{""True"":1}"
7ATS6jVtX2c3hX3WHmkZKqrqmXFVhK4VXyoLGpwepump,1787068096865188,2026-08-18T15:48:16.865188+00:00,23,ALL_TRADES_QUOTE_RESERVE_FALLBACK_CANDIDATE,23,0,"{""QUOTE_RESERVE_FALLBACK_CANDIDATE"":23}","{""EPjFWdd5AufqSSqeM2qN1xzybapC8G4wEGGkZwyTDt1v"":23}","{""buy"":9,""buy_exact_quote_in"":8,""sell"":6}","{""True"":23}"
7BzqmAjcy1EzcU2mhK6mto9qsBQSgmYRdgYSXz4Ypump,1787068045981448,2026-08-18T15:47:25.981448+00:00,2,ALL_TRADES_QUOTE_RESERVE_FALLBACK_CANDIDATE,2,0,"{""QUOTE_RESERVE_FALLBACK_CANDIDATE"":2}","{""EPjFWdd5AufqSSqeM2qN1xzybapC8G4wEGGkZwyTDt1v"":2}","{""buy_exact_quote_in"":2}","{""True"":2}"
B5qtdQTve5BzzGTAAfNcrJeobvur6u1SPjq2CXyApump,1787068002130865,2026-08-18T15:46:42.130865+00:00,6,ALL_TRADES_QUOTE_RESERVE_FALLBACK_CANDIDATE,6,0,"{""QUOTE_RESERVE_FALLBACK_CANDIDATE"":6}","{""EPjFWdd5AufqSSqeM2qN1xzybapC8G4wEGGkZwyTDt1v"":6}","{""buy"":3,""sell"":3}","{""True"":6}"
Do8CJSB7c43yEMrrJtduT5kU7EFi3NMmDccVFxX3pump,1787067954515745,2026-08-18T15:45:54.515745+00:00,7,ALL_TRADES_QUOTE_RESERVE_FALLBACK_CANDIDATE,7,0,"{""QUOTE_RESERVE_FALLBACK_CANDIDATE"":7}","{""EPjFWdd5AufqSSqeM2qN1xzybapC8G4wEGGkZwyTDt1v"":7}","{""buy"":4,""sell"":3}","{""True"":7}"
5xGUPDnrHYQex67yXNJS4aXdaH4121a6Hd8AfxbBpump,1787067954490744,2026-08-18T15:45:54.490744+00:00,1,ALL_TRADES_QUOTE_RESERVE_FALLBACK_CANDIDATE,1,0,"{""QUOTE_RESERVE_FALLBACK_CANDIDATE"":1}","{""EPjFWdd5AufqSSqeM2qN1xzybapC8G4wEGGkZwyTDt1v"":1}","{""buy_exact_quote_in"":1}","{""True"":1}"
DyQdMnRbn6CxiG1gtyLYE8VS1Dc2jHyaAUawxFHRpump,1787067908234480,2026-08-18T15:45:08.234480+00:00,22,ALL_TRADES_QUOTE_RESERVE_FALLBACK_CANDIDATE,22,0,"{""QUOTE_RESERVE_FALLBACK_CANDIDATE"":22}","{""EPjFWdd5AufqSSqeM2qN1xzybapC8G4wEGGkZwyTDt1v"":22}","{""buy"":10,""buy_exact_quote_in"":7,""sell"":5}","{""True"":22}"
8AVQEe8Z5VVQz7k9snRbmkrYgxpDi73sbL2wHF2Vpump,1787067862455586,2026-08-18T15:44:22.455586+00:00,14,ALL_TRADES_QUOTE_RESERVE_FALLBACK_CANDIDATE,14,0,"{""QUOTE_RESERVE_FALLBACK_CANDIDATE"":14}","{""EPjFWdd5AufqSSqeM2qN1xzybapC8G4wEGGkZwyTDt1v"":14}","{""buy"":6,""sell"":8}","{""True"":14}"
G4UqR5d95ZV4uxwfqUCFu1TQ4Zqo8gRfooz8QsE5pump,1787067859741658,2026-08-18T15:44:19.741658+00:00,20,ALL_TRADES_QUOTE_RESERVE_FALLBACK_CANDIDATE,20,0,"{""QUOTE_RESERVE_FALLBACK_CANDIDATE"":20}","{""EPjFWdd5AufqSSqeM2qN1xzybapC8G4wEGGkZwyTDt1v"":20}","{""buy"":9,""buy_exact_quote_in"":5,""sell"":6}","{""True"":20}"
CgtV4B4gHQC1HzwNU4T6uUF9Yk9YrASk9oG5nHj5pump,1787067859717657,2026-08-18T15:44:19.717657+00:00,5,ALL_TRADES_QUOTE_RESERVE_FALLBACK_CANDIDATE,5,0,"{""QUOTE_RESERVE_FALLBACK_CANDIDATE"":5}","{""EPjFWdd5AufqSSqeM2qN1xzybapC8G4wEGGkZwyTDt1v"":5}","{""buy"":5}","{""True"":5}"
Fjt9MbZQHmfgXrA6SqD7W5QE2fDxTuC9UShTFN8Ypump,1787067813224575,2026-08-18T15:43:33.224575+00:00,4,ALL_TRADES_QUOTE_RESERVE_FALLBACK_CANDIDATE,4,0,"{""QUOTE_RESERVE_FALLBACK_CANDIDATE"":4}","{""EPjFWdd5AufqSSqeM2qN1xzybapC8G4wEGGkZwyTDt1v"":4}","{""buy"":1,""sell"":3}","{""True"":4}"
6z3yt4Z6maTYKY6uaKcyjXbwXPAVTdcLrfGreym7pump,1787067810741142,2026-08-18T15:43:30.741142+00:00,3,ALL_TRADES_QUOTE_RESERVE_FALLBACK_CANDIDATE,3,0,"{""QUOTE_RESERVE_FALLBACK_CANDIDATE"":3}","{""EPjFWdd5AufqSSqeM2qN1xzybapC8G4wEGGkZwyTDt1v"":3}","{""buy"":1,""sell"":2}","{""True"":3}"
CjYxPdUeDqkbRzD65YHyTuQVFPuUHEennS5X2Eftpump,1787067715280203,2026-08-18T15:41:55.280203+00:00,4,ALL_TRADES_QUOTE_RESERVE_FALLBACK_CANDIDATE,4,0,"{""QUOTE_RESERVE_FALLBACK_CANDIDATE"":4}","{""EPjFWdd5AufqSSqeM2qN1xzybapC8G4wEGGkZwyTDt1v"":4}","{""buy"":1,""sell"":3}","{""True"":4}"
4JrJFVhPMrMWQpyjeKKVoZ2BrSZCCwr7CNvg9h7Spump,1787067676491508,2026-08-18T15:41:16.491508+00:00,6,ALL_TRADES_QUOTE_RESERVE_FALLBACK_CANDIDATE,6,0,"{""QUOTE_RESERVE_FALLBACK_CANDIDATE"":6}","{""EPjFWdd5AufqSSqeM2qN1xzybapC8G4wEGGkZwyTDt1v"":6}","{""buy"":1,""buy_exact_quote_in"":1,""sell"":4}","{""True"":6}"
FfvRkchaAj1Uod6991bEBVPTPeY72Hujsq9YSmqupump,1787067636480547,2026-08-18T15:40:36.480547+00:00,5,ALL_TRADES_QUOTE_RESERVE_FALLBACK_CANDIDATE,5,0,"{""QUOTE_RESERVE_FALLBACK_CANDIDATE"":5}","{""EPjFWdd5AufqSSqeM2qN1xzybapC8G4wEGGkZwyTDt1v"":5}","{""buy"":1,""sell"":4}","{""True"":5}"
FzV9aEQpdohzram1Ttd2MeQd2L9X1cH9by2LEUYppump,1787067616530771,2026-08-18T15:40:16.530771+00:00,2,ALL_TRADES_QUOTE_RESERVE_FALLBACK_CANDIDATE,2,0,"{""QUOTE_RESERVE_FALLBACK_CANDIDATE"":2}","{""EPjFWdd5AufqSSqeM2qN1xzybapC8G4wEGGkZwyTDt1v"":2}","{""sell"":2}","{""True"":2}"
HmqRd111tGEDxfPbe9FVzCR8tGq1XjYKs1omG9F5pump,1787067491590477,2026-08-18T15:38:11.590477+00:00,8,ALL_TRADES_QUOTE_RESERVE_FALLBACK_CANDIDATE,8,0,"{""QUOTE_RESERVE_FALLBACK_CANDIDATE"":8}","{""EPjFWdd5AufqSSqeM2qN1xzybapC8G4wEGGkZwyTDt1v"":8}","{""buy"":3,""buy_exact_quote_in"":3,""sell"":2}","{""True"":8}"
FQRLGs7o49AaRtpg7hjUv9TWaDc7bxnWve6NgeSVpump,1787067406030612,2026-08-18T15:36:46.030612+00:00,7,ALL_TRADES_QUOTE_RESERVE_FALLBACK_CANDIDATE,7,0,"{""QUOTE_RESERVE_FALLBACK_CANDIDATE"":7}","{""EPjFWdd5AufqSSqeM2qN1xzybapC8G4wEGGkZwyTDt1v"":7}","{""buy"":4,""buy_exact_quote_in"":1,""sell"":2}","{""True"":7}"
4DV96r1Knn4snRBSudzXqt16qyNWbKsWd5zHqBdzpump,1787067304476455,2026-08-18T15:35:04.476455+00:00,9,ALL_TRADES_QUOTE_RESERVE_FALLBACK_CANDIDATE,9,0,"{""QUOTE_RESERVE_FALLBACK_CANDIDATE"":9}","{""EPjFWdd5AufqSSqeM2qN1xzybapC8G4wEGGkZwyTDt1v"":9}","{""buy"":4,""sell"":5}","{""True"":9}"
F6iFoS3kzU2YsWEbY65fNUje9q6XZzQDccodFiGhpump,1787067188321206,2026-08-18T15:33:08.321206+00:00,1,ALL_TRADES_QUOTE_RESERVE_FALLBACK_CANDIDATE,1,0,"{""QUOTE_RESERVE_FALLBACK_CANDIDATE"":1}","{""EPjFWdd5AufqSSqeM2qN1xzybapC8G4wEGGkZwyTDt1v"":1}","{""sell"":1}","{""True"":1}"
GvNjmvMrCdVpWsgGNNDDpPzQd1zUzQ1hEEr97886pump,1787067118764408,2026-08-18T15:31:58.764408+00:00,3,ALL_TRADES_QUOTE_RESERVE_FALLBACK_CANDIDATE,3,0,"{""QUOTE_RESERVE_FALLBACK_CANDIDATE"":3}","{""EPjFWdd5AufqSSqeM2qN1xzybapC8G4wEGGkZwyTDt1v"":3}","{""buy"":1,""sell"":2}","{""True"":3}"
7G6ff1XxpbDYuxMXNuvGLfB8GtJapM244KugEXv5pump,1787067066027665,2026-08-18T15:31:06.027665+00:00,4,ALL_TRADES_QUOTE_RESERVE_FALLBACK_CANDIDATE,4,0,"{""QUOTE_RESERVE_FALLBACK_CANDIDATE"":4}","{""EPjFWdd5AufqSSqeM2qN1xzybapC8G4wEGGkZwyTDt1v"":4}","{""buy"":2,""buy_exact_quote_in"":1,""sell"":1}","{""True"":4}"
E9kUCLKmfBSpqDeJs8JB6F9BKYbzA6so3YBBZWf3pump,1787067029224062,2026-08-18T15:30:29.224062+00:00,2,ALL_TRADES_QUOTE_RESERVE_FALLBACK_CANDIDATE,2,0,"{""QUOTE_RESERVE_FALLBACK_CANDIDATE"":2}","{""EPjFWdd5AufqSSqeM2qN1xzybapC8G4wEGGkZwyTDt1v"":2}","{""buy"":2}","{""True"":2}"
6Zx8x6VnkPTnzu4omumc9ff9J9SpjAXmfEoXuaZhpump,1787066965679947,2026-08-18T15:29:25.679947+00:00,7,ALL_TRADES_QUOTE_RESERVE_FALLBACK_CANDIDATE,7,0,"{""QUOTE_RESERVE_FALLBACK_CANDIDATE"":7}","{""EPjFWdd5AufqSSqeM2qN1xzybapC8G4wEGGkZwyTDt1v"":7}","{""buy"":6,""sell"":1}","{""True"":7}"
3smV7jp3PKRwMwDtjQBcaotwR1TQKpd4Do6MGH4cpump,1787066915928423,2026-08-18T15:28:35.928423+00:00,19,ALL_TRADES_QUOTE_RESERVE_FALLBACK_CANDIDATE,19,0,"{""QUOTE_RESERVE_FALLBACK_CANDIDATE"":19}","{""EPjFWdd5AufqSSqeM2qN1xzybapC8G4wEGGkZwyTDt1v"":19}","{""buy"":7,""buy_exact_quote_in"":1,""sell"":11}","{""True"":19}"
9PTH9TNLipkBnWvb4HqJi3oMrLyQthFvEFyMzqyzpump,1787066869687432,2026-08-18T15:27:49.687432+00:00,11,ALL_TRADES_QUOTE_RESERVE_FALLBACK_CANDIDATE,11,0,"{""QUOTE_RESERVE_FALLBACK_CANDIDATE"":11}","{""EPjFWdd5AufqSSqeM2qN1xzybapC8G4wEGGkZwyTDt1v"":11}","{""buy"":5,""sell"":6}","{""True"":11}"
BThniFe6cxjbUJB2A8fU2V2oG3wrkDUYFYhb2Zeppump,1787066834817942,2026-08-18T15:27:14.817942+00:00,1,ALL_TRADES_QUOTE_RESERVE_FALLBACK_CANDIDATE,1,0,"{""QUOTE_RESERVE_FALLBACK_CANDIDATE"":1}","{""EPjFWdd5AufqSSqeM2qN1xzybapC8G4wEGGkZwyTDt1v"":1}","{""buy"":1}","{""True"":1}"
4jwozZwJaetP8nbwuU1Np9UNMCLdMtwMAisVrHpspump,1787066827835550,2026-08-18T15:27:07.835550+00:00,6,ALL_TRADES_QUOTE_RESERVE_FALLBACK_CANDIDATE,6,0,"{""QUOTE_RESERVE_FALLBACK_CANDIDATE"":6}","{""EPjFWdd5AufqSSqeM2qN1xzybapC8G4wEGGkZwyTDt1v"":6}","{""buy"":1,""buy_exact_quote_in"":2,""sell"":3}","{""True"":6}"
DwVrCYyzEykP4vfKiP1EieBkNRcQxZ4QKwWEtKDYpump,1787066682275320,2026-08-18T15:24:42.275320+00:00,11,ALL_TRADES_QUOTE_RESERVE_FALLBACK_CANDIDATE,11,0,"{""QUOTE_RESERVE_FALLBACK_CANDIDATE"":11}","{""EPjFWdd5AufqSSqeM2qN1xzybapC8G4wEGGkZwyTDt1v"":11}","{""buy"":3,""buy_exact_quote_in"":2,""sell"":6}","{""True"":11}"
8RHRAAfv69yMxfGgkvtRYSiatZmDCvQRNw8ceWpKpump,1787066648306073,2026-08-18T15:24:08.306073+00:00,1,ALL_TRADES_QUOTE_RESERVE_FALLBACK_CANDIDATE,1,0,"{""QUOTE_RESERVE_FALLBACK_CANDIDATE"":1}","{""EPjFWdd5AufqSSqeM2qN1xzybapC8G4wEGGkZwyTDt1v"":1}","{""sell"":1}","{""True"":1}"
GLYdNkeguF8h9eTmBr7LAd9Zko8bMjme3BMTuTETpump,1787066570807289,2026-08-18T15:22:50.807289+00:00,15,ALL_TRADES_QUOTE_RESERVE_FALLBACK_CANDIDATE,15,0,"{""QUOTE_RESERVE_FALLBACK_CANDIDATE"":15}","{""EPjFWdd5AufqSSqeM2qN1xzybapC8G4wEGGkZwyTDt1v"":15}","{""buy"":6,""buy_exact_quote_in"":1,""sell"":8}","{""True"":15}"
HiV4a6iFbW1J8M674D2nu62Ux4cre7AR8hQsmKrgpump,1787066523771867,2026-08-18T15:22:03.771867+00:00,1,ALL_TRADES_QUOTE_RESERVE_FALLBACK_CANDIDATE,1,0,"{""QUOTE_RESERVE_FALLBACK_CANDIDATE"":1}","{""EPjFWdd5AufqSSqeM2qN1xzybapC8G4wEGGkZwyTDt1v"":1}","{""sell"":1}","{""True"":1}"
ExNu5Hy9psp9SjMhVrizh32LuiTmwy5JmFzhZ2ozpump,1787066519107299,2026-08-18T15:21:59.107299+00:00,1,ALL_TRADES_QUOTE_RESERVE_FALLBACK_CANDIDATE,1,0,"{""QUOTE_RESERVE_FALLBACK_CANDIDATE"":1}","{""EPjFWdd5AufqSSqeM2qN1xzybapC8G4wEGGkZwyTDt1v"":1}","{""buy_exact_quote_in"":1}","{""True"":1}"
9RmTCsQzTTiCz6udn2dfhXGRytYZToZun5pRKYXUpump,1787066453471685,2026-08-18T15:20:53.471685+00:00,15,ALL_TRADES_QUOTE_RESERVE_FALLBACK_CANDIDATE,15,0,"{""QUOTE_RESERVE_FALLBACK_CANDIDATE"":15}","{""EPjFWdd5AufqSSqeM2qN1xzybapC8G4wEGGkZwyTDt1v"":15}","{""buy"":9,""buy_exact_quote_in"":1,""sell"":5}","{""True"":15}"
2vWTy8ZGA6hJgLYxjM9x2yoqcLwbLpb2pMVm1jzxpump,1787066315293519,2026-08-18T15:18:35.293519+00:00,1,ALL_TRADES_QUOTE_RESERVE_FALLBACK_CANDIDATE,1,0,"{""QUOTE_RESERVE_FALLBACK_CANDIDATE"":1}","{""EPjFWdd5AufqSSqeM2qN1xzybapC8G4wEGGkZwyTDt1v"":1}","{""buy"":1}","{""True"":1}"
5voxpVWgGkVVp5ANQZ5F4xFV82bqjhXsyJmkDZt7pump,1787066038224558,2026-08-18T15:13:58.224558+00:00,1,ALL_TRADES_QUOTE_RESERVE_FALLBACK_CANDIDATE,1,0,"{""QUOTE_RESERVE_FALLBACK_CANDIDATE"":1}","{""EPjFWdd5AufqSSqeM2qN1xzybapC8G4wEGGkZwyTDt1v"":1}","{""buy_exact_quote_in"":1}","{""True"":1}"
DapJsmvZ6e1fYdPm6YZUE8ybu8ZU2DxXWjQk8B6Dpump,1787065790404180,2026-08-18T15:09:50.404180+00:00,57,ALL_TRADES_QUOTE_RESERVE_FALLBACK_CANDIDATE,57,0,"{""QUOTE_RESERVE_FALLBACK_CANDIDATE"":57}","{""EPjFWdd5AufqSSqeM2qN1xzybapC8G4wEGGkZwyTDt1v"":57}","{""buy"":29,""buy_exact_quote_in"":1,""sell"":27}","{""True"":57}"
HenJf28waBHRC1ArKvnCDWiaeBN928JPes7U72kcpump,1787065596829833,2026-08-18T15:06:36.829833+00:00,2,ALL_TRADES_QUOTE_RESERVE_FALLBACK_CANDIDATE,2,0,"{""QUOTE_RESERVE_FALLBACK_CANDIDATE"":2}","{""EPjFWdd5AufqSSqeM2qN1xzybapC8G4wEGGkZwyTDt1v"":2}","{""buy"":2}","{""True"":2}"
HL4x3JDqhdXRJXq1jLnh1TRUR1YwbDA87arfa7S2pump,1787065467513809,2026-08-18T15:04:27.513809+00:00,6,ALL_TRADES_QUOTE_RESERVE_FALLBACK_CANDIDATE,6,0,"{""QUOTE_RESERVE_FALLBACK_CANDIDATE"":6}","{""EPjFWdd5AufqSSqeM2qN1xzybapC8G4wEGGkZwyTDt1v"":6}","{""buy"":3,""sell"":3}","{""True"":6}"
FGvgPyP4D8b4kPFQGqKJMBTZEVT6FUzFRArLr7rtpump,1787065244151980,2026-08-18T15:00:44.151980+00:00,1,ALL_TRADES_QUOTE_RESERVE_FALLBACK_CANDIDATE,1,0,"{""QUOTE_RESERVE_FALLBACK_CANDIDATE"":1}","{""EPjFWdd5AufqSSqeM2qN1xzybapC8G4wEGGkZwyTDt1v"":1}","{""buy"":1}","{""True"":1}"
DQJPnuYm3n6zDRSpzLACjfiqT9TULfKacLe9p7WNpump,1787064958428348,2026-08-18T14:55:58.428348+00:00,1,ALL_TRADES_QUOTE_RESERVE_FALLBACK_CANDIDATE,1,0,"{""QUOTE_RESERVE_FALLBACK_CANDIDATE"":1}","{""EPjFWdd5AufqSSqeM2qN1xzybapC8G4wEGGkZwyTDt1v"":1}","{""sell"":1}","{""True"":1}"
8za7XqcwP36S3KJatCCNffgYAC5Xdm4yCuDtf8Capump,1787064816751358,2026-08-18T14:53:36.751358+00:00,21,ALL_TRADES_QUOTE_RESERVE_FALLBACK_CANDIDATE,21,0,"{""QUOTE_RESERVE_FALLBACK_CANDIDATE"":21}","{""EPjFWdd5AufqSSqeM2qN1xzybapC8G4wEGGkZwyTDt1v"":21}","{""buy"":11,""buy_exact_quote_in"":1,""sell"":9}","{""True"":21}"
7ao13TaErWrXip91NHuaNWy7WRsEXont4hg4dva7b54b,1787064688630898,2026-08-18T14:51:28.630898+00:00,8,ALL_TRADES_QUOTE_RESERVE_FALLBACK_CANDIDATE,8,0,"{""QUOTE_RESERVE_FALLBACK_CANDIDATE"":8}","{""EPjFWdd5AufqSSqeM2qN1xzybapC8G4wEGGkZwyTDt1v"":8}","{""buy"":1,""sell"":7}","{""True"":8}"
DZb5D7RVQ3qLRyAbBZHdLLkEiqj9kkhHca4ihAxapump,1787064548030877,2026-08-18T14:49:08.030877+00:00,2,ALL_TRADES_QUOTE_RESERVE_FALLBACK_CANDIDATE,2,0,"{""QUOTE_RESERVE_FALLBACK_CANDIDATE"":2}","{""EPjFWdd5AufqSSqeM2qN1xzybapC8G4wEGGkZwyTDt1v"":2}","{""sell"":2}","{""True"":2}"
GWfLQX1ofSBH9uWNV7aQVr282DqFU1X1xrHGneQipump,1787064370903750,2026-08-18T14:46:10.903750+00:00,9,ALL_TRADES_QUOTE_RESERVE_FALLBACK_CANDIDATE,9,0,"{""QUOTE_RESERVE_FALLBACK_CANDIDATE"":9}","{""EPjFWdd5AufqSSqeM2qN1xzybapC8G4wEGGkZwyTDt1v"":9}","{""buy"":4,""buy_exact_quote_in"":1,""sell"":4}","{""True"":9}"
9RctEcZFSxhxB24QbdQGgRsaXK9MMhhiz7S3KGmapump,1787064236131110,2026-08-18T14:43:56.131110+00:00,8,ALL_TRADES_QUOTE_RESERVE_FALLBACK_CANDIDATE,8,0,"{""QUOTE_RESERVE_FALLBACK_CANDIDATE"":8}","{""EPjFWdd5AufqSSqeM2qN1xzybapC8G4wEGGkZwyTDt1v"":8}","{""buy"":2,""buy_exact_quote_in"":1,""sell"":5}","{""True"":8}"
FEmy929vmdMdEwVkzQAw4hNZpRteYNxQWk8Lx5AKpump,1787064233419925,2026-08-18T14:43:53.419925+00:00,5,ALL_TRADES_QUOTE_RESERVE_FALLBACK_CANDIDATE,5,0,"{""QUOTE_RESERVE_FALLBACK_CANDIDATE"":5}","{""EPjFWdd5AufqSSqeM2qN1xzybapC8G4wEGGkZwyTDt1v"":5}","{""buy"":2,""sell"":3}","{""True"":5}"
9isGuumtaqvJeJeyLF44fvfskk2cv5mYsopexMBfpump,1787064210233955,2026-08-18T14:43:30.233955+00:00,1,ALL_TRADES_QUOTE_RESERVE_FALLBACK_CANDIDATE,1,0,"{""QUOTE_RESERVE_FALLBACK_CANDIDATE"":1}","{""EPjFWdd5AufqSSqeM2qN1xzybapC8G4wEGGkZwyTDt1v"":1}","{""sell"":1}","{""True"":1}"
FWCrBP3s9SFM6vvzdzxPATbq5KjTvr8HJ5iss3XGpump,1787064046624426,2026-08-18T14:40:46.624426+00:00,1,ALL_TRADES_QUOTE_RESERVE_FALLBACK_CANDIDATE,1,0,"{""QUOTE_RESERVE_FALLBACK_CANDIDATE"":1}","{""EPjFWdd5AufqSSqeM2qN1xzybapC8G4wEGGkZwyTDt1v"":1}","{""sell"":1}","{""True"":1}"
CfojA3Ch4TPWUpdP6KU8x5eEi3FeZwYTBiA5nSdzpump,1787064042148745,2026-08-18T14:40:42.148745+00:00,1,ALL_TRADES_QUOTE_RESERVE_FALLBACK_CANDIDATE,1,0,"{""QUOTE_RESERVE_FALLBACK_CANDIDATE"":1}","{""EPjFWdd5AufqSSqeM2qN1xzybapC8G4wEGGkZwyTDt1v"":1}","{""sell"":1}","{""True"":1}"
DoFD8FyDMUbwBKxaGciJsy8ArRDmkuVkcn778jDBpump,1787064010545854,2026-08-18T14:40:10.545854+00:00,8,ALL_TRADES_QUOTE_RESERVE_FALLBACK_CANDIDATE,8,0,"{""QUOTE_RESERVE_FALLBACK_CANDIDATE"":8}","{""EPjFWdd5AufqSSqeM2qN1xzybapC8G4wEGGkZwyTDt1v"":8}","{""buy"":4,""sell"":4}","{""True"":8}"
2RWuyLjvyqfSUvH6H86keTYrw46fDgDnKnv3MsdYpump,1787063193828702,2026-08-18T14:26:33.828702+00:00,1,ALL_TRADES_QUOTE_RESERVE_FALLBACK_CANDIDATE,1,0,"{""QUOTE_RESERVE_FALLBACK_CANDIDATE"":1}","{""EPjFWdd5AufqSSqeM2qN1xzybapC8G4wEGGkZwyTDt1v"":1}","{""sell"":1}","{""True"":1}"
