parameter_set_id,combo_index,abc_role,abc_source_parameter_set_id,min_return_bps,min_trades_since_t0,min_unique_buyers_since_t0,min_depth_bps,max_depth_bps,min_rebound_bps,min_buys,min_net_flow_reserve_ppm,min_extension_from_response_bps,max_extension_from_response_bps,run_count,candidate_count,expired_count,invalidated_count,rejected_count,trade_count,candidate_state_count,accounted_run_count,h5s_observable_n,h5s_p25_bps,h5s_p50_bps,h5s_p75_bps,h15s_observable_n,h15s_p25_bps,h15s_p50_bps,h15s_p75_bps,h30s_observable_n,h30s_p25_bps,h30s_p50_bps,h30s_p75_bps,h60s_observable_n,h60s_p25_bps,h60s_p50_bps,h60s_p75_bps,h2m_observable_n,h2m_p25_bps,h2m_p50_bps,h2m_p75_bps,h5m_observable_n,h5m_p25_bps,h5m_p50_bps,h5m_p75_bps,complete_5m_extrema_n,h15_observable_n,h15_p50_bps,h30_observable_n,h30_p50_bps,diagnostic_pareto_frontier
FP1-EXP0005-D-001-CONTROL-R500-T2-U1-PD1000-9000-RB200-BU1-FL0-RC200-RW2000,1,CONTROL,FP1-EXP0004-C-001-CONTROL-R500-T2-U1-PD1000-9000-RB200-BU1-FL0,500,2,1,1000,9000,200,1,0,200,2000,3901,195,3623,48,35,0,195,3901,112,-382,329,987,113,-980,194,1030,54,-1767,309,1142,20,-3054,-253,2965,18,-4501,-2376,4192,6,-8571,-4555,-2342,6,113,194,54,309,True
FP1-EXP0005-D-002-CONTROL-R500-T2-U1-PD1000-9000-RB200-BU1-FL0-RC200-RW2500,2,CONTROL,FP1-EXP0004-C-001-CONTROL-R500-T2-U1-PD1000-9000-RB200-BU1-FL0,500,2,1,1000,9000,200,1,0,200,2500,3901,205,3623,48,25,0,205,3901,114,-356,324,987,116,-980,192,1030,58,-1280,297,872,23,-3054,-253,2965,21,-3839,-1403,2808,8,-8571,-3863,-2342,8,116,192,58,297,True
FP1-EXP0005-D-003-CONTROL-R500-T2-U1-PD1000-9000-RB200-BU1-FL0-RC200-RW3000,3,CONTROL,FP1-EXP0004-C-001-CONTROL-R500-T2-U1-PD1000-9000-RB200-BU1-FL0,500,2,1,1000,9000,200,1,0,200,3000,3901,216,3623,48,14,0,216,3901,116,-356,329,1007,122,-980,181,1177,66,-1280,44,1142,27,-3054,-253,4048,25,-4323,-1403,2808,11,-8571,-4555,-2342,11,122,181,66,44,False
FP1-EXP0005-D-004-CONTROL-R500-T2-U1-PD1000-9000-RB200-BU1-FL0-RC200-RW7000,4,CONTROL,FP1-EXP0004-C-001-CONTROL-R500-T2-U1-PD1000-9000-RB200-BU1-FL0,500,2,1,1000,9000,200,1,0,200,7000,3901,228,3623,48,2,0,228,3901,121,-449,315,987,126,-924,181,1030,67,-1280,44,1142,27,-3054,-253,4048,25,-4323,-1403,2808,11,-8571,-4555,-2342,11,126,181,67,44,False
FP1-EXP0005-D-005-CONTROL-R500-T2-U1-PD1000-9000-RB200-BU1-FL0-RC200-RW10000,5,CONTROL,FP1-EXP0004-C-001-CONTROL-R500-T2-U1-PD1000-9000-RB200-BU1-FL0,500,2,1,1000,9000,200,1,0,200,10000,3901,230,3623,48,0,0,230,3901,121,-449,315,987,127,-924,181,1030,67,-1280,44,1142,27,-3054,-253,4048,25,-4323,-1403,2808,11,-8571,-4555,-2342,11,127,181,67,44,True
FP1-EXP0005-D-006-CONTROL-R500-T2-U1-PD1000-9000-RB200-BU1-FL0-RC500-RW2000,6,CONTROL,FP1-EXP0004-C-001-CONTROL-R500-T2-U1-PD1000-9000-RB200-BU1-FL0,500,2,1,1000,9000,200,1,0,500,2000,3901,177,3638,48,38,0,177,3901,101,-687,261,1162,100,-980,182,1423,49,-1767,33,1142,18,-2746,-503,3620,16,-5262,-2446,3759,5,-8571,-4555,-2551,5,100,182,49,33,False
FP1-EXP0005-D-007-CONTROL-R500-T2-U1-PD1000-9000-RB200-BU1-FL0-RC500-RW2500,7,CONTROL,FP1-EXP0004-C-001-CONTROL-R500-T2-U1-PD1000-9000-RB200-BU1-FL0,500,2,1,1000,9000,200,1,0,500,2500,3901,188,3638,48,27,0,188,3901,103,-687,236,1162,103,-969,182,1501,53,-1754,33,951,21,-2746,-503,2965,19,-4501,-1403,3759,7,-8571,-2833,3614,7,103,182,53,33,False
FP1-EXP0005-D-008-CONTROL-R500-T2-U1-PD1000-9000-RB200-BU1-FL0-RC500-RW3000,8,CONTROL,FP1-EXP0004-C-001-CONTROL-R500-T2-U1-PD1000-9000-RB200-BU1-FL0,500,2,1,1000,9000,200,1,0,500,3000,3901,200,3638,48,15,0,200,3901,105,-670,261,1162,109,-969,169,1501,61,-1754,22,1142,25,-2746,-503,3620,23,-4501,-1403,3759,10,-8571,-6374,-2551,10,109,169,61,22,False
FP1-EXP0005-D-009-CONTROL-R500-T2-U1-PD1000-9000-RB200-BU1-FL0-RC500-RW7000,9,CONTROL,FP1-EXP0004-C-001-CONTROL-R500-T2-U1-PD1000-9000-RB200-BU1-FL0,500,2,1,1000,9000,200,1,0,500,7000,3901,213,3638,48,2,0,213,3901,110,-754,195,1007,114,-906,123,1423,63,-1754,16,1142,25,-2746,-503,3620,23,-4501,-1403,3759,10,-8571,-6374,-2551,10,114,123,63,16,False
FP1-EXP0005-D-010-CONTROL-R500-T2-U1-PD1000-9000-RB200-BU1-FL0-RC500-RW10000,10,CONTROL,FP1-EXP0004-C-001-CONTROL-R500-T2-U1-PD1000-9000-RB200-BU1-FL0,500,2,1,1000,9000,200,1,0,500,10000,3901,215,3638,48,0,0,215,3901,110,-754,195,1007,115,-906,123,1423,63,-1754,16,1142,25,-2746,-503,3620,23,-4501,-1403,3759,10,-8571,-6374,-2551,10,115,123,63,16,False
FP1-EXP0005-D-011-CONTROL-R500-T2-U1-PD1000-9000-RB200-BU1-FL0-RC700-RW2000,11,CONTROL,FP1-EXP0004-C-001-CONTROL-R500-T2-U1-PD1000-9000-RB200-BU1-FL0,500,2,1,1000,9000,200,1,0,700,2000,3901,167,3642,48,44,0,167,3901,97,-508,180,1162,92,-1103,77,1520,46,-2238,-70,1213,16,-3380,-1805,2801,14,-5262,-2768,2808,5,-8571,-4555,-2736,5,92,77,46,-70,False
FP1-EXP0005-D-012-CONTROL-R500-T2-U1-PD1000-9000-RB200-BU1-FL0-RC700-RW2500,12,CONTROL,FP1-EXP0004-C-001-CONTROL-R500-T2-U1-PD1000-9000-RB200-BU1-FL0,500,2,1,1000,9000,200,1,0,700,2500,3901,181,3642,48,30,0,181,3901,99,-508,159,1162,97,-906,77,1520,51,-1767,22,1213,20,-3380,-639,2801,18,-4501,-1958,2808,7,-8571,-2833,3614,7,97,77,51,22,False
FP1-EXP0005-D-013-CONTROL-R500-T2-U1-PD1000-9000-RB200-BU1-FL0-RC700-RW3000,13,CONTROL,FP1-EXP0004-C-001-CONTROL-R500-T2-U1-PD1000-9000-RB200-BU1-FL0,500,2,1,1000,9000,200,1,0,700,3000,3901,193,3642,48,18,0,193,3901,101,-377,180,1162,103,-969,65,1581,59,-1767,-40,1245,24,-3380,-639,3214,22,-4501,-1958,2808,10,-8571,-6374,-2736,10,103,65,59,-40,False
FP1-EXP0005-D-014-CONTROL-R500-T2-U1-PD1000-9000-RB200-BU1-FL0-RC700-RW7000,14,CONTROL,FP1-EXP0004-C-001-CONTROL-R500-T2-U1-PD1000-9000-RB200-BU1-FL0,500,2,1,1000,9000,200,1,0,700,7000,3901,209,3642,48,2,0,209,3901,109,-508,97,987,111,-842,65,1520,64,-1754,-49,1213,24,-3380,-639,3214,22,-4501,-1958,2808,10,-8571,-6374,-2736,10,111,65,64,-49,False
FP1-EXP0005-D-015-CONTROL-R500-T2-U1-PD1000-9000-RB200-BU1-FL0-RC700-RW10000,15,CONTROL,FP1-EXP0004-C-001-CONTROL-R500-T2-U1-PD1000-9000-RB200-BU1-FL0,500,2,1,1000,9000,200,1,0,700,10000,3901,211,3642,48,0,0,211,3901,109,-508,97,987,112,-842,36,1501,64,-1754,-49,1213,24,-3380,-639,3214,22,-4501,-1958,2808,10,-8571,-6374,-2736,10,112,36,64,-49,False
FP1-EXP0005-D-016-CONTROL-R500-T2-U1-PD1000-9000-RB200-BU1-FL0-RC800-RW2000,16,CONTROL,FP1-EXP0004-C-001-CONTROL-R500-T2-U1-PD1000-9000-RB200-BU1-FL0,500,2,1,1000,9000,200,1,0,800,2000,3901,156,3647,48,50,0,156,3901,92,-687,159,1074,87,-1482,77,1501,44,-2303,-70,1117,16,-2768,900,2801,13,-4501,-2446,2808,5,-8571,-4555,-2736,5,87,77,44,-70,False
FP1-EXP0005-D-017-CONTROL-R500-T2-U1-PD1000-9000-RB200-BU1-FL0-RC800-RW2500,17,CONTROL,FP1-EXP0004-C-001-CONTROL-R500-T2-U1-PD1000-9000-RB200-BU1-FL0,500,2,1,1000,9000,200,1,0,800,2500,3901,171,3647,48,35,0,171,3901,95,-508,104,1074,92,-1103,65,1304,49,-1754,22,1117,20,-2768,900,2801,17,-2772,-1403,2808,7,-8571,-2833,3614,7,92,65,49,22,False
FP1-EXP0005-D-018-CONTROL-R500-T2-U1-PD1000-9000-RB200-BU1-FL0-RC800-RW3000,18,CONTROL,FP1-EXP0004-C-001-CONTROL-R500-T2-U1-PD1000-9000-RB200-BU1-FL0,500,2,1,1000,9000,200,1,0,800,3000,3901,184,3647,48,22,0,184,3901,98,-377,159,1085,99,-1103,65,1501,57,-1754,-40,1207,24,-2768,900,3214,21,-4323,-1403,2808,10,-8571,-6374,-2736,10,99,65,57,-40,False
FP1-EXP0005-D-019-CONTROL-R500-T2-U1-PD1000-9000-RB200-BU1-FL0-RC800-RW7000,19,CONTROL,FP1-EXP0004-C-001-CONTROL-R500-T2-U1-PD1000-9000-RB200-BU1-FL0,500,2,1,1000,9000,200,1,0,800,7000,3901,203,3647,48,3,0,203,3901,107,-508,65,1007,108,-858,63,1291,64,-1280,-40,1117,24,-2768,900,3214,21,-4323,-1403,2808,10,-8571,-6374,-2736,10,108,63,64,-40,False
FP1-EXP0005-D-020-CONTROL-R500-T2-U1-PD1000-9000-RB200-BU1-FL0-RC800-RW10000,20,CONTROL,FP1-EXP0004-C-001-CONTROL-R500-T2-U1-PD1000-9000-RB200-BU1-FL0,500,2,1,1000,9000,200,1,0,800,10000,3901,206,3647,48,0,0,206,3901,107,-508,65,1007,110,-842,63,1291,65,-1153,22,1143,24,-2768,900,3214,21,-4323,-1403,2808,10,-8571,-6374,-2736,10,110,63,65,22,False
FP1-EXP0005-D-021-CONTROL-R500-T2-U1-PD1000-9000-RB200-BU1-FL0-RC2500-RW3000,21,CONTROL,FP1-EXP0004-C-001-CONTROL-R500-T2-U1-PD1000-9000-RB200-BU1-FL0,500,2,1,1000,9000,200,1,0,2500,3000,3901,53,3709,59,80,0,53,3901,31,9,757,1385,27,-842,530,1952,20,-583,493,1525,11,-842,1126,10821,9,-2224,1126,4013,4,-8869,-7446,-6374,4,27,530,20,493,True
FP1-EXP0005-D-022-CONTROL-R500-T2-U1-PD1000-9000-RB200-BU1-FL0-RC2500-RW7000,22,CONTROL,FP1-EXP0004-C-001-CONTROL-R500-T2-U1-PD1000-9000-RB200-BU1-FL0,500,2,1,1000,9000,200,1,0,2500,7000,3901,121,3709,59,12,0,121,3901,61,-422,149,1216,54,-351,250,1184,41,-283,102,1119,17,-842,1126,4387,15,-4375,891,4087,6,-7446,-7090,-5760,6,54,250,41,102,False
FP1-EXP0005-D-023-CONTROL-R500-T2-U1-PD1000-9000-RB200-BU1-FL0-RC2500-RW10000,23,CONTROL,FP1-EXP0004-C-001-CONTROL-R500-T2-U1-PD1000-9000-RB200-BU1-FL0,500,2,1,1000,9000,200,1,0,2500,10000,3901,128,3709,59,5,0,128,3901,63,-422,70,1216,59,-280,250,1143,45,-283,102,1119,17,-842,1126,4387,15,-4375,891,4087,6,-7446,-7090,-5760,6,59,250,45,102,True
FP1-EXP0005-D-024-CONTROL-R500-T2-U1-PD1000-9000-RB200-BU1-FL0-RC7100-RW10000,24,CONTROL,FP1-EXP0004-C-001-CONTROL-R500-T2-U1-PD1000-9000-RB200-BU1-FL0,500,2,1,1000,9000,200,1,0,7100,10000,3901,36,3771,73,21,0,36,3901,16,-702,21,959,18,-767,31,1080,16,-905,94,2044,6,-4211,-201,2108,5,-3166,-193,3024,3,-9251,-7769,-4894,3,18,31,16,94,False
FP1-EXP0005-D-025-ROBUST_1-R1500-T5-U9-PD2500-6500-RB2300-BU2-FL6000-RC200-RW2000,25,ROBUST_1,FP1-EXP0004-C-232-ROBUST_1-R1500-T5-U9-PD2500-6500-RB2300-BU2-FL6000,1500,5,9,2500,6500,2300,2,6000,200,2000,3901,19,3825,57,0,0,19,3901,17,1,504,1216,9,483,741,1581,5,826,1213,1412,4,-1272,-10,4950,2,5,5,4527,0,,,,0,9,741,5,1213,True
FP1-EXP0005-D-026-ROBUST_1-R1500-T5-U9-PD2500-6500-RB2300-BU2-FL6000-RC200-RW2500,26,ROBUST_1,FP1-EXP0004-C-232-ROBUST_1-R1500-T5-U9-PD2500-6500-RB2300-BU2-FL6000,1500,5,9,2500,6500,2300,2,6000,200,2500,3901,19,3825,57,0,0,19,3901,17,1,504,1216,9,483,741,1581,5,826,1213,1412,4,-1272,-10,4950,2,5,5,4527,0,,,,0,9,741,5,1213,True
FP1-EXP0005-D-027-ROBUST_1-R1500-T5-U9-PD2500-6500-RB2300-BU2-FL6000-RC200-RW3000,27,ROBUST_1,FP1-EXP0004-C-232-ROBUST_1-R1500-T5-U9-PD2500-6500-RB2300-BU2-FL6000,1500,5,9,2500,6500,2300,2,6000,200,3000,3901,19,3825,57,0,0,19,3901,17,1,504,1216,9,483,741,1581,5,826,1213,1412,4,-1272,-10,4950,2,5,5,4527,0,,,,0,9,741,5,1213,True
FP1-EXP0005-D-028-ROBUST_1-R1500-T5-U9-PD2500-6500-RB2300-BU2-FL6000-RC200-RW7000,28,ROBUST_1,FP1-EXP0004-C-232-ROBUST_1-R1500-T5-U9-PD2500-6500-RB2300-BU2-FL6000,1500,5,9,2500,6500,2300,2,6000,200,7000,3901,19,3825,57,0,0,19,3901,17,1,504,1216,9,483,741,1581,5,826,1213,1412,4,-1272,-10,4950,2,5,5,4527,0,,,,0,9,741,5,1213,True
FP1-EXP0005-D-029-ROBUST_1-R1500-T5-U9-PD2500-6500-RB2300-BU2-FL6000-RC200-RW10000,29,ROBUST_1,FP1-EXP0004-C-232-ROBUST_1-R1500-T5-U9-PD2500-6500-RB2300-BU2-FL6000,1500,5,9,2500,6500,2300,2,6000,200,10000,3901,19,3825,57,0,0,19,3901,17,1,504,1216,9,483,741,1581,5,826,1213,1412,4,-1272,-10,4950,2,5,5,4527,0,,,,0,9,741,5,1213,True
FP1-EXP0005-D-030-ROBUST_1-R1500-T5-U9-PD2500-6500-RB2300-BU2-FL6000-RC500-RW2000,30,ROBUST_1,FP1-EXP0004-C-232-ROBUST_1-R1500-T5-U9-PD2500-6500-RB2300-BU2-FL6000,1500,5,9,2500,6500,2300,2,6000,500,2000,3901,16,3827,58,0,0,16,3901,14,80,335,1459,9,274,410,917,6,-327,587,1412,4,-1272,-394,4950,2,5,5,4527,0,,,,0,9,410,6,587,False
FP1-EXP0005-D-031-ROBUST_1-R1500-T5-U9-PD2500-6500-RB2300-BU2-FL6000-RC500-RW2500,31,ROBUST_1,FP1-EXP0004-C-232-ROBUST_1-R1500-T5-U9-PD2500-6500-RB2300-BU2-FL6000,1500,5,9,2500,6500,2300,2,6000,500,2500,3901,16,3827,58,0,0,16,3901,14,80,335,1459,9,274,410,917,6,-327,587,1412,4,-1272,-394,4950,2,5,5,4527,0,,,,0,9,410,6,587,False
FP1-EXP0005-D-032-ROBUST_1-R1500-T5-U9-PD2500-6500-RB2300-BU2-FL6000-RC500-RW3000,32,ROBUST_1,FP1-EXP0004-C-232-ROBUST_1-R1500-T5-U9-PD2500-6500-RB2300-BU2-FL6000,1500,5,9,2500,6500,2300,2,6000,500,3000,3901,16,3827,58,0,0,16,3901,14,80,335,1459,9,274,410,917,6,-327,587,1412,4,-1272,-394,4950,2,5,5,4527,0,,,,0,9,410,6,587,False
FP1-EXP0005-D-033-ROBUST_1-R1500-T5-U9-PD2500-6500-RB2300-BU2-FL6000-RC500-RW7000,33,ROBUST_1,FP1-EXP0004-C-232-ROBUST_1-R1500-T5-U9-PD2500-6500-RB2300-BU2-FL6000,1500,5,9,2500,6500,2300,2,6000,500,7000,3901,16,3827,58,0,0,16,3901,14,80,335,1459,9,274,410,917,6,-327,587,1412,4,-1272,-394,4950,2,5,5,4527,0,,,,0,9,410,6,587,False
FP1-EXP0005-D-034-ROBUST_1-R1500-T5-U9-PD2500-6500-RB2300-BU2-FL6000-RC500-RW10000,34,ROBUST_1,FP1-EXP0004-C-232-ROBUST_1-R1500-T5-U9-PD2500-6500-RB2300-BU2-FL6000,1500,5,9,2500,6500,2300,2,6000,500,10000,3901,16,3827,58,0,0,16,3901,14,80,335,1459,9,274,410,917,6,-327,587,1412,4,-1272,-394,4950,2,5,5,4527,0,,,,0,9,410,6,587,False
FP1-EXP0005-D-035-ROBUST_1-R1500-T5-U9-PD2500-6500-RB2300-BU2-FL6000-RC700-RW2000,35,ROBUST_1,FP1-EXP0004-C-232-ROBUST_1-R1500-T5-U9-PD2500-6500-RB2300-BU2-FL6000,1500,5,9,2500,6500,2300,2,6000,700,2000,3901,15,3827,59,0,0,15,3901,13,166,335,1216,9,274,355,670,6,-395,587,1213,4,-1272,-469,4387,2,5,5,4013,0,,,,0,9,355,6,587,False
FP1-EXP0005-D-036-ROBUST_1-R1500-T5-U9-PD2500-6500-RB2300-BU2-FL6000-RC700-RW2500,36,ROBUST_1,FP1-EXP0004-C-232-ROBUST_1-R1500-T5-U9-PD2500-6500-RB2300-BU2-FL6000,1500,5,9,2500,6500,2300,2,6000,700,2500,3901,15,3827,59,0,0,15,3901,13,166,335,1216,9,274,355,670,6,-395,587,1213,4,-1272,-469,4387,2,5,5,4013,0,,,,0,9,355,6,587,False
FP1-EXP0005-D-037-ROBUST_1-R1500-T5-U9-PD2500-6500-RB2300-BU2-FL6000-RC700-RW3000,37,ROBUST_1,FP1-EXP0004-C-232-ROBUST_1-R1500-T5-U9-PD2500-6500-RB2300-BU2-FL6000,1500,5,9,2500,6500,2300,2,6000,700,3000,3901,15,3827,59,0,0,15,3901,13,166,335,1216,9,274,355,670,6,-395,587,1213,4,-1272,-469,4387,2,5,5,4013,0,,,,0,9,355,6,587,False
FP1-EXP0005-D-038-ROBUST_1-R1500-T5-U9-PD2500-6500-RB2300-BU2-FL6000-RC700-RW7000,38,ROBUST_1,FP1-EXP0004-C-232-ROBUST_1-R1500-T5-U9-PD2500-6500-RB2300-BU2-FL6000,1500,5,9,2500,6500,2300,2,6000,700,7000,3901,15,3827,59,0,0,15,3901,13,166,335,1216,9,274,355,670,6,-395,587,1213,4,-1272,-469,4387,2,5,5,4013,0,,,,0,9,355,6,587,False
FP1-EXP0005-D-039-ROBUST_1-R1500-T5-U9-PD2500-6500-RB2300-BU2-FL6000-RC700-RW10000,39,ROBUST_1,FP1-EXP0004-C-232-ROBUST_1-R1500-T5-U9-PD2500-6500-RB2300-BU2-FL6000,1500,5,9,2500,6500,2300,2,6000,700,10000,3901,15,3827,59,0,0,15,3901,13,166,335,1216,9,274,355,670,6,-395,587,1213,4,-1272,-469,4387,2,5,5,4013,0,,,,0,9,355,6,587,False
FP1-EXP0005-D-040-ROBUST_1-R1500-T5-U9-PD2500-6500-RB2300-BU2-FL6000-RC800-RW2000,40,ROBUST_1,FP1-EXP0004-C-232-ROBUST_1-R1500-T5-U9-PD2500-6500-RB2300-BU2-FL6000,1500,5,9,2500,6500,2300,2,6000,800,2000,3901,15,3827,59,0,0,15,3901,12,31,267,986,8,0,274,670,6,-674,587,1213,4,-1272,-746,4387,2,5,5,4013,0,,,,0,8,274,6,587,False
FP1-EXP0005-D-041-ROBUST_1-R1500-T5-U9-PD2500-6500-RB2300-BU2-FL6000-RC800-RW2500,41,ROBUST_1,FP1-EXP0004-C-232-ROBUST_1-R1500-T5-U9-PD2500-6500-RB2300-BU2-FL6000,1500,5,9,2500,6500,2300,2,6000,800,2500,3901,15,3827,59,0,0,15,3901,12,31,267,986,8,0,274,670,6,-674,587,1213,4,-1272,-746,4387,2,5,5,4013,0,,,,0,8,274,6,587,False
FP1-EXP0005-D-042-ROBUST_1-R1500-T5-U9-PD2500-6500-RB2300-BU2-FL6000-RC800-RW3000,42,ROBUST_1,FP1-EXP0004-C-232-ROBUST_1-R1500-T5-U9-PD2500-6500-RB2300-BU2-FL6000,1500,5,9,2500,6500,2300,2,6000,800,3000,3901,15,3827,59,0,0,15,3901,12,31,267,986,8,0,274,670,6,-674,587,1213,4,-1272,-746,4387,2,5,5,4013,0,,,,0,8,274,6,587,False
FP1-EXP0005-D-043-ROBUST_1-R1500-T5-U9-PD2500-6500-RB2300-BU2-FL6000-RC800-RW7000,43,ROBUST_1,FP1-EXP0004-C-232-ROBUST_1-R1500-T5-U9-PD2500-6500-RB2300-BU2-FL6000,1500,5,9,2500,6500,2300,2,6000,800,7000,3901,15,3827,59,0,0,15,3901,12,31,267,986,8,0,274,670,6,-674,587,1213,4,-1272,-746,4387,2,5,5,4013,0,,,,0,8,274,6,587,False
FP1-EXP0005-D-044-ROBUST_1-R1500-T5-U9-PD2500-6500-RB2300-BU2-FL6000-RC800-RW10000,44,ROBUST_1,FP1-EXP0004-C-232-ROBUST_1-R1500-T5-U9-PD2500-6500-RB2300-BU2-FL6000,1500,5,9,2500,6500,2300,2,6000,800,10000,3901,15,3827,59,0,0,15,3901,12,31,267,986,8,0,274,670,6,-674,587,1213,4,-1272,-746,4387,2,5,5,4013,0,,,,0,8,274,6,587,False
FP1-EXP0005-D-045-ROBUST_1-R1500-T5-U9-PD2500-6500-RB2300-BU2-FL6000-RC2500-RW3000,45,ROBUST_1,FP1-EXP0004-C-232-ROBUST_1-R1500-T5-U9-PD2500-6500-RB2300-BU2-FL6000,1500,5,9,2500,6500,2300,2,6000,2500,3000,3901,6,3833,60,2,0,6,3901,4,170,710,788,3,636,2165,2668,3,526,2420,3771,1,3046,3046,3046,1,2213,2213,2213,0,,,,0,3,2165,3,2420,True
FP1-EXP0005-D-046-ROBUST_1-R1500-T5-U9-PD2500-6500-RB2300-BU2-FL6000-RC2500-RW7000,46,ROBUST_1,FP1-EXP0004-C-232-ROBUST_1-R1500-T5-U9-PD2500-6500-RB2300-BU2-FL6000,1500,5,9,2500,6500,2300,2,6000,2500,7000,3901,8,3833,60,0,0,8,3901,4,170,710,788,4,636,1080,2165,5,526,929,2420,1,3046,3046,3046,1,2213,2213,2213,0,,,,0,4,1080,5,929,False
FP1-EXP0005-D-047-ROBUST_1-R1500-T5-U9-PD2500-6500-RB2300-BU2-FL6000-RC2500-RW10000,47,ROBUST_1,FP1-EXP0004-C-232-ROBUST_1-R1500-T5-U9-PD2500-6500-RB2300-BU2-FL6000,1500,5,9,2500,6500,2300,2,6000,2500,10000,3901,8,3833,60,0,0,8,3901,4,170,710,788,4,636,1080,2165,5,526,929,2420,1,3046,3046,3046,1,2213,2213,2213,0,,,,0,4,1080,5,929,False
FP1-EXP0005-D-048-ROBUST_1-R1500-T5-U9-PD2500-6500-RB2300-BU2-FL6000-RC7100-RW10000,48,ROBUST_1,FP1-EXP0004-C-232-ROBUST_1-R1500-T5-U9-PD2500-6500-RB2300-BU2-FL6000,1500,5,9,2500,6500,2300,2,6000,7100,10000,3901,2,3836,63,0,0,2,3901,2,161,161,655,2,-7,-7,358,1,526,526,526,0,,,,0,,,,0,,,,0,2,-7,1,526,False
FP1-EXP0005-D-049-ROBUST_2-R2000-T3-U5-PD2500-6500-RB2300-BU2-FL6000-RC200-RW2000,49,ROBUST_2,FP1-EXP0004-C-382-ROBUST_2-R2000-T3-U5-PD2500-6500-RB2300-BU2-FL6000,2000,3,5,2500,6500,2300,2,6000,200,2000,3901,21,3810,68,2,0,21,3901,17,1,703,1276,10,483,645,1581,8,79,826,1412,5,-10,1121,4950,3,-2772,5,4527,0,,,,0,10,645,8,826,False
FP1-EXP0005-D-050-ROBUST_2-R2000-T3-U5-PD2500-6500-RB2300-BU2-FL6000-RC200-RW2500,50,ROBUST_2,FP1-EXP0004-C-382-ROBUST_2-R2000-T3-U5-PD2500-6500-RB2300-BU2-FL6000,2000,3,5,2500,6500,2300,2,6000,200,2500,3901,22,3810,68,1,0,22,3901,17,1,703,1276,10,483,645,1581,8,79,826,1412,5,-10,1121,4950,3,-2772,5,4527,0,,,,0,10,645,8,826,False
FP1-EXP0005-D-051-ROBUST_2-R2000-T3-U5-PD2500-6500-RB2300-BU2-FL6000-RC200-RW3000,51,ROBUST_2,FP1-EXP0004-C-382-ROBUST_2-R2000-T3-U5-PD2500-6500-RB2300-BU2-FL6000,2000,3,5,2500,6500,2300,2,6000,200,3000,3901,23,3810,68,0,0,23,3901,17,1,703,1276,10,483,645,1581,8,79,826,1412,5,-10,1121,4950,3,-2772,5,4527,0,,,,0,10,645,8,826,True
FP1-EXP0005-D-052-ROBUST_2-R2000-T3-U5-PD2500-6500-RB2300-BU2-FL6000-RC200-RW7000,52,ROBUST_2,FP1-EXP0004-C-382-ROBUST_2-R2000-T3-U5-PD2500-6500-RB2300-BU2-FL6000,2000,3,5,2500,6500,2300,2,6000,200,7000,3901,23,3810,68,0,0,23,3901,17,1,703,1276,10,483,645,1581,8,79,826,1412,5,-10,1121,4950,3,-2772,5,4527,0,,,,0,10,645,8,826,True
FP1-EXP0005-D-053-ROBUST_2-R2000-T3-U5-PD2500-6500-RB2300-BU2-FL6000-RC200-RW10000,53,ROBUST_2,FP1-EXP0004-C-382-ROBUST_2-R2000-T3-U5-PD2500-6500-RB2300-BU2-FL6000,2000,3,5,2500,6500,2300,2,6000,200,10000,3901,23,3810,68,0,0,23,3901,17,1,703,1276,10,483,645,1581,8,79,826,1412,5,-10,1121,4950,3,-2772,5,4527,0,,,,0,10,645,8,826,True
FP1-EXP0005-D-054-ROBUST_2-R2000-T3-U5-PD2500-6500-RB2300-BU2-FL6000-RC500-RW2000,54,ROBUST_2,FP1-EXP0004-C-382-ROBUST_2-R2000-T3-U5-PD2500-6500-RB2300-BU2-FL6000,2000,3,5,2500,6500,2300,2,6000,500,2000,3901,19,3812,68,2,0,19,3901,15,80,538,1459,11,244,377,917,9,-338,587,1245,5,-394,1121,4950,3,-2772,5,4527,0,,,,0,11,377,9,587,False
FP1-EXP0005-D-055-ROBUST_2-R2000-T3-U5-PD2500-6500-RB2300-BU2-FL6000-RC500-RW2500,55,ROBUST_2,FP1-EXP0004-C-382-ROBUST_2-R2000-T3-U5-PD2500-6500-RB2300-BU2-FL6000,2000,3,5,2500,6500,2300,2,6000,500,2500,3901,20,3812,68,1,0,20,3901,15,80,538,1459,11,244,377,917,9,-338,587,1245,5,-394,1121,4950,3,-2772,5,4527,0,,,,0,11,377,9,587,False
FP1-EXP0005-D-056-ROBUST_2-R2000-T3-U5-PD2500-6500-RB2300-BU2-FL6000-RC500-RW3000,56,ROBUST_2,FP1-EXP0004-C-382-ROBUST_2-R2000-T3-U5-PD2500-6500-RB2300-BU2-FL6000,2000,3,5,2500,6500,2300,2,6000,500,3000,3901,21,3812,68,0,0,21,3901,15,80,538,1459,11,244,377,917,9,-338,587,1245,5,-394,1121,4950,3,-2772,5,4527,0,,,,0,11,377,9,587,True
FP1-EXP0005-D-057-ROBUST_2-R2000-T3-U5-PD2500-6500-RB2300-BU2-FL6000-RC500-RW7000,57,ROBUST_2,FP1-EXP0004-C-382-ROBUST_2-R2000-T3-U5-PD2500-6500-RB2300-BU2-FL6000,2000,3,5,2500,6500,2300,2,6000,500,7000,3901,21,3812,68,0,0,21,3901,15,80,538,1459,11,244,377,917,9,-338,587,1245,5,-394,1121,4950,3,-2772,5,4527,0,,,,0,11,377,9,587,True
FP1-EXP0005-D-058-ROBUST_2-R2000-T3-U5-PD2500-6500-RB2300-BU2-FL6000-RC500-RW10000,58,ROBUST_2,FP1-EXP0004-C-382-ROBUST_2-R2000-T3-U5-PD2500-6500-RB2300-BU2-FL6000,2000,3,5,2500,6500,2300,2,6000,500,10000,3901,21,3812,68,0,0,21,3901,15,80,538,1459,11,244,377,917,9,-338,587,1245,5,-394,1121,4950,3,-2772,5,4527,0,,,,0,11,377,9,587,True
FP1-EXP0005-D-059-ROBUST_2-R2000-T3-U5-PD2500-6500-RB2300-BU2-FL6000-RC700-RW2000,59,ROBUST_2,FP1-EXP0004-C-382-ROBUST_2-R2000-T3-U5-PD2500-6500-RB2300-BU2-FL6000,2000,3,5,2500,6500,2300,2,6000,700,2000,3901,18,3812,69,2,0,18,3901,14,166,324,1216,11,110,274,670,9,-395,587,1009,5,-469,1121,4387,3,-2772,5,4013,0,,,,0,11,274,9,587,False
FP1-EXP0005-D-060-ROBUST_2-R2000-T3-U5-PD2500-6500-RB2300-BU2-FL6000-RC700-RW2500,60,ROBUST_2,FP1-EXP0004-C-382-ROBUST_2-R2000-T3-U5-PD2500-6500-RB2300-BU2-FL6000,2000,3,5,2500,6500,2300,2,6000,700,2500,3901,19,3812,69,1,0,19,3901,14,166,324,1216,11,110,274,670,9,-395,587,1009,5,-469,1121,4387,3,-2772,5,4013,0,,,,0,11,274,9,587,False
FP1-EXP0005-D-061-ROBUST_2-R2000-T3-U5-PD2500-6500-RB2300-BU2-FL6000-RC700-RW3000,61,ROBUST_2,FP1-EXP0004-C-382-ROBUST_2-R2000-T3-U5-PD2500-6500-RB2300-BU2-FL6000,2000,3,5,2500,6500,2300,2,6000,700,3000,3901,20,3812,69,0,0,20,3901,14,166,324,1216,11,110,274,670,9,-395,587,1009,5,-469,1121,4387,3,-2772,5,4013,0,,,,0,11,274,9,587,False
FP1-EXP0005-D-062-ROBUST_2-R2000-T3-U5-PD2500-6500-RB2300-BU2-FL6000-RC700-RW7000,62,ROBUST_2,FP1-EXP0004-C-382-ROBUST_2-R2000-T3-U5-PD2500-6500-RB2300-BU2-FL6000,2000,3,5,2500,6500,2300,2,6000,700,7000,3901,20,3812,69,0,0,20,3901,14,166,324,1216,11,110,274,670,9,-395,587,1009,5,-469,1121,4387,3,-2772,5,4013,0,,,,0,11,274,9,587,False
FP1-EXP0005-D-063-ROBUST_2-R2000-T3-U5-PD2500-6500-RB2300-BU2-FL6000-RC700-RW10000,63,ROBUST_2,FP1-EXP0004-C-382-ROBUST_2-R2000-T3-U5-PD2500-6500-RB2300-BU2-FL6000,2000,3,5,2500,6500,2300,2,6000,700,10000,3901,20,3812,69,0,0,20,3901,14,166,324,1216,11,110,274,670,9,-395,587,1009,5,-469,1121,4387,3,-2772,5,4013,0,,,,0,11,274,9,587,False
FP1-EXP0005-D-064-ROBUST_2-R2000-T3-U5-PD2500-6500-RB2300-BU2-FL6000-RC800-RW2000,64,ROBUST_2,FP1-EXP0004-C-382-ROBUST_2-R2000-T3-U5-PD2500-6500-RB2300-BU2-FL6000,2000,3,5,2500,6500,2300,2,6000,800,2000,3901,18,3812,69,2,0,18,3901,14,31,267,986,11,-128,250,670,9,-674,587,1009,5,-746,1121,4387,3,-2772,5,4013,0,,,,0,11,250,9,587,False
FP1-EXP0005-D-065-ROBUST_2-R2000-T3-U5-PD2500-6500-RB2300-BU2-FL6000-RC800-RW2500,65,ROBUST_2,FP1-EXP0004-C-382-ROBUST_2-R2000-T3-U5-PD2500-6500-RB2300-BU2-FL6000,2000,3,5,2500,6500,2300,2,6000,800,2500,3901,19,3812,69,1,0,19,3901,14,31,267,986,11,-128,250,670,9,-674,587,1009,5,-746,1121,4387,3,-2772,5,4013,0,,,,0,11,250,9,587,False
FP1-EXP0005-D-066-ROBUST_2-R2000-T3-U5-PD2500-6500-RB2300-BU2-FL6000-RC800-RW3000,66,ROBUST_2,FP1-EXP0004-C-382-ROBUST_2-R2000-T3-U5-PD2500-6500-RB2300-BU2-FL6000,2000,3,5,2500,6500,2300,2,6000,800,3000,3901,20,3812,69,0,0,20,3901,14,31,267,986,11,-128,250,670,9,-674,587,1009,5,-746,1121,4387,3,-2772,5,4013,0,,,,0,11,250,9,587,False
FP1-EXP0005-D-067-ROBUST_2-R2000-T3-U5-PD2500-6500-RB2300-BU2-FL6000-RC800-RW7000,67,ROBUST_2,FP1-EXP0004-C-382-ROBUST_2-R2000-T3-U5-PD2500-6500-RB2300-BU2-FL6000,2000,3,5,2500,6500,2300,2,6000,800,7000,3901,20,3812,69,0,0,20,3901,14,31,267,986,11,-128,250,670,9,-674,587,1009,5,-746,1121,4387,3,-2772,5,4013,0,,,,0,11,250,9,587,False
FP1-EXP0005-D-068-ROBUST_2-R2000-T3-U5-PD2500-6500-RB2300-BU2-FL6000-RC800-RW10000,68,ROBUST_2,FP1-EXP0004-C-382-ROBUST_2-R2000-T3-U5-PD2500-6500-RB2300-BU2-FL6000,2000,3,5,2500,6500,2300,2,6000,800,10000,3901,20,3812,69,0,0,20,3901,14,31,267,986,11,-128,250,670,9,-674,587,1009,5,-746,1121,4387,3,-2772,5,4013,0,,,,0,11,250,9,587,False
FP1-EXP0005-D-069-ROBUST_2-R2000-T3-U5-PD2500-6500-RB2300-BU2-FL6000-RC2500-RW3000,69,ROBUST_2,FP1-EXP0004-C-382-ROBUST_2-R2000-T3-U5-PD2500-6500-RB2300-BU2-FL6000,2000,3,5,2500,6500,2300,2,6000,2500,3000,3901,6,3821,71,3,0,6,3901,4,170,710,788,3,636,2165,2668,3,526,2420,3771,1,3046,3046,3046,1,2213,2213,2213,0,,,,0,3,2165,3,2420,True
FP1-EXP0005-D-070-ROBUST_2-R2000-T3-U5-PD2500-6500-RB2300-BU2-FL6000-RC2500-RW7000,70,ROBUST_2,FP1-EXP0004-C-382-ROBUST_2-R2000-T3-U5-PD2500-6500-RB2300-BU2-FL6000,2000,3,5,2500,6500,2300,2,6000,2500,7000,3901,9,3821,71,0,0,9,3901,5,170,710,788,5,636,1080,2165,5,526,929,2420,2,-2581,-2581,3046,2,-4375,-4375,2213,0,,,,0,5,1080,5,929,True
FP1-EXP0005-D-071-ROBUST_2-R2000-T3-U5-PD2500-6500-RB2300-BU2-FL6000-RC2500-RW10000,71,ROBUST_2,FP1-EXP0004-C-382-ROBUST_2-R2000-T3-U5-PD2500-6500-RB2300-BU2-FL6000,2000,3,5,2500,6500,2300,2,6000,2500,10000,3901,9,3821,71,0,0,9,3901,5,170,710,788,5,636,1080,2165,5,526,929,2420,2,-2581,-2581,3046,2,-4375,-4375,2213,0,,,,0,5,1080,5,929,True
FP1-EXP0005-D-072-ROBUST_2-R2000-T3-U5-PD2500-6500-RB2300-BU2-FL6000-RC7100-RW10000,72,ROBUST_2,FP1-EXP0004-C-382-ROBUST_2-R2000-T3-U5-PD2500-6500-RB2300-BU2-FL6000,2000,3,5,2500,6500,2300,2,6000,7100,10000,3901,2,3824,74,1,0,2,3901,2,161,161,655,2,-7,-7,358,1,526,526,526,0,,,,0,,,,0,,,,0,2,-7,1,526,False
FP1-EXP0005-D-073-ROBUST_3-R5000-T3-U2-PD2500-6500-RB2300-BU2-FL6000-RC200-RW2000,73,ROBUST_3,FP1-EXP0004-C-532-ROBUST_3-R5000-T3-U2-PD2500-6500-RB2300-BU2-FL6000,5000,3,2,2500,6500,2300,2,6000,200,2000,3901,20,3796,80,5,0,20,3901,14,0,703,1863,9,274,692,1581,7,79,826,1412,5,-10,1121,4950,3,-2772,5,4527,0,,,,0,9,692,7,826,False
FP1-EXP0005-D-074-ROBUST_3-R5000-T3-U2-PD2500-6500-RB2300-BU2-FL6000-RC200-RW2500,74,ROBUST_3,FP1-EXP0004-C-532-ROBUST_3-R5000-T3-U2-PD2500-6500-RB2300-BU2-FL6000,5000,3,2,2500,6500,2300,2,6000,200,2500,3901,21,3796,80,4,0,21,3901,14,0,703,1863,9,274,692,1581,7,79,826,1412,5,-10,1121,4950,3,-2772,5,4527,0,,,,0,9,692,7,826,True
FP1-EXP0005-D-075-ROBUST_3-R5000-T3-U2-PD2500-6500-RB2300-BU2-FL6000-RC200-RW3000,75,ROBUST_3,FP1-EXP0004-C-532-ROBUST_3-R5000-T3-U2-PD2500-6500-RB2300-BU2-FL6000,5000,3,2,2500,6500,2300,2,6000,200,3000,3901,24,3796,80,1,0,24,3901,15,-52,703,1863,10,-153,483,1581,9,79,748,1213,7,-201,1121,4950,5,-2772,5,4527,2,-9251,-9251,-8235,2,10,483,9,748,False
FP1-EXP0005-D-076-ROBUST_3-R5000-T3-U2-PD2500-6500-RB2300-BU2-FL6000-RC200-RW7000,76,ROBUST_3,FP1-EXP0004-C-532-ROBUST_3-R5000-T3-U2-PD2500-6500-RB2300-BU2-FL6000,5000,3,2,2500,6500,2300,2,6000,200,7000,3901,25,3796,80,0,0,25,3901,15,-52,703,1863,10,-153,483,1581,9,79,748,1213,7,-201,1121,4950,5,-2772,5,4527,2,-9251,-9251,-8235,2,10,483,9,748,True
FP1-EXP0005-D-077-ROBUST_3-R5000-T3-U2-PD2500-6500-RB2300-BU2-FL6000-RC200-RW10000,77,ROBUST_3,FP1-EXP0004-C-532-ROBUST_3-R5000-T3-U2-PD2500-6500-RB2300-BU2-FL6000,5000,3,2,2500,6500,2300,2,6000,200,10000,3901,25,3796,80,0,0,25,3901,15,-52,703,1863,10,-153,483,1581,9,79,748,1213,7,-201,1121,4950,5,-2772,5,4527,2,-9251,-9251,-8235,2,10,483,9,748,True
FP1-EXP0005-D-078-ROBUST_3-R5000-T3-U2-PD2500-6500-RB2300-BU2-FL6000-RC500-RW2000,78,ROBUST_3,FP1-EXP0004-C-532-ROBUST_3-R5000-T3-U2-PD2500-6500-RB2300-BU2-FL6000,5000,3,2,2500,6500,2300,2,6000,500,2000,3901,18,3798,80,5,0,18,3901,12,78,703,1520,10,110,274,917,8,-1512,-327,1213,5,-394,1121,4950,3,-2772,5,4527,0,,,,0,10,274,8,-327,False
FP1-EXP0005-D-079-ROBUST_3-R5000-T3-U2-PD2500-6500-RB2300-BU2-FL6000-RC500-RW2500,79,ROBUST_3,FP1-EXP0004-C-532-ROBUST_3-R5000-T3-U2-PD2500-6500-RB2300-BU2-FL6000,5000,3,2,2500,6500,2300,2,6000,500,2500,3901,19,3798,80,4,0,19,3901,12,78,703,1520,10,110,274,917,8,-1512,-327,1213,5,-394,1121,4950,3,-2772,5,4527,0,,,,0,10,274,8,-327,False
FP1-EXP0005-D-080-ROBUST_3-R5000-T3-U2-PD2500-6500-RB2300-BU2-FL6000-RC500-RW3000,80,ROBUST_3,FP1-EXP0004-C-532-ROBUST_3-R5000-T3-U2-PD2500-6500-RB2300-BU2-FL6000,5000,3,2,2500,6500,2300,2,6000,500,3000,3901,22,3798,80,1,0,22,3901,13,78,703,1520,11,-153,274,917,10,-728,-327,1213,7,-394,1121,4950,5,-2772,5,4527,2,-9251,-9251,-8235,2,11,274,10,-327,False
FP1-EXP0005-D-081-ROBUST_3-R5000-T3-U2-PD2500-6500-RB2300-BU2-FL6000-RC500-RW7000,81,ROBUST_3,FP1-EXP0004-C-532-ROBUST_3-R5000-T3-U2-PD2500-6500-RB2300-BU2-FL6000,5000,3,2,2500,6500,2300,2,6000,500,7000,3901,23,3798,80,0,0,23,3901,13,78,703,1520,11,-153,274,917,10,-728,-327,1213,7,-394,1121,4950,5,-2772,5,4527,2,-9251,-9251,-8235,2,11,274,10,-327,False
FP1-EXP0005-D-082-ROBUST_3-R5000-T3-U2-PD2500-6500-RB2300-BU2-FL6000-RC500-RW10000,82,ROBUST_3,FP1-EXP0004-C-532-ROBUST_3-R5000-T3-U2-PD2500-6500-RB2300-BU2-FL6000,5000,3,2,2500,6500,2300,2,6000,500,10000,3901,23,3798,80,0,0,23,3901,13,78,703,1520,11,-153,274,917,10,-728,-327,1213,7,-394,1121,4950,5,-2772,5,4527,2,-9251,-9251,-8235,2,11,274,10,-327,False
FP1-EXP0005-D-083-ROBUST_3-R5000-T3-U2-PD2500-6500-RB2300-BU2-FL6000-RC700-RW2000,83,ROBUST_3,FP1-EXP0004-C-532-ROBUST_3-R5000-T3-U2-PD2500-6500-RB2300-BU2-FL6000,5000,3,2,2500,6500,2300,2,6000,700,2000,3901,16,3798,82,5,0,16,3901,11,166,809,2225,10,110,274,670,8,-1512,-338,1009,5,-469,1121,4387,3,-2772,5,4013,0,,,,0,10,274,8,-338,False
FP1-EXP0005-D-084-ROBUST_3-R5000-T3-U2-PD2500-6500-RB2300-BU2-FL6000-RC700-RW2500,84,ROBUST_3,FP1-EXP0004-C-532-ROBUST_3-R5000-T3-U2-PD2500-6500-RB2300-BU2-FL6000,5000,3,2,2500,6500,2300,2,6000,700,2500,3901,17,3798,82,4,0,17,3901,11,166,809,2225,10,110,274,670,8,-1512,-338,1009,5,-469,1121,4387,3,-2772,5,4013,0,,,,0,10,274,8,-338,False
FP1-EXP0005-D-085-ROBUST_3-R5000-T3-U2-PD2500-6500-RB2300-BU2-FL6000-RC700-RW3000,85,ROBUST_3,FP1-EXP0004-C-532-ROBUST_3-R5000-T3-U2-PD2500-6500-RB2300-BU2-FL6000,5000,3,2,2500,6500,2300,2,6000,700,3000,3901,20,3798,82,1,0,20,3901,12,78,324,1216,11,-153,274,670,10,-728,-338,1009,7,-469,1121,4387,5,-2772,5,4013,2,-9251,-9251,-8235,2,11,274,10,-338,False
FP1-EXP0005-D-086-ROBUST_3-R5000-T3-U2-PD2500-6500-RB2300-BU2-FL6000-RC700-RW7000,86,ROBUST_3,FP1-EXP0004-C-532-ROBUST_3-R5000-T3-U2-PD2500-6500-RB2300-BU2-FL6000,5000,3,2,2500,6500,2300,2,6000,700,7000,3901,21,3798,82,0,0,21,3901,12,78,324,1216,11,-153,274,670,10,-728,-338,1009,7,-469,1121,4387,5,-2772,5,4013,2,-9251,-9251,-8235,2,11,274,10,-338,False
FP1-EXP0005-D-087-ROBUST_3-R5000-T3-U2-PD2500-6500-RB2300-BU2-FL6000-RC700-RW10000,87,ROBUST_3,FP1-EXP0004-C-532-ROBUST_3-R5000-T3-U2-PD2500-6500-RB2300-BU2-FL6000,5000,3,2,2500,6500,2300,2,6000,700,10000,3901,21,3798,82,0,0,21,3901,12,78,324,1216,11,-153,274,670,10,-728,-338,1009,7,-469,1121,4387,5,-2772,5,4013,2,-9251,-9251,-8235,2,11,274,10,-338,False
FP1-EXP0005-D-088-ROBUST_3-R5000-T3-U2-PD2500-6500-RB2300-BU2-FL6000-RC800-RW2000,88,ROBUST_3,FP1-EXP0004-C-532-ROBUST_3-R5000-T3-U2-PD2500-6500-RB2300-BU2-FL6000,5000,3,2,2500,6500,2300,2,6000,800,2000,3901,16,3798,82,5,0,16,3901,11,54,809,2225,10,0,250,670,8,-1584,-338,1009,5,-746,1121,4387,3,-2772,5,4013,0,,,,0,10,250,8,-338,False
FP1-EXP0005-D-089-ROBUST_3-R5000-T3-U2-PD2500-6500-RB2300-BU2-FL6000-RC800-RW2500,89,ROBUST_3,FP1-EXP0004-C-532-ROBUST_3-R5000-T3-U2-PD2500-6500-RB2300-BU2-FL6000,5000,3,2,2500,6500,2300,2,6000,800,2500,3901,17,3798,82,4,0,17,3901,11,54,809,2225,10,0,250,670,8,-1584,-338,1009,5,-746,1121,4387,3,-2772,5,4013,0,,,,0,10,250,8,-338,False
FP1-EXP0005-D-090-ROBUST_3-R5000-T3-U2-PD2500-6500-RB2300-BU2-FL6000-RC800-RW3000,90,ROBUST_3,FP1-EXP0004-C-532-ROBUST_3-R5000-T3-U2-PD2500-6500-RB2300-BU2-FL6000,5000,3,2,2500,6500,2300,2,6000,800,3000,3901,20,3798,82,1,0,20,3901,12,31,324,1216,11,-153,250,670,10,-728,-338,1009,7,-746,1121,4387,5,-2772,5,4013,2,-9251,-9251,-8235,2,11,250,10,-338,False
FP1-EXP0005-D-091-ROBUST_3-R5000-T3-U2-PD2500-6500-RB2300-BU2-FL6000-RC800-RW7000,91,ROBUST_3,FP1-EXP0004-C-532-ROBUST_3-R5000-T3-U2-PD2500-6500-RB2300-BU2-FL6000,5000,3,2,2500,6500,2300,2,6000,800,7000,3901,21,3798,82,0,0,21,3901,12,31,324,1216,11,-153,250,670,10,-728,-338,1009,7,-746,1121,4387,5,-2772,5,4013,2,-9251,-9251,-8235,2,11,250,10,-338,False
FP1-EXP0005-D-092-ROBUST_3-R5000-T3-U2-PD2500-6500-RB2300-BU2-FL6000-RC800-RW10000,92,ROBUST_3,FP1-EXP0004-C-532-ROBUST_3-R5000-T3-U2-PD2500-6500-RB2300-BU2-FL6000,5000,3,2,2500,6500,2300,2,6000,800,10000,3901,21,3798,82,0,0,21,3901,12,31,324,1216,11,-153,250,670,10,-728,-338,1009,7,-746,1121,4387,5,-2772,5,4013,2,-9251,-9251,-8235,2,11,250,10,-338,False
FP1-EXP0005-D-093-ROBUST_3-R5000-T3-U2-PD2500-6500-RB2300-BU2-FL6000-RC2500-RW3000,93,ROBUST_3,FP1-EXP0004-C-532-ROBUST_3-R5000-T3-U2-PD2500-6500-RB2300-BU2-FL6000,5000,3,2,2500,6500,2300,2,6000,2500,3000,3901,8,3804,85,4,0,8,3901,5,170,710,788,4,-188,636,2165,5,526,748,2420,3,-201,3046,3755,3,-3166,2213,13129,2,-9251,-9251,-8235,2,4,636,5,748,False
FP1-EXP0005-D-094-ROBUST_3-R5000-T3-U2-PD2500-6500-RB2300-BU2-FL6000-RC2500-RW7000,94,ROBUST_3,FP1-EXP0004-C-532-ROBUST_3-R5000-T3-U2-PD2500-6500-RB2300-BU2-FL6000,5000,3,2,2500,6500,2300,2,6000,2500,7000,3901,12,3804,85,0,0,12,3901,7,-1931,170,788,6,-815,-188,2165,6,-728,526,2420,4,-2581,-201,3046,4,-4375,-3166,2213,2,-9251,-9251,-8235,2,6,-188,6,526,False
FP1-EXP0005-D-095-ROBUST_3-R5000-T3-U2-PD2500-6500-RB2300-BU2-FL6000-RC2500-RW10000,95,ROBUST_3,FP1-EXP0004-C-532-ROBUST_3-R5000-T3-U2-PD2500-6500-RB2300-BU2-FL6000,5000,3,2,2500,6500,2300,2,6000,2500,10000,3901,12,3804,85,0,0,12,3901,7,-1931,170,788,6,-815,-188,2165,6,-728,526,2420,4,-2581,-201,3046,4,-4375,-3166,2213,2,-9251,-9251,-8235,2,6,-188,6,526,False
FP1-EXP0005-D-096-ROBUST_3-R5000-T3-U2-PD2500-6500-RB2300-BU2-FL6000-RC7100-RW10000,96,ROBUST_3,FP1-EXP0004-C-532-ROBUST_3-R5000-T3-U2-PD2500-6500-RB2300-BU2-FL6000,5000,3,2,2500,6500,2300,2,6000,7100,10000,3901,3,3808,89,1,0,3,3901,2,-2137,-2137,161,3,-1293,-809,-7,2,-3261,-3261,122,2,-4351,-4351,8711,2,-7073,-7073,1730,2,-9488,-9488,-8364,2,3,-809,2,-3261,False
