parameter_set_id,abc_role,min_extension_from_response_bps,max_extension_from_response_bps,candidate_count,h15_observable_n,h15_p50_bps,h30_observable_n,h30_p50_bps,neighbor_count,neighbor_15s_median_of_medians_bps,neighbor_30s_median_of_medians_bps
FP1-EXP0005-D-001-CONTROL-R500-T2-U1-PD1000-9000-RB200-BU1-FL0-RC200-RW2000,CONTROL,200,2000,195,113,194,54,309,2,187,165
FP1-EXP0005-D-002-CONTROL-R500-T2-U1-PD1000-9000-RB200-BU1-FL0-RC200-RW2500,CONTROL,200,2500,205,116,192,58,297,3,182,44
FP1-EXP0005-D-003-CONTROL-R500-T2-U1-PD1000-9000-RB200-BU1-FL0-RC200-RW3000,CONTROL,200,3000,216,122,181,66,44,3,181,44
FP1-EXP0005-D-004-CONTROL-R500-T2-U1-PD1000-9000-RB200-BU1-FL0-RC200-RW7000,CONTROL,200,7000,228,126,181,67,44,3,181,44
FP1-EXP0005-D-005-CONTROL-R500-T2-U1-PD1000-9000-RB200-BU1-FL0-RC200-RW10000,CONTROL,200,10000,230,127,181,67,44,2,152,30
FP1-EXP0005-D-006-CONTROL-R500-T2-U1-PD1000-9000-RB200-BU1-FL0-RC500-RW2000,CONTROL,500,2000,177,100,182,49,33,3,182,33
FP1-EXP0005-D-007-CONTROL-R500-T2-U1-PD1000-9000-RB200-BU1-FL0-RC500-RW2500,CONTROL,500,2500,188,103,182,53,33,4,175,27
FP1-EXP0005-D-008-CONTROL-R500-T2-U1-PD1000-9000-RB200-BU1-FL0-RC500-RW3000,CONTROL,500,3000,200,109,169,61,22,4,152,24
FP1-EXP0005-D-009-CONTROL-R500-T2-U1-PD1000-9000-RB200-BU1-FL0-RC500-RW7000,CONTROL,500,7000,213,114,123,63,16,4,146,19
FP1-EXP0005-D-010-CONTROL-R500-T2-U1-PD1000-9000-RB200-BU1-FL0-RC500-RW10000,CONTROL,500,10000,215,115,123,63,16,3,123,16
FP1-EXP0005-D-011-CONTROL-R500-T2-U1-PD1000-9000-RB200-BU1-FL0-RC700-RW2000,CONTROL,700,2000,167,92,77,46,-70,3,77,22
FP1-EXP0005-D-012-CONTROL-R500-T2-U1-PD1000-9000-RB200-BU1-FL0-RC700-RW2500,CONTROL,700,2500,181,97,77,51,22,4,71,-9
FP1-EXP0005-D-013-CONTROL-R500-T2-U1-PD1000-9000-RB200-BU1-FL0-RC700-RW3000,CONTROL,700,3000,193,103,65,59,-40,4,71,-9
FP1-EXP0005-D-014-CONTROL-R500-T2-U1-PD1000-9000-RB200-BU1-FL0-RC700-RW7000,CONTROL,700,7000,209,111,65,64,-49,4,64,-40
FP1-EXP0005-D-015-CONTROL-R500-T2-U1-PD1000-9000-RB200-BU1-FL0-RC700-RW10000,CONTROL,700,10000,211,112,36,64,-49,3,65,16
FP1-EXP0005-D-016-CONTROL-R500-T2-U1-PD1000-9000-RB200-BU1-FL0-RC800-RW2000,CONTROL,800,2000,156,87,77,44,-70,2,71,-24
FP1-EXP0005-D-017-CONTROL-R500-T2-U1-PD1000-9000-RB200-BU1-FL0-RC800-RW2500,CONTROL,800,2500,171,92,65,49,22,3,77,-40
FP1-EXP0005-D-018-CONTROL-R500-T2-U1-PD1000-9000-RB200-BU1-FL0-RC800-RW3000,CONTROL,800,3000,184,99,65,57,-40,4,65,-9
FP1-EXP0005-D-019-CONTROL-R500-T2-U1-PD1000-9000-RB200-BU1-FL0-RC800-RW7000,CONTROL,800,7000,203,108,63,64,-40,4,65,-9
FP1-EXP0005-D-020-CONTROL-R500-T2-U1-PD1000-9000-RB200-BU1-FL0-RC800-RW10000,CONTROL,800,10000,206,110,63,65,22,3,63,-40
FP1-EXP0005-D-021-CONTROL-R500-T2-U1-PD1000-9000-RB200-BU1-FL0-RC2500-RW3000,CONTROL,2500,3000,53,27,530,20,493,2,157,31
FP1-EXP0005-D-022-CONTROL-R500-T2-U1-PD1000-9000-RB200-BU1-FL0-RC2500-RW7000,CONTROL,2500,7000,121,54,250,41,102,3,250,102
FP1-EXP0005-D-023-CONTROL-R500-T2-U1-PD1000-9000-RB200-BU1-FL0-RC2500-RW10000,CONTROL,2500,10000,128,59,250,45,102,3,63,94
FP1-EXP0005-D-024-CONTROL-R500-T2-U1-PD1000-9000-RB200-BU1-FL0-RC7100-RW10000,CONTROL,7100,10000,36,18,31,16,94,1,250,102
FP1-EXP0005-D-025-ROBUST_1-R1500-T5-U9-PD2500-6500-RB2300-BU2-FL6000-RC200-RW2000,ROBUST_1,200,2000,19,9,741,5,1213,2,575,900
FP1-EXP0005-D-026-ROBUST_1-R1500-T5-U9-PD2500-6500-RB2300-BU2-FL6000-RC200-RW2500,ROBUST_1,200,2500,19,9,741,5,1213,3,741,1213
FP1-EXP0005-D-027-ROBUST_1-R1500-T5-U9-PD2500-6500-RB2300-BU2-FL6000-RC200-RW3000,ROBUST_1,200,3000,19,9,741,5,1213,3,741,1213
FP1-EXP0005-D-028-ROBUST_1-R1500-T5-U9-PD2500-6500-RB2300-BU2-FL6000-RC200-RW7000,ROBUST_1,200,7000,19,9,741,5,1213,3,741,1213
FP1-EXP0005-D-029-ROBUST_1-R1500-T5-U9-PD2500-6500-RB2300-BU2-FL6000-RC200-RW10000,ROBUST_1,200,10000,19,9,741,5,1213,2,575,900
FP1-EXP0005-D-030-ROBUST_1-R1500-T5-U9-PD2500-6500-RB2300-BU2-FL6000-RC500-RW2000,ROBUST_1,500,2000,16,9,410,6,587,3,410,587
FP1-EXP0005-D-031-ROBUST_1-R1500-T5-U9-PD2500-6500-RB2300-BU2-FL6000-RC500-RW2500,ROBUST_1,500,2500,16,9,410,6,587,4,410,587
FP1-EXP0005-D-032-ROBUST_1-R1500-T5-U9-PD2500-6500-RB2300-BU2-FL6000-RC500-RW3000,ROBUST_1,500,3000,16,9,410,6,587,4,410,587
FP1-EXP0005-D-033-ROBUST_1-R1500-T5-U9-PD2500-6500-RB2300-BU2-FL6000-RC500-RW7000,ROBUST_1,500,7000,16,9,410,6,587,4,410,587
FP1-EXP0005-D-034-ROBUST_1-R1500-T5-U9-PD2500-6500-RB2300-BU2-FL6000-RC500-RW10000,ROBUST_1,500,10000,16,9,410,6,587,3,410,587
FP1-EXP0005-D-035-ROBUST_1-R1500-T5-U9-PD2500-6500-RB2300-BU2-FL6000-RC700-RW2000,ROBUST_1,700,2000,15,9,355,6,587,3,355,587
FP1-EXP0005-D-036-ROBUST_1-R1500-T5-U9-PD2500-6500-RB2300-BU2-FL6000-RC700-RW2500,ROBUST_1,700,2500,15,9,355,6,587,4,355,587
FP1-EXP0005-D-037-ROBUST_1-R1500-T5-U9-PD2500-6500-RB2300-BU2-FL6000-RC700-RW3000,ROBUST_1,700,3000,15,9,355,6,587,4,355,587
FP1-EXP0005-D-038-ROBUST_1-R1500-T5-U9-PD2500-6500-RB2300-BU2-FL6000-RC700-RW7000,ROBUST_1,700,7000,15,9,355,6,587,4,355,587
FP1-EXP0005-D-039-ROBUST_1-R1500-T5-U9-PD2500-6500-RB2300-BU2-FL6000-RC700-RW10000,ROBUST_1,700,10000,15,9,355,6,587,3,355,587
FP1-EXP0005-D-040-ROBUST_1-R1500-T5-U9-PD2500-6500-RB2300-BU2-FL6000-RC800-RW2000,ROBUST_1,800,2000,15,8,274,6,587,2,314,587
FP1-EXP0005-D-041-ROBUST_1-R1500-T5-U9-PD2500-6500-RB2300-BU2-FL6000-RC800-RW2500,ROBUST_1,800,2500,15,8,274,6,587,3,274,587
FP1-EXP0005-D-042-ROBUST_1-R1500-T5-U9-PD2500-6500-RB2300-BU2-FL6000-RC800-RW3000,ROBUST_1,800,3000,15,8,274,6,587,4,314,587
FP1-EXP0005-D-043-ROBUST_1-R1500-T5-U9-PD2500-6500-RB2300-BU2-FL6000-RC800-RW7000,ROBUST_1,800,7000,15,8,274,6,587,4,314,587
FP1-EXP0005-D-044-ROBUST_1-R1500-T5-U9-PD2500-6500-RB2300-BU2-FL6000-RC800-RW10000,ROBUST_1,800,10000,15,8,274,6,587,3,355,587
FP1-EXP0005-D-045-ROBUST_1-R1500-T5-U9-PD2500-6500-RB2300-BU2-FL6000-RC2500-RW3000,ROBUST_1,2500,3000,6,3,2165,3,2420,2,677,758
FP1-EXP0005-D-046-ROBUST_1-R1500-T5-U9-PD2500-6500-RB2300-BU2-FL6000-RC2500-RW7000,ROBUST_1,2500,7000,8,4,1080,5,929,3,1080,929
FP1-EXP0005-D-047-ROBUST_1-R1500-T5-U9-PD2500-6500-RB2300-BU2-FL6000-RC2500-RW10000,ROBUST_1,2500,10000,8,4,1080,5,929,3,274,587
FP1-EXP0005-D-048-ROBUST_1-R1500-T5-U9-PD2500-6500-RB2300-BU2-FL6000-RC7100-RW10000,ROBUST_1,7100,10000,2,2,-7,1,526,1,1080,929
FP1-EXP0005-D-049-ROBUST_2-R2000-T3-U5-PD2500-6500-RB2300-BU2-FL6000-RC200-RW2000,ROBUST_2,200,2000,21,10,645,8,826,2,511,706
FP1-EXP0005-D-050-ROBUST_2-R2000-T3-U5-PD2500-6500-RB2300-BU2-FL6000-RC200-RW2500,ROBUST_2,200,2500,22,10,645,8,826,3,645,826
FP1-EXP0005-D-051-ROBUST_2-R2000-T3-U5-PD2500-6500-RB2300-BU2-FL6000-RC200-RW3000,ROBUST_2,200,3000,23,10,645,8,826,3,645,826
FP1-EXP0005-D-052-ROBUST_2-R2000-T3-U5-PD2500-6500-RB2300-BU2-FL6000-RC200-RW7000,ROBUST_2,200,7000,23,10,645,8,826,3,645,826
FP1-EXP0005-D-053-ROBUST_2-R2000-T3-U5-PD2500-6500-RB2300-BU2-FL6000-RC200-RW10000,ROBUST_2,200,10000,23,10,645,8,826,2,511,706
FP1-EXP0005-D-054-ROBUST_2-R2000-T3-U5-PD2500-6500-RB2300-BU2-FL6000-RC500-RW2000,ROBUST_2,500,2000,19,11,377,9,587,3,377,587
FP1-EXP0005-D-055-ROBUST_2-R2000-T3-U5-PD2500-6500-RB2300-BU2-FL6000-RC500-RW2500,ROBUST_2,500,2500,20,11,377,9,587,4,377,587
FP1-EXP0005-D-056-ROBUST_2-R2000-T3-U5-PD2500-6500-RB2300-BU2-FL6000-RC500-RW3000,ROBUST_2,500,3000,21,11,377,9,587,4,377,587
FP1-EXP0005-D-057-ROBUST_2-R2000-T3-U5-PD2500-6500-RB2300-BU2-FL6000-RC500-RW7000,ROBUST_2,500,7000,21,11,377,9,587,4,377,587
FP1-EXP0005-D-058-ROBUST_2-R2000-T3-U5-PD2500-6500-RB2300-BU2-FL6000-RC500-RW10000,ROBUST_2,500,10000,21,11,377,9,587,3,377,587
FP1-EXP0005-D-059-ROBUST_2-R2000-T3-U5-PD2500-6500-RB2300-BU2-FL6000-RC700-RW2000,ROBUST_2,700,2000,18,11,274,9,587,3,274,587
FP1-EXP0005-D-060-ROBUST_2-R2000-T3-U5-PD2500-6500-RB2300-BU2-FL6000-RC700-RW2500,ROBUST_2,700,2500,19,11,274,9,587,4,274,587
FP1-EXP0005-D-061-ROBUST_2-R2000-T3-U5-PD2500-6500-RB2300-BU2-FL6000-RC700-RW3000,ROBUST_2,700,3000,20,11,274,9,587,4,274,587
FP1-EXP0005-D-062-ROBUST_2-R2000-T3-U5-PD2500-6500-RB2300-BU2-FL6000-RC700-RW7000,ROBUST_2,700,7000,20,11,274,9,587,4,274,587
FP1-EXP0005-D-063-ROBUST_2-R2000-T3-U5-PD2500-6500-RB2300-BU2-FL6000-RC700-RW10000,ROBUST_2,700,10000,20,11,274,9,587,3,274,587
FP1-EXP0005-D-064-ROBUST_2-R2000-T3-U5-PD2500-6500-RB2300-BU2-FL6000-RC800-RW2000,ROBUST_2,800,2000,18,11,250,9,587,2,262,587
FP1-EXP0005-D-065-ROBUST_2-R2000-T3-U5-PD2500-6500-RB2300-BU2-FL6000-RC800-RW2500,ROBUST_2,800,2500,19,11,250,9,587,3,250,587
FP1-EXP0005-D-066-ROBUST_2-R2000-T3-U5-PD2500-6500-RB2300-BU2-FL6000-RC800-RW3000,ROBUST_2,800,3000,20,11,250,9,587,4,262,587
FP1-EXP0005-D-067-ROBUST_2-R2000-T3-U5-PD2500-6500-RB2300-BU2-FL6000-RC800-RW7000,ROBUST_2,800,7000,20,11,250,9,587,4,262,587
FP1-EXP0005-D-068-ROBUST_2-R2000-T3-U5-PD2500-6500-RB2300-BU2-FL6000-RC800-RW10000,ROBUST_2,800,10000,20,11,250,9,587,3,274,587
FP1-EXP0005-D-069-ROBUST_2-R2000-T3-U5-PD2500-6500-RB2300-BU2-FL6000-RC2500-RW3000,ROBUST_2,2500,3000,6,3,2165,3,2420,2,665,758
FP1-EXP0005-D-070-ROBUST_2-R2000-T3-U5-PD2500-6500-RB2300-BU2-FL6000-RC2500-RW7000,ROBUST_2,2500,7000,9,5,1080,5,929,3,1080,929
FP1-EXP0005-D-071-ROBUST_2-R2000-T3-U5-PD2500-6500-RB2300-BU2-FL6000-RC2500-RW10000,ROBUST_2,2500,10000,9,5,1080,5,929,3,250,587
FP1-EXP0005-D-072-ROBUST_2-R2000-T3-U5-PD2500-6500-RB2300-BU2-FL6000-RC7100-RW10000,ROBUST_2,7100,10000,2,2,-7,1,526,1,1080,929
FP1-EXP0005-D-073-ROBUST_3-R5000-T3-U2-PD2500-6500-RB2300-BU2-FL6000-RC200-RW2000,ROBUST_3,200,2000,20,9,692,7,826,2,483,249
FP1-EXP0005-D-074-ROBUST_3-R5000-T3-U2-PD2500-6500-RB2300-BU2-FL6000-RC200-RW2500,ROBUST_3,200,2500,21,9,692,7,826,3,483,748
FP1-EXP0005-D-075-ROBUST_3-R5000-T3-U2-PD2500-6500-RB2300-BU2-FL6000-RC200-RW3000,ROBUST_3,200,3000,24,10,483,9,748,3,483,748
FP1-EXP0005-D-076-ROBUST_3-R5000-T3-U2-PD2500-6500-RB2300-BU2-FL6000-RC200-RW7000,ROBUST_3,200,7000,25,10,483,9,748,3,483,748
FP1-EXP0005-D-077-ROBUST_3-R5000-T3-U2-PD2500-6500-RB2300-BU2-FL6000-RC200-RW10000,ROBUST_3,200,10000,25,10,483,9,748,2,378,210
FP1-EXP0005-D-078-ROBUST_3-R5000-T3-U2-PD2500-6500-RB2300-BU2-FL6000-RC500-RW2000,ROBUST_3,500,2000,18,10,274,8,-327,3,274,-327
FP1-EXP0005-D-079-ROBUST_3-R5000-T3-U2-PD2500-6500-RB2300-BU2-FL6000-RC500-RW2500,ROBUST_3,500,2500,19,10,274,8,-327,4,274,-327
FP1-EXP0005-D-080-ROBUST_3-R5000-T3-U2-PD2500-6500-RB2300-BU2-FL6000-RC500-RW3000,ROBUST_3,500,3000,22,11,274,10,-327,4,274,-327
FP1-EXP0005-D-081-ROBUST_3-R5000-T3-U2-PD2500-6500-RB2300-BU2-FL6000-RC500-RW7000,ROBUST_3,500,7000,23,11,274,10,-327,4,274,-327
FP1-EXP0005-D-082-ROBUST_3-R5000-T3-U2-PD2500-6500-RB2300-BU2-FL6000-RC500-RW10000,ROBUST_3,500,10000,23,11,274,10,-327,3,274,-327
FP1-EXP0005-D-083-ROBUST_3-R5000-T3-U2-PD2500-6500-RB2300-BU2-FL6000-RC700-RW2000,ROBUST_3,700,2000,16,10,274,8,-338,3,274,-338
FP1-EXP0005-D-084-ROBUST_3-R5000-T3-U2-PD2500-6500-RB2300-BU2-FL6000-RC700-RW2500,ROBUST_3,700,2500,17,10,274,8,-338,4,274,-338
FP1-EXP0005-D-085-ROBUST_3-R5000-T3-U2-PD2500-6500-RB2300-BU2-FL6000-RC700-RW3000,ROBUST_3,700,3000,20,11,274,10,-338,4,274,-338
FP1-EXP0005-D-086-ROBUST_3-R5000-T3-U2-PD2500-6500-RB2300-BU2-FL6000-RC700-RW7000,ROBUST_3,700,7000,21,11,274,10,-338,4,274,-338
FP1-EXP0005-D-087-ROBUST_3-R5000-T3-U2-PD2500-6500-RB2300-BU2-FL6000-RC700-RW10000,ROBUST_3,700,10000,21,11,274,10,-338,3,274,-338
FP1-EXP0005-D-088-ROBUST_3-R5000-T3-U2-PD2500-6500-RB2300-BU2-FL6000-RC800-RW2000,ROBUST_3,800,2000,16,10,250,8,-338,2,262,-338
FP1-EXP0005-D-089-ROBUST_3-R5000-T3-U2-PD2500-6500-RB2300-BU2-FL6000-RC800-RW2500,ROBUST_3,800,2500,17,10,250,8,-338,3,250,-338
FP1-EXP0005-D-090-ROBUST_3-R5000-T3-U2-PD2500-6500-RB2300-BU2-FL6000-RC800-RW3000,ROBUST_3,800,3000,20,11,250,10,-338,4,262,-338
FP1-EXP0005-D-091-ROBUST_3-R5000-T3-U2-PD2500-6500-RB2300-BU2-FL6000-RC800-RW7000,ROBUST_3,800,7000,21,11,250,10,-338,4,250,-338
FP1-EXP0005-D-092-ROBUST_3-R5000-T3-U2-PD2500-6500-RB2300-BU2-FL6000-RC800-RW10000,ROBUST_3,800,10000,21,11,250,10,-338,3,250,-338
FP1-EXP0005-D-093-ROBUST_3-R5000-T3-U2-PD2500-6500-RB2300-BU2-FL6000-RC2500-RW3000,ROBUST_3,2500,3000,8,4,636,5,748,2,31,94
FP1-EXP0005-D-094-ROBUST_3-R5000-T3-U2-PD2500-6500-RB2300-BU2-FL6000-RC2500-RW7000,ROBUST_3,2500,7000,12,6,-188,6,526,3,250,526
FP1-EXP0005-D-095-ROBUST_3-R5000-T3-U2-PD2500-6500-RB2300-BU2-FL6000-RC2500-RW10000,ROBUST_3,2500,10000,12,6,-188,6,526,3,-188,-338
FP1-EXP0005-D-096-ROBUST_3-R5000-T3-U2-PD2500-6500-RB2300-BU2-FL6000-RC7100-RW10000,ROBUST_3,7100,10000,3,3,-809,2,-3261,1,-188,526
