role,family,variant_id,tp_threshold_bps,fallback_time_stop_ms,fallback_role,clean_path_count,scored_count,unscored_count,tp_hit_count,tp_hit_rate_clean_paths,tp_hit_rate_scored,fallback_exit_count,p10_exit_bps,p25_exit_bps,p50_exit_bps,p75_exit_bps,p90_exit_bps,mean_exit_bps,positive_rate,negative_rate,exit_delay_p50_ms,tp_hit_delay_p50_ms,fallback_mark_age_p50_ms
CONTROL,SINGLE_TP_WITH_TIME_FALLBACK,TP03_T15s,300,15000,PRIMARY_ROBUST_ANCHOR,1036,961,75,647,0.6245173745173745,0.6732570239334027,314,-2187,-18,457,874,2114,214.6066597294485,0.740894901144641,0.2559833506763788,3347,281,2849
CONTROL,SINGLE_TP_WITH_TIME_FALLBACK,TP05_T15s,500,15000,PRIMARY_ROBUST_ANCHOR,1036,961,75,589,0.5685328185328186,0.6129032258064516,372,-2279,-120,577,985,2240,253.8324661810614,0.7200832466181062,0.2767950052029136,5373,1734,2920
CONTROL,SINGLE_TP_WITH_TIME_FALLBACK,TP10_T15s,1000,15000,PRIMARY_ROBUST_ANCHOR,1036,961,75,475,0.4584942084942085,0.49427679500520294,486,-2393,-566,914,1416,2568,344.77315296566076,0.6722164412070759,0.32466181061394384,7585,2908,2993
CONTROL,SINGLE_TP_WITH_TIME_FALLBACK,TP15_T15s,1500,15000,PRIMARY_ROBUST_ANCHOR,1036,961,75,389,0.3754826254826255,0.404786680541103,572,-2602,-784,596,1799,2750,370.72216441207075,0.6420395421436004,0.3548387096774194,8922,3247,2912
CONTROL,SINGLE_TP_WITH_TIME_FALLBACK,TP20_T15s,2000,15000,PRIMARY_ROBUST_ANCHOR,1036,961,75,316,0.305019305019305,0.32882414151925077,645,-2774,-889,433,2203,2997,389.2819979188345,0.6181061394380853,0.37877211238293446,9909,4929,2867
CONTROL,SINGLE_TP_WITH_TIME_FALLBACK,TP30_T15s,3000,15000,PRIMARY_ROBUST_ANCHOR,1036,961,75,208,0.20077220077220076,0.21644120707596254,753,-3028,-1053,326,2486,3693,427.97918834547346,0.6004162330905307,0.3964620187304891,11337,5143,2752
CONTROL,SINGLE_TP_WITH_TIME_FALLBACK,TP03_T5s,300,5000,AGGRESSIVE_SENSITIVITY,1036,767,269,467,0.45077220077220076,0.6088657105606258,300,-1734,-8,400,663,1561,213.58279009126466,0.7444589308996089,0.25554106910039115,918,19,2091
CONTROL,SINGLE_TP_WITH_TIME_FALLBACK,TP05_T5s,500,5000,AGGRESSIVE_SENSITIVITY,1036,767,269,416,0.4015444015444015,0.5423728813559322,351,-1750,-35,523,812,1633,259.2724902216428,0.7327249022164276,0.26597131681877445,2285,34,2127
CONTROL,SINGLE_TP_WITH_TIME_FALLBACK,TP10_T5s,1000,5000,AGGRESSIVE_SENSITIVITY,1036,767,269,301,0.2905405405405405,0.3924380704041721,466,-1823,-86,522,1210,1925,369.503259452412,0.7131681877444589,0.28552803129074317,2682,159,2128
CONTROL,SINGLE_TP_WITH_TIME_FALLBACK,TP15_T5s,1500,5000,AGGRESSIVE_SENSITIVITY,1036,767,269,221,0.2133204633204633,0.288135593220339,546,-1908,-159,432,1570,2255,412.96610169491527,0.6962190352020861,0.30247718383311606,2766,840,2113
CONTROL,SINGLE_TP_WITH_TIME_FALLBACK,TP20_T5s,2000,5000,AGGRESSIVE_SENSITIVITY,1036,767,269,160,0.15444015444015444,0.20860495436766624,607,-1911,-221,404,1614,2551,435.7001303780965,0.6857887874837028,0.31290743155149936,2806,1322,2094
CONTROL,SINGLE_TP_WITH_TIME_FALLBACK,TP30_T5s,3000,5000,AGGRESSIVE_SENSITIVITY,1036,767,269,103,0.09942084942084942,0.13428943937418514,664,-2004,-267,384,1455,3161,496.3833116036506,0.6792698826597132,0.3194263363754889,2861,1447,2074
ROBUST_1,SINGLE_TP_WITH_TIME_FALLBACK,TP03_T15s,300,15000,PRIMARY_ROBUST_ANCHOR,203,200,3,146,0.7192118226600985,0.73,54,-937,205,414,621,840,178.075,0.81,0.19,2499,25,2332
ROBUST_1,SINGLE_TP_WITH_TIME_FALLBACK,TP05_T15s,500,15000,PRIMARY_ROBUST_ANCHOR,203,200,3,129,0.6354679802955665,0.645,71,-1096,65,572,753,959,215.345,0.775,0.225,2926,68,2332
ROBUST_1,SINGLE_TP_WITH_TIME_FALLBACK,TP10_T15s,1000,15000,PRIMARY_ROBUST_ANCHOR,203,200,3,104,0.5123152709359606,0.52,96,-1146,-242,1012,1197,1484,368.19,0.705,0.295,6710,2160,2332
ROBUST_1,SINGLE_TP_WITH_TIME_FALLBACK,TP15_T15s,1500,15000,PRIMARY_ROBUST_ANCHOR,203,200,3,76,0.37438423645320196,0.38,124,-1449,-377,495,1650,2002,427.35,0.67,0.33,10474,2789,2332
ROBUST_1,SINGLE_TP_WITH_TIME_FALLBACK,TP20_T15s,2000,15000,PRIMARY_ROBUST_ANCHOR,203,200,3,61,0.30049261083743845,0.305,139,-1554,-420,379,2038,2352,470.38,0.655,0.345,11280,2949,2332
ROBUST_1,SINGLE_TP_WITH_TIME_FALLBACK,TP30_T15s,3000,15000,PRIMARY_ROBUST_ANCHOR,203,200,3,40,0.19704433497536947,0.2,160,-1662,-496,361,1891,3212,530.43,0.645,0.355,12157,5402,2171
ROBUST_1,SINGLE_TP_WITH_TIME_FALLBACK,TP03_T5s,300,5000,AGGRESSIVE_SENSITIVITY,203,183,20,121,0.5960591133004927,0.6612021857923497,62,-653,94,406,621,840,202.75956284153006,0.819672131147541,0.18032786885245902,84,11,2043
ROBUST_1,SINGLE_TP_WITH_TIME_FALLBACK,TP05_T5s,500,5000,AGGRESSIVE_SENSITIVITY,203,183,20,107,0.5270935960591133,0.5846994535519126,76,-709,71,547,742,944,259.2021857923497,0.8087431693989071,0.1912568306010929,955,19,2036
ROBUST_1,SINGLE_TP_WITH_TIME_FALLBACK,TP10_T5s,1000,5000,AGGRESSIVE_SENSITIVITY,203,183,20,74,0.3645320197044335,0.40437158469945356,109,-759,57,623,1139,1435,425.14207650273227,0.8032786885245902,0.19672131147540983,2786,52,2028
ROBUST_1,SINGLE_TP_WITH_TIME_FALLBACK,TP15_T5s,1500,5000,AGGRESSIVE_SENSITIVITY,203,183,20,50,0.24630541871921183,0.273224043715847,133,-853,24,524,1565,1899,494.95628415300547,0.7759562841530054,0.22404371584699453,2872,169,2026
ROBUST_1,SINGLE_TP_WITH_TIME_FALLBACK,TP20_T5s,2000,5000,AGGRESSIVE_SENSITIVITY,203,183,20,38,0.18719211822660098,0.20765027322404372,145,-965,18,522,1591,2187,530.983606557377,0.7704918032786885,0.22950819672131148,2926,275,2012
ROBUST_1,SINGLE_TP_WITH_TIME_FALLBACK,TP30_T5s,3000,5000,AGGRESSIVE_SENSITIVITY,203,183,20,18,0.08866995073891626,0.09836065573770492,165,-1037,7,473,1312,2924,500.4863387978142,0.7595628415300546,0.24043715846994534,2972,257,2006
ROBUST_2,SINGLE_TP_WITH_TIME_FALLBACK,TP03_T15s,300,15000,PRIMARY_ROBUST_ANCHOR,229,226,3,161,0.7030567685589519,0.7123893805309734,65,-1150,174,411,594,899,104.5,0.7876106194690266,0.21238938053097345,2774,25,2332
ROBUST_2,SINGLE_TP_WITH_TIME_FALLBACK,TP05_T15s,500,15000,PRIMARY_ROBUST_ANCHOR,229,226,3,141,0.6157205240174672,0.6238938053097345,85,-1355,-33,556,753,1057,124.3716814159292,0.7477876106194691,0.252212389380531,3038,72,2373
ROBUST_2,SINGLE_TP_WITH_TIME_FALLBACK,TP10_T15s,1000,15000,PRIMARY_ROBUST_ANCHOR,229,226,3,110,0.48034934497816595,0.48672566371681414,116,-1454,-345,704,1206,1557,233.50884955752213,0.6769911504424779,0.3230088495575221,7949,2457,2379
ROBUST_2,SINGLE_TP_WITH_TIME_FALLBACK,TP15_T15s,1500,15000,PRIMARY_ROBUST_ANCHOR,229,226,3,78,0.3406113537117904,0.34513274336283184,148,-1969,-579,362,1632,2008,252.31415929203538,0.6371681415929203,0.36283185840707965,10617,2789,2373
ROBUST_2,SINGLE_TP_WITH_TIME_FALLBACK,TP20_T15s,2000,15000,PRIMARY_ROBUST_ANCHOR,229,226,3,65,0.2838427947598253,0.28761061946902655,161,-2036,-588,339,2034,2388,300.49557522123894,0.6283185840707964,0.37168141592920356,11273,2872,2345
ROBUST_2,SINGLE_TP_WITH_TIME_FALLBACK,TP30_T15s,3000,15000,PRIMARY_ROBUST_ANCHOR,229,226,3,44,0.19213973799126638,0.19469026548672566,182,-2083,-606,323,1692,3215,377.6858407079646,0.6194690265486725,0.3805309734513274,12168,5023,2327
ROBUST_2,SINGLE_TP_WITH_TIME_FALLBACK,TP03_T5s,300,5000,AGGRESSIVE_SENSITIVITY,229,206,23,132,0.5764192139737991,0.6407766990291263,74,-761,68,387,584,899,160.48543689320388,0.7912621359223301,0.2087378640776699,155,10,2036
ROBUST_2,SINGLE_TP_WITH_TIME_FALLBACK,TP05_T5s,500,5000,AGGRESSIVE_SENSITIVITY,229,206,23,115,0.5021834061135371,0.558252427184466,91,-761,50,526,744,1012,226.89320388349515,0.7864077669902912,0.21359223300970873,966,19,2036
ROBUST_2,SINGLE_TP_WITH_TIME_FALLBACK,TP10_T5s,1000,5000,AGGRESSIVE_SENSITIVITY,229,206,23,76,0.3318777292576419,0.36893203883495146,130,-988,24,495,1108,1435,345.33009708737865,0.7669902912621359,0.23300970873786409,2780,44,2036
ROBUST_2,SINGLE_TP_WITH_TIME_FALLBACK,TP15_T5s,1500,5000,AGGRESSIVE_SENSITIVITY,229,206,23,50,0.2183406113537118,0.24271844660194175,156,-1067,-5,413,1428,1918,400.373786407767,0.7475728155339806,0.2524271844660194,2873,131,2026
ROBUST_2,SINGLE_TP_WITH_TIME_FALLBACK,TP20_T5s,2000,5000,AGGRESSIVE_SENSITIVITY,229,206,23,41,0.17903930131004367,0.19902912621359223,165,-1077,-14,412,1341,2187,434.2135922330097,0.7427184466019418,0.25728155339805825,2918,275,2016
ROBUST_2,SINGLE_TP_WITH_TIME_FALLBACK,TP30_T5s,3000,5000,AGGRESSIVE_SENSITIVITY,229,206,23,21,0.09170305676855896,0.10194174757281553,185,-1181,-41,406,1179,3003,414.52912621359224,0.7330097087378641,0.2669902912621359,2964,332,2009
ROBUST_3,SINGLE_TP_WITH_TIME_FALLBACK,TP03_T15s,300,15000,PRIMARY_ROBUST_ANCHOR,211,208,3,156,0.7393364928909952,0.75,52,-1163,280,457,749,1857,249.89903846153845,0.8125,0.1875,2954,399,2373
ROBUST_3,SINGLE_TP_WITH_TIME_FALLBACK,TP05_T15s,500,15000,PRIMARY_ROBUST_ANCHOR,211,208,3,139,0.6587677725118484,0.6682692307692307,69,-1449,101,624,899,1890,282.63461538461536,0.7788461538461539,0.22115384615384615,3069,955,2403
ROBUST_3,SINGLE_TP_WITH_TIME_FALLBACK,TP10_T15s,1000,15000,PRIMARY_ROBUST_ANCHOR,211,208,3,118,0.5592417061611374,0.5673076923076923,90,-1554,-242,1038,1370,2187,416.74038461538464,0.7259615384615384,0.27403846153846156,6360,2733,2471
ROBUST_3,SINGLE_TP_WITH_TIME_FALLBACK,TP15_T15s,1500,15000,PRIMARY_ROBUST_ANCHOR,211,208,3,87,0.41232227488151657,0.4182692307692308,121,-1969,-517,850,1857,2389,420.375,0.6826923076923077,0.3173076923076923,9669,2999,2437
ROBUST_3,SINGLE_TP_WITH_TIME_FALLBACK,TP20_T15s,2000,15000,PRIMARY_ROBUST_ANCHOR,211,208,3,73,0.3459715639810427,0.35096153846153844,135,-2205,-588,567,2141,2542,429.72596153846155,0.6682692307692307,0.3317307692307692,10857,3113,2390
ROBUST_3,SINGLE_TP_WITH_TIME_FALLBACK,TP30_T15s,3000,15000,PRIMARY_ROBUST_ANCHOR,211,208,3,48,0.22748815165876776,0.23076923076923078,160,-2312,-654,422,2299,3362,494.2644230769231,0.6442307692307693,0.3557692307692308,11824,4887,2373
ROBUST_3,SINGLE_TP_WITH_TIME_FALLBACK,TP03_T5s,300,5000,AGGRESSIVE_SENSITIVITY,211,187,24,121,0.5734597156398105,0.6470588235294118,66,-1077,75,407,706,1435,230.14438502673798,0.7914438502673797,0.20855614973262032,955,22,2043
ROBUST_3,SINGLE_TP_WITH_TIME_FALLBACK,TP05_T5s,500,5000,AGGRESSIVE_SENSITIVITY,211,187,24,107,0.5071090047393365,0.5721925133689839,80,-1209,50,553,794,1537,277.86096256684493,0.7807486631016043,0.2192513368983957,2432,40,2038
ROBUST_3,SINGLE_TP_WITH_TIME_FALLBACK,TP10_T5s,1000,5000,AGGRESSIVE_SENSITIVITY,211,187,24,78,0.3696682464454976,0.41711229946524064,109,-1209,50,625,1246,1890,428.06951871657753,0.7754010695187166,0.22459893048128343,2796,265,2038
ROBUST_3,SINGLE_TP_WITH_TIME_FALLBACK,TP15_T5s,1500,5000,AGGRESSIVE_SENSITIVITY,211,187,24,56,0.26540284360189575,0.2994652406417112,131,-1328,1,525,1624,2187,487.524064171123,0.7540106951871658,0.24598930481283424,2873,1101,2026
ROBUST_3,SINGLE_TP_WITH_TIME_FALLBACK,TP20_T5s,2000,5000,AGGRESSIVE_SENSITIVITY,211,187,24,45,0.2132701421800948,0.24064171122994651,142,-1350,-5,523,1890,2389,509.29411764705884,0.7486631016042781,0.25133689839572193,2920,962,2016
ROBUST_3,SINGLE_TP_WITH_TIME_FALLBACK,TP30_T5s,3000,5000,AGGRESSIVE_SENSITIVITY,211,187,24,24,0.11374407582938388,0.12834224598930483,163,-1368,-47,495,1407,3133,543.8395721925134,0.7379679144385026,0.2620320855614973,2974,1878,2012
