policy_id,policy_fingerprint,family,timeout_origin,timeout_ms,timeout_seconds,tp_bps,sl_bps,trailing_activation_bps,trailing_giveback_bps
TIME_T15S,982e9ce39b81cf55a830bfe8bad2a715e1e8aef43be7d4a156a33725d7751920,TIMEOUT_ONLY,ENTRY_FILL_CLOCK,15000,15,,,,
TIME_T20S,fc5ca2fca651f63c46a9dfcbc2834836b8e29c8ded28045997fa5ae311288847,TIMEOUT_ONLY,ENTRY_FILL_CLOCK,20000,20,,,,
TIME_T30S,20ddfe2a607aff6329809e1acf3f71936b1d39569fa5bc25520eff316e1cdc3a,TIMEOUT_ONLY,ENTRY_FILL_CLOCK,30000,30,,,,
TIME_T45S,09b5d475b6aab419c933fc5b83edd93b80bb8b71c0b829ccde4bd11483b208f6,TIMEOUT_ONLY,ENTRY_FILL_CLOCK,45000,45,,,,
TIME_T60S,94a5c2d837de7ac119e8d0b2a25e2308a93019f6ff83ffd9481238a7816ff05f,TIMEOUT_ONLY,ENTRY_FILL_CLOCK,60000,60,,,,
TIME_T90S,6d3641cb93c065d8ae7a9abab4dc2a699714e1b4d111098ee9bf9c1cf1aa4a3a,TIMEOUT_ONLY,ENTRY_FILL_CLOCK,90000,90,,,,
TIME_T120S,01f6a9ddb1a0a8d332d38f04609fe2937c09796c6e7f12bd270238615bd2a591,TIMEOUT_ONLY,ENTRY_FILL_CLOCK,120000,120,,,,
TP10_T15S,f848e2723e3d3dcc27509c0204164b4d681f254e9e70480c8e92961f4f317c70,TP_TIMEOUT,ENTRY_FILL_CLOCK,15000,15,1000,,,
TP10_T30S,ba5a06e3bcd37670a7c31d29e789f67075944cd607c4dafd16db9bbe040918ab,TP_TIMEOUT,ENTRY_FILL_CLOCK,30000,30,1000,,,
TP10_T60S,6b1c5b591ba8dcef7187326de8cb4db38d32b341b1734376835cf459cc91cec2,TP_TIMEOUT,ENTRY_FILL_CLOCK,60000,60,1000,,,
TP10_T120S,43c6a9da0b0a9c75c380ca8183435f520ac38a2fc3e1f94cfbb6e660b5bf8be6,TP_TIMEOUT,ENTRY_FILL_CLOCK,120000,120,1000,,,
TP15_T15S,6f21dc8e95dd6253d4102b872947700215e22e3da8fcca0ed2b123a12f27974e,TP_TIMEOUT,ENTRY_FILL_CLOCK,15000,15,1500,,,
TP15_T30S,d59ee55390a8a4a9fdf5be0ce487bc3fbeb94a3ac03d2ae4fbc260a9da4f12c5,TP_TIMEOUT,ENTRY_FILL_CLOCK,30000,30,1500,,,
TP15_T60S,a3cd0a9e099b6765f92d9e76c314c188febded6aac63d0e21baba7e74a46cb38,TP_TIMEOUT,ENTRY_FILL_CLOCK,60000,60,1500,,,
TP15_T120S,970115494f88297cc6ae62311f4d462e2ddc2b8998d17e57f6ef9006e8c5b8eb,TP_TIMEOUT,ENTRY_FILL_CLOCK,120000,120,1500,,,
TP20_T15S,1ac586e2cf5bd18588858d34ecf3e205f1703c5c8444c26c38d7a10dc78e3c31,TP_TIMEOUT,ENTRY_FILL_CLOCK,15000,15,2000,,,
TP20_T30S,7d53002eec85ff8ede990cfefac11f49bd4cdef631d12aff6de026e07af18236,TP_TIMEOUT,ENTRY_FILL_CLOCK,30000,30,2000,,,
TP20_T60S,78f8f03ea91a85a642d8bfa906ec9feef78be52d472f0c828bfc8c9e2d082199,TP_TIMEOUT,ENTRY_FILL_CLOCK,60000,60,2000,,,
TP20_T120S,4a39306250374a4dd81774c81c5f25363083dec75040e3d1a64b6c7bc17b8ac0,TP_TIMEOUT,ENTRY_FILL_CLOCK,120000,120,2000,,,
TP25_T15S,4b9634cf2d11890c3d02130149089c8946eef54e9843608ee7d632c6974b916c,TP_TIMEOUT,ENTRY_FILL_CLOCK,15000,15,2500,,,
TP25_T30S,f399eb1d341604c7657dffae9f3d0ab0a75393bcbd402622aebb28f284525672,TP_TIMEOUT,ENTRY_FILL_CLOCK,30000,30,2500,,,
TP25_T60S,2068a07021af05b9df1847538b0f3c0e463126b471cac52601d1df3ba2cc8799,TP_TIMEOUT,ENTRY_FILL_CLOCK,60000,60,2500,,,
TP25_T120S,8862befbdaef20599b2c0d4e1c0109b35b1a933fd225f4955c2fd1f0437bd0f8,TP_TIMEOUT,ENTRY_FILL_CLOCK,120000,120,2500,,,
TP30_T15S,095877d533f0e0d03047870a7af532f83affcf423c794b30cb5dcb4a369c4587,TP_TIMEOUT,ENTRY_FILL_CLOCK,15000,15,3000,,,
TP30_T30S,2552cc5b013028e2dc6b0cdd8d7cc1dda200667e90f3e6a2045ec591285d56f7,TP_TIMEOUT,ENTRY_FILL_CLOCK,30000,30,3000,,,
TP30_T60S,532e445cef6b3eb91579cca7ae6756a9f550daa1387c796e8a67d712ab7ab128,TP_TIMEOUT,ENTRY_FILL_CLOCK,60000,60,3000,,,
TP30_T120S,40cd9052917aea14d953de002ab36cff9249c08f6d1f6e510e0b7b20c9b6a845,TP_TIMEOUT,ENTRY_FILL_CLOCK,120000,120,3000,,,
TP40_T15S,83211bf2c024f992955695d7c085428b10df8e102bcb763fb8e424ca960ccd47,TP_TIMEOUT,ENTRY_FILL_CLOCK,15000,15,4000,,,
TP40_T30S,a3aa2f60599a1efd19c7f332ed3c172abf9d86ddfa9ac13f9432da66091b19c9,TP_TIMEOUT,ENTRY_FILL_CLOCK,30000,30,4000,,,
TP40_T60S,a27f259ddf26335b51d17d8d7cebf0156891b4dd785b0f44864f7aeac919c30e,TP_TIMEOUT,ENTRY_FILL_CLOCK,60000,60,4000,,,
TP40_T120S,858f9c7c33249c457a1c1765f86761ff07ec2dc09a8c957a450076355bb82bdd,TP_TIMEOUT,ENTRY_FILL_CLOCK,120000,120,4000,,,
TP50_T15S,a5531e25160c4fa897a2ea519eab7f0970aaa85afda497b6ee947e998ac1224b,TP_TIMEOUT,ENTRY_FILL_CLOCK,15000,15,5000,,,
TP50_T30S,6cbab3efeb5dc687f1b4415884742d5b1ea878eb7152593e6bd3289b9a4b2bda,TP_TIMEOUT,ENTRY_FILL_CLOCK,30000,30,5000,,,
TP50_T60S,8e37d8d9cb4cd4afea470cc8c0846801ffebbbfc38b9c2627709882bdb638c03,TP_TIMEOUT,ENTRY_FILL_CLOCK,60000,60,5000,,,
TP50_T120S,82cdad0abff2a794de8c561428768712f31ca14af63cd5b86e216ca730844ab2,TP_TIMEOUT,ENTRY_FILL_CLOCK,120000,120,5000,,,
SL10_T15S,d5a27593f824b71a621a2a4e49d03e3799ae9aed42200f472bb145cf60795381,SL_TIMEOUT,ENTRY_FILL_CLOCK,15000,15,,1000,,
SL10_T30S,0053f6f5a7bd43818ef261ff75f1e2fa9b50a978b877ddba895064c972d320b6,SL_TIMEOUT,ENTRY_FILL_CLOCK,30000,30,,1000,,
SL10_T60S,f502622622ae4654bb79fbd771105c9cd8be108e1ad6933add3e0d7401dd9ac0,SL_TIMEOUT,ENTRY_FILL_CLOCK,60000,60,,1000,,
SL10_T120S,729db7ea90114b8a22fa2bfaed4b9996287b220e37c6e5a26ff5387531b4b9ab,SL_TIMEOUT,ENTRY_FILL_CLOCK,120000,120,,1000,,
SL15_T15S,7ab624f2633c106b6106e61fcfa6d72e664c9bbc2a7071211349eb0c51aa7b84,SL_TIMEOUT,ENTRY_FILL_CLOCK,15000,15,,1500,,
SL15_T30S,64075b3456b365183205ffe28782d886010ae8d18c07b2605d679382030843b2,SL_TIMEOUT,ENTRY_FILL_CLOCK,30000,30,,1500,,
SL15_T60S,bd8ac3249df709cf0ba36ccc766481e4e7e38d55c50b0820e22fd68158413d05,SL_TIMEOUT,ENTRY_FILL_CLOCK,60000,60,,1500,,
SL15_T120S,cb0b9da01ef7a8257a2feb6ef973174d2f37eaf26d4ec2c8c428a5d07a769e79,SL_TIMEOUT,ENTRY_FILL_CLOCK,120000,120,,1500,,
SL20_T15S,8aef21acba57c56b0560301c34a45de46a340b863c137c8281423b187ba328b8,SL_TIMEOUT,ENTRY_FILL_CLOCK,15000,15,,2000,,
SL20_T30S,775c3ee1e19df173c224f808cd04fac60f3d1f01236bb19f238e9fcd33ca3ec4,SL_TIMEOUT,ENTRY_FILL_CLOCK,30000,30,,2000,,
SL20_T60S,40c3fbcde793511ff04345debdc7292d17c8541d4d3edf1a1cc702335b79b260,SL_TIMEOUT,ENTRY_FILL_CLOCK,60000,60,,2000,,
SL20_T120S,9554ea4b41a016f6ee06390b89bc0ed30bc479838abba85a69462d4912a872a2,SL_TIMEOUT,ENTRY_FILL_CLOCK,120000,120,,2000,,
SL25_T15S,dfeb2fc75266d56c8237211e08d0fac8cd1c248b96955de7e297627855e2b7ce,SL_TIMEOUT,ENTRY_FILL_CLOCK,15000,15,,2500,,
SL25_T30S,e3875eb3c91c2171fedf37b9b8de2f4e932b17b7a764cc3daf3f73efbd3a8a16,SL_TIMEOUT,ENTRY_FILL_CLOCK,30000,30,,2500,,
SL25_T60S,417cf5543a39a13dfd1a33f3410265f0780a38a6eb9cc8582c32ea8d966a3b7a,SL_TIMEOUT,ENTRY_FILL_CLOCK,60000,60,,2500,,
SL25_T120S,fc2786b1ce781ea77307fd57e4e46fceb0f6308261ebda968f941c902fc931b4,SL_TIMEOUT,ENTRY_FILL_CLOCK,120000,120,,2500,,
SL30_T15S,68897a3f2c348c0a834edc31317bf8e3b686088a5d79e94d673cb00ae33bf9b8,SL_TIMEOUT,ENTRY_FILL_CLOCK,15000,15,,3000,,
SL30_T30S,36001f7b4db15769568d40884a2cab8986bed7353ab637af97e1773586792910,SL_TIMEOUT,ENTRY_FILL_CLOCK,30000,30,,3000,,
SL30_T60S,1ad5e1ac4ff0f920f8a36ee7850da24c7d024a543f43287f1aeb9c06d7668eb4,SL_TIMEOUT,ENTRY_FILL_CLOCK,60000,60,,3000,,
SL30_T120S,8bc0ae9ee0db30382b0e32f6e9e986ac0e1e460743e81a0dd39ff7ef6d357737,SL_TIMEOUT,ENTRY_FILL_CLOCK,120000,120,,3000,,
SL40_T15S,4fe68f9e9b5bf5e64ca1dda7a2e3d270a35792c66150db961325674f6b38ab78,SL_TIMEOUT,ENTRY_FILL_CLOCK,15000,15,,4000,,
SL40_T30S,d2a5f83b5b03b756abca3b8d64950e0b33f4e87d6c41affdaf71722fa58533ba,SL_TIMEOUT,ENTRY_FILL_CLOCK,30000,30,,4000,,
SL40_T60S,694f50c0d4a067cda7355be579bb78eeb8b779012f244790e4afd236d35a7df9,SL_TIMEOUT,ENTRY_FILL_CLOCK,60000,60,,4000,,
SL40_T120S,6a62b7dc38ac185a745c1428275b34397f0ecb2adb1b9625431614e4b6c1086a,SL_TIMEOUT,ENTRY_FILL_CLOCK,120000,120,,4000,,
TP10_SL10_T15S,597250bad50afd21864a1a1a6537f782901e869dd20af08688cf95a10fe465fa,TP_SL_TIMEOUT,ENTRY_FILL_CLOCK,15000,15,1000,1000,,
TP10_SL10_T30S,69001371a4162819c18bbd87591827d487413647ab1cf05d300e2a8595379056,TP_SL_TIMEOUT,ENTRY_FILL_CLOCK,30000,30,1000,1000,,
TP10_SL10_T60S,78b33cd630ea4335d6aaa1bbafdb6c2157f3c68f91f5b57d0ae6de0e6a8eb63d,TP_SL_TIMEOUT,ENTRY_FILL_CLOCK,60000,60,1000,1000,,
TP10_SL10_T120S,caafa715e6c90c15d229ffc4b0975b088f77a85b4cd5b350a392bf6e3d417065,TP_SL_TIMEOUT,ENTRY_FILL_CLOCK,120000,120,1000,1000,,
TP10_SL15_T15S,efbe30a87d163132bd4777b1a8e28d99cf50240ba73f1203b775b440b6cfbc7e,TP_SL_TIMEOUT,ENTRY_FILL_CLOCK,15000,15,1000,1500,,
TP10_SL15_T30S,a1b989e221e9911c27e3ec633194fcec31a47c36dd32eb39b175d2ab632554e9,TP_SL_TIMEOUT,ENTRY_FILL_CLOCK,30000,30,1000,1500,,
TP10_SL15_T60S,b1717d043a734060a1998c9197ae99561cbaa183bc823ad599ef3e981bff2da1,TP_SL_TIMEOUT,ENTRY_FILL_CLOCK,60000,60,1000,1500,,
TP10_SL15_T120S,ac656621e20560ca7d82fe3b1cf53cb1b42d524e219b542c088c1c08306bd7e8,TP_SL_TIMEOUT,ENTRY_FILL_CLOCK,120000,120,1000,1500,,
TP10_SL20_T15S,1f2e6db16291e893ddc8f6c62bff5ba2ad14581261b632030ea5710453994bda,TP_SL_TIMEOUT,ENTRY_FILL_CLOCK,15000,15,1000,2000,,
TP10_SL20_T30S,103bde8ce86beb4c6e07984fcd43012eb0669aa80570b950381332ed17c70b7a,TP_SL_TIMEOUT,ENTRY_FILL_CLOCK,30000,30,1000,2000,,
TP10_SL20_T60S,79401f9d06318075550526d85faf2dd432f5f86451575418bbb655c096e11834,TP_SL_TIMEOUT,ENTRY_FILL_CLOCK,60000,60,1000,2000,,
TP10_SL20_T120S,7db7231dc493c627e69a5895b90309ea8a84dc2b779d2d99c76e279ce0382cf8,TP_SL_TIMEOUT,ENTRY_FILL_CLOCK,120000,120,1000,2000,,
TP10_SL25_T15S,2c39a38a4e68734b5046231c3ef15c7f4c19cd17adbd82171bb34481feb04a85,TP_SL_TIMEOUT,ENTRY_FILL_CLOCK,15000,15,1000,2500,,
TP10_SL25_T30S,95aca0bf7cbd53f6793b7f917535f8fa8ae8ab443ba737e3cacf5e23d09cdf68,TP_SL_TIMEOUT,ENTRY_FILL_CLOCK,30000,30,1000,2500,,
TP10_SL25_T60S,46195ea9fa45317011c6cfef3df7dbab2f2379f6137efef11654d4ecd002a759,TP_SL_TIMEOUT,ENTRY_FILL_CLOCK,60000,60,1000,2500,,
TP10_SL25_T120S,6c9eab64e4c15c00919ce9820b300b89097eaab45c9dc15fa7bdee68f57b8b3a,TP_SL_TIMEOUT,ENTRY_FILL_CLOCK,120000,120,1000,2500,,
TP10_SL30_T15S,88dca44cc28fbb632cbc0dc6abbd6af8439b7366493a6ae88ab8e3f170588ae6,TP_SL_TIMEOUT,ENTRY_FILL_CLOCK,15000,15,1000,3000,,
TP10_SL30_T30S,5523156c042a9a15d63a8c91315e26efbcea8760bb676b7ddc3314ae40c37bd9,TP_SL_TIMEOUT,ENTRY_FILL_CLOCK,30000,30,1000,3000,,
TP10_SL30_T60S,1d4b9b9e1478270d04c8e2777affe6576ab1c1d090d3a355b3662a1931d2d21d,TP_SL_TIMEOUT,ENTRY_FILL_CLOCK,60000,60,1000,3000,,
TP10_SL30_T120S,b4c225805b7bcfdc97a2886f31ce187e92df85e1d9411d321c30fbdc7b56e15a,TP_SL_TIMEOUT,ENTRY_FILL_CLOCK,120000,120,1000,3000,,
TP10_SL40_T15S,ee6c6c00ed9338ea44256af8e1710daa293c094dfde13f217c12609ebbff3078,TP_SL_TIMEOUT,ENTRY_FILL_CLOCK,15000,15,1000,4000,,
TP10_SL40_T30S,ce9c6b631f43347f3e309e9ea4e19d4d43d3c654687ed6a0ccd8ba485f8c0c92,TP_SL_TIMEOUT,ENTRY_FILL_CLOCK,30000,30,1000,4000,,
TP10_SL40_T60S,5aa930e09a084e9693f6badfee19d49aeac067a57f789bc41cdd39ed514758dd,TP_SL_TIMEOUT,ENTRY_FILL_CLOCK,60000,60,1000,4000,,
TP10_SL40_T120S,e531c2ee4768f4f2f80b3b2fec723b5a9763efff7bbda6a1b5cb64c4afe83fee,TP_SL_TIMEOUT,ENTRY_FILL_CLOCK,120000,120,1000,4000,,
TP15_SL10_T15S,684f52dd74557005c4abd5bb6c68718b7b592f9133bfa0e5b9643b040cf3b883,TP_SL_TIMEOUT,ENTRY_FILL_CLOCK,15000,15,1500,1000,,
TP15_SL10_T30S,e9c30648408d339301d83583cba69f9f1f58be322464247365a180f13d81916f,TP_SL_TIMEOUT,ENTRY_FILL_CLOCK,30000,30,1500,1000,,
TP15_SL10_T60S,cc79ec1d8d735b60cf38dd7bc704080a7d20ab3d1ff225d9a090255963d453a5,TP_SL_TIMEOUT,ENTRY_FILL_CLOCK,60000,60,1500,1000,,
TP15_SL10_T120S,366bbd90be9ce5fff6c11c0834dd8087ac9910899eb5db383a6c608788279e09,TP_SL_TIMEOUT,ENTRY_FILL_CLOCK,120000,120,1500,1000,,
TP15_SL15_T15S,3a86cbd50109803537a8529ca8e87127eaf81966ed7856f1c9ae9a60ef954fca,TP_SL_TIMEOUT,ENTRY_FILL_CLOCK,15000,15,1500,1500,,
TP15_SL15_T30S,3043c713d0c966689793bf14b1da6403f981ec1994df4b92e61b91d1feb724b7,TP_SL_TIMEOUT,ENTRY_FILL_CLOCK,30000,30,1500,1500,,
TP15_SL15_T60S,8cd73897925e2dc151d978c8432a015d1f11fd0b0b0491e23760c84711d68e20,TP_SL_TIMEOUT,ENTRY_FILL_CLOCK,60000,60,1500,1500,,
TP15_SL15_T120S,dd03c51d078182928be53f2acb3e67959735db275b90f35ed2267bc68841e603,TP_SL_TIMEOUT,ENTRY_FILL_CLOCK,120000,120,1500,1500,,
TP15_SL20_T15S,78bb302d71db9b3a67bcb9bae3290077c257823a1b058206c9bbf7c8e9204416,TP_SL_TIMEOUT,ENTRY_FILL_CLOCK,15000,15,1500,2000,,
TP15_SL20_T30S,11fba0a285874623cb5a6ad2e9026e91905cfe592fa219082b47c593316d0f1b,TP_SL_TIMEOUT,ENTRY_FILL_CLOCK,30000,30,1500,2000,,
TP15_SL20_T60S,ea5842a345389a858af47afeff15d38f1e9299c54a009843916930d19b72076a,TP_SL_TIMEOUT,ENTRY_FILL_CLOCK,60000,60,1500,2000,,
TP15_SL20_T120S,d408cc7d6e47871e559313fa889a96991f973e07e0f6b37cd6a1ea8f7af3dde1,TP_SL_TIMEOUT,ENTRY_FILL_CLOCK,120000,120,1500,2000,,
TP15_SL25_T15S,bd4d7dbbc1b759dca93c489cb952c9453d9de8e164a51ee36f12a29f76c33faa,TP_SL_TIMEOUT,ENTRY_FILL_CLOCK,15000,15,1500,2500,,
TP15_SL25_T30S,868122e80cd2926f276082d108411e338ad6cddca340fa940cec66b150e10543,TP_SL_TIMEOUT,ENTRY_FILL_CLOCK,30000,30,1500,2500,,
TP15_SL25_T60S,f5caaac0181765bd5bd440b690a87179d767246488a437584b3ec557deea575a,TP_SL_TIMEOUT,ENTRY_FILL_CLOCK,60000,60,1500,2500,,
TP15_SL25_T120S,95798508fdabb3b9e8a62479c779871728e0d6e6e66faf5ce2edf236478911d8,TP_SL_TIMEOUT,ENTRY_FILL_CLOCK,120000,120,1500,2500,,
TP15_SL30_T15S,686135c75a98b3a9c6c18930b3eaeed16fba08dceac07e8f977de9a5e57252a0,TP_SL_TIMEOUT,ENTRY_FILL_CLOCK,15000,15,1500,3000,,
TP15_SL30_T30S,f8cfccfd946f55b5cfe813922ffa7c4b6c7575be01545a3dc0bea671922c2c45,TP_SL_TIMEOUT,ENTRY_FILL_CLOCK,30000,30,1500,3000,,
TP15_SL30_T60S,bcb7d7cf73234ce8624174b65935620a433b0b003d511e8d694501593c152de7,TP_SL_TIMEOUT,ENTRY_FILL_CLOCK,60000,60,1500,3000,,
TP15_SL30_T120S,66f97067b84f24d30fc6ac645cfbd4b18e222ba6b1f94c583cff8453849dfb7d,TP_SL_TIMEOUT,ENTRY_FILL_CLOCK,120000,120,1500,3000,,
TP15_SL40_T15S,388dbee8a793c1f8752e3abd56692cd6d3dd24dc208fe8a7a807a94410f37f6f,TP_SL_TIMEOUT,ENTRY_FILL_CLOCK,15000,15,1500,4000,,
TP15_SL40_T30S,94e980b829c6e3e8eeb96a5b656868e73037ac2501c05b44a82419b4ae0c2a52,TP_SL_TIMEOUT,ENTRY_FILL_CLOCK,30000,30,1500,4000,,
TP15_SL40_T60S,cee397c211ce4e44be92cbe54209cc85bf812be9f54e004668a7aa49ea26f753,TP_SL_TIMEOUT,ENTRY_FILL_CLOCK,60000,60,1500,4000,,
TP15_SL40_T120S,81257ec1a3befae19103511471e1f54bfab2fa1050ca7bab6cf08ac72991c85f,TP_SL_TIMEOUT,ENTRY_FILL_CLOCK,120000,120,1500,4000,,
TP20_SL10_T15S,d889c217ffe2d6f88e5163a5ce06a2d35dbd8edcf1c4019a7c2b56259fa1068b,TP_SL_TIMEOUT,ENTRY_FILL_CLOCK,15000,15,2000,1000,,
TP20_SL10_T30S,fa930c2ea747f58e365fdc6560e35cab81c730ebf3c68c530a97f621cac0f773,TP_SL_TIMEOUT,ENTRY_FILL_CLOCK,30000,30,2000,1000,,
TP20_SL10_T60S,aa5f91115c0b066ab7f8e858b4d9ae82aed30e7674708bc8d315da8bb1437b90,TP_SL_TIMEOUT,ENTRY_FILL_CLOCK,60000,60,2000,1000,,
TP20_SL10_T120S,9151b950cdd6d4beb1e37fbed2fba355dd8d0ae8b1547cc207f75cf7dce09a61,TP_SL_TIMEOUT,ENTRY_FILL_CLOCK,120000,120,2000,1000,,
TP20_SL15_T15S,3611223b6f2585460ecfbdd062cb1125cb509019fc539791ec195306db7a33e1,TP_SL_TIMEOUT,ENTRY_FILL_CLOCK,15000,15,2000,1500,,
TP20_SL15_T30S,d50bb388e4e200ee773b4b1ae53b8619237cb80e1ca1ae65544977a8c871427a,TP_SL_TIMEOUT,ENTRY_FILL_CLOCK,30000,30,2000,1500,,
TP20_SL15_T60S,a80282d44af3a106b0b9d7441bacff90a56b835da67729261fb9f0e976cc49c6,TP_SL_TIMEOUT,ENTRY_FILL_CLOCK,60000,60,2000,1500,,
TP20_SL15_T120S,a9fa035d8de4fbf1f9cb9767cec408d0e10277a2793972ee17c1c496f60b8a1f,TP_SL_TIMEOUT,ENTRY_FILL_CLOCK,120000,120,2000,1500,,
TP20_SL20_T15S,e8d9171ae0081b544cf687bb535cf814c816b107f5fa71a0d1a892919c2c5403,TP_SL_TIMEOUT,ENTRY_FILL_CLOCK,15000,15,2000,2000,,
TP20_SL20_T30S,449cc1868a62ffdd3e06a30937198a1bc960faf84fbfe532e9d5492b23d90744,TP_SL_TIMEOUT,ENTRY_FILL_CLOCK,30000,30,2000,2000,,
TP20_SL20_T60S,f096fbda9d00ffd2e6a170ad830d64462fef2e2a6037ff3c6d053121422e46f8,TP_SL_TIMEOUT,ENTRY_FILL_CLOCK,60000,60,2000,2000,,
TP20_SL20_T120S,f5c6ec6025036407e2f818ba39e3008e11342b7edd4b7ad9396c3429fda44605,TP_SL_TIMEOUT,ENTRY_FILL_CLOCK,120000,120,2000,2000,,
TP20_SL25_T15S,65a0a2ee417a7c669cb73bfe2737ff10a0afdb5dd91faf41cfb1ea99ec2a5461,TP_SL_TIMEOUT,ENTRY_FILL_CLOCK,15000,15,2000,2500,,
TP20_SL25_T30S,220385d707ee45b4ed9e1d4f1c61d5fe5e868ba0e010802cb6a6d9b4d387d287,TP_SL_TIMEOUT,ENTRY_FILL_CLOCK,30000,30,2000,2500,,
TP20_SL25_T60S,a45dd8cbbe35c85a942754395f7816a8e454776443cbdf43c7cfff640d5ef31c,TP_SL_TIMEOUT,ENTRY_FILL_CLOCK,60000,60,2000,2500,,
TP20_SL25_T120S,d5281aa32bac89cab14c758b4cc18efc94a3e9f22fa7dad599c93b681609ee3e,TP_SL_TIMEOUT,ENTRY_FILL_CLOCK,120000,120,2000,2500,,
TP20_SL30_T15S,51e7d7a6c44520894d1ee68eef20cad1c04e43ff5c8a9dfc71676ac01b91af6f,TP_SL_TIMEOUT,ENTRY_FILL_CLOCK,15000,15,2000,3000,,
TP20_SL30_T30S,f2dd7ecd66f437b94537e00d903ad55080be844b8aac19bbf36c7ea7c3d9a537,TP_SL_TIMEOUT,ENTRY_FILL_CLOCK,30000,30,2000,3000,,
TP20_SL30_T60S,c4bc85ff89e3b28f414d46482da9391571a5be0ebd760d7195585087d7103f82,TP_SL_TIMEOUT,ENTRY_FILL_CLOCK,60000,60,2000,3000,,
TP20_SL30_T120S,bacd23e4f89729b75ebd5ae41a3fe7652ee60613e72abc25ff478b5faa52c0fa,TP_SL_TIMEOUT,ENTRY_FILL_CLOCK,120000,120,2000,3000,,
TP20_SL40_T15S,3b879b11ed55fc78347abae72338527d26a6334933410fb1902b8b1cd6dcf7e6,TP_SL_TIMEOUT,ENTRY_FILL_CLOCK,15000,15,2000,4000,,
TP20_SL40_T30S,d71d2629c0c7c90848d75bffe80af8ec5f019ba74b6772c062189a21201c6dde,TP_SL_TIMEOUT,ENTRY_FILL_CLOCK,30000,30,2000,4000,,
TP20_SL40_T60S,42297a716fe85cd1488e26d70e9992b62ebea09a223365b7fde8ef23dedbbb03,TP_SL_TIMEOUT,ENTRY_FILL_CLOCK,60000,60,2000,4000,,
TP20_SL40_T120S,9288e28fad07260a1aedf7903b6a81de16d6d880425e7a926fe55943acf014d5,TP_SL_TIMEOUT,ENTRY_FILL_CLOCK,120000,120,2000,4000,,
TP25_SL10_T15S,f58dd7e1d53840fb913cac9bdb1e1ec80fb24a27a3608bb9680dfaa7429de9e9,TP_SL_TIMEOUT,ENTRY_FILL_CLOCK,15000,15,2500,1000,,
TP25_SL10_T30S,ebf7fab8c8d17945d4c996c360f54b4a94442de1dc6fc05e7aa3b5b8dee2fbaa,TP_SL_TIMEOUT,ENTRY_FILL_CLOCK,30000,30,2500,1000,,
TP25_SL10_T60S,69390492eead5df6bdd0a6a1f40bec78a2afd91daa16fc8f01fc127fc0dff53d,TP_SL_TIMEOUT,ENTRY_FILL_CLOCK,60000,60,2500,1000,,
TP25_SL10_T120S,e79a087d573fcaa3246ae1ad3117644b3f0b99a72854cc037754a43a8069d046,TP_SL_TIMEOUT,ENTRY_FILL_CLOCK,120000,120,2500,1000,,
TP25_SL15_T15S,7ec8caa09070c304a1e33d444454488e701d042c84898289a7f53ff5c4e33ea4,TP_SL_TIMEOUT,ENTRY_FILL_CLOCK,15000,15,2500,1500,,
TP25_SL15_T30S,186a589e3835583a7a8269ba68f45a154ef4536f1222c6d02516b5d046a66b79,TP_SL_TIMEOUT,ENTRY_FILL_CLOCK,30000,30,2500,1500,,
TP25_SL15_T60S,e8bcbae66674caada5c58ea976399bd0df2eea319bca0aebd63f4aa78f104d17,TP_SL_TIMEOUT,ENTRY_FILL_CLOCK,60000,60,2500,1500,,
TP25_SL15_T120S,7456c70237c96b4eeaa87cc893a2052a9de2a4a13f98dcad62d18b66db8e895b,TP_SL_TIMEOUT,ENTRY_FILL_CLOCK,120000,120,2500,1500,,
TP25_SL20_T15S,5fb592fe0d294250abb0f1147c9b468232689aac000ea43215d2c44da3eaaeda,TP_SL_TIMEOUT,ENTRY_FILL_CLOCK,15000,15,2500,2000,,
TP25_SL20_T30S,7d2ed81d41aef9925112446864690cd371eec484346bfbb18b37b8fc0bb8aa94,TP_SL_TIMEOUT,ENTRY_FILL_CLOCK,30000,30,2500,2000,,
TP25_SL20_T60S,fccd4fa31cab45515d1fc89a6002d59417b23a492f1f6d5771d4bbfca66377d6,TP_SL_TIMEOUT,ENTRY_FILL_CLOCK,60000,60,2500,2000,,
TP25_SL20_T120S,02326822a112d10e4da33e030770611bef5ad2f1702b0a43fc855e9a94026f4e,TP_SL_TIMEOUT,ENTRY_FILL_CLOCK,120000,120,2500,2000,,
TP25_SL25_T15S,5a9e1c1c1815e4a14bc2aadf54193971e5e8f7aad4ed7697150659a0edfc2112,TP_SL_TIMEOUT,ENTRY_FILL_CLOCK,15000,15,2500,2500,,
TP25_SL25_T30S,73e1ec6bb4678f1db90bd7dbe1f0719f0fd9ade0f538151298e6f9ccd2e3852e,TP_SL_TIMEOUT,ENTRY_FILL_CLOCK,30000,30,2500,2500,,
TP25_SL25_T60S,6eaec2bca96d075197c31a5632878b79a82a3283b3a7fd743efbac7e31065321,TP_SL_TIMEOUT,ENTRY_FILL_CLOCK,60000,60,2500,2500,,
TP25_SL25_T120S,c3f23a334530a8be3b66fe7a82bfe740869753f7e69a94900db8e5f3021bfe8d,TP_SL_TIMEOUT,ENTRY_FILL_CLOCK,120000,120,2500,2500,,
TP25_SL30_T15S,a8ce8a2fb1142728fff6d598e88c02d9183ba47b59c594a458d1416e93813fb8,TP_SL_TIMEOUT,ENTRY_FILL_CLOCK,15000,15,2500,3000,,
TP25_SL30_T30S,bfc23b55c6f353918fc2c0f257a11b5b79e67014b14deaac9533fbbaff047afa,TP_SL_TIMEOUT,ENTRY_FILL_CLOCK,30000,30,2500,3000,,
TP25_SL30_T60S,03cd741db51e66b6d60e2faeee81b89e07f6c3113dbed58ad561a5f234999896,TP_SL_TIMEOUT,ENTRY_FILL_CLOCK,60000,60,2500,3000,,
TP25_SL30_T120S,42ec30467e65c31f5e2f8ce44b20757aa481cb6c6b73a8d79778438aa5c376a1,TP_SL_TIMEOUT,ENTRY_FILL_CLOCK,120000,120,2500,3000,,
TP25_SL40_T15S,3242cd6d360f003c3cbf389585a14b3aa044aa1a68043516191c238f11ef911d,TP_SL_TIMEOUT,ENTRY_FILL_CLOCK,15000,15,2500,4000,,
TP25_SL40_T30S,c25bbdf33d388c8e247200de8aed232e4130e2631f346c2e85eb424a9edb8139,TP_SL_TIMEOUT,ENTRY_FILL_CLOCK,30000,30,2500,4000,,
TP25_SL40_T60S,456e7244272c8d6eea4bc15fec23d5e8bc7bd2f0edc4a9caacb421af88c8a08a,TP_SL_TIMEOUT,ENTRY_FILL_CLOCK,60000,60,2500,4000,,
TP25_SL40_T120S,b7c6f962c73e574f76c78318553d36969bf9ff5d8f6e501fbcfb7b15cc573c83,TP_SL_TIMEOUT,ENTRY_FILL_CLOCK,120000,120,2500,4000,,
TP30_SL10_T15S,da6bbf96999cf2268f224029ae235b5814211ae37c4227aa8646c4a4190a0e90,TP_SL_TIMEOUT,ENTRY_FILL_CLOCK,15000,15,3000,1000,,
TP30_SL10_T30S,6a3ecbc0af04d7db2a453eb827ab817d49b707361f4ad99f09d6f02cdf5835b1,TP_SL_TIMEOUT,ENTRY_FILL_CLOCK,30000,30,3000,1000,,
TP30_SL10_T60S,50561eb8c2b6d7724dc532c488934ca2297d0a67dcb661796f8908c24e4069cf,TP_SL_TIMEOUT,ENTRY_FILL_CLOCK,60000,60,3000,1000,,
TP30_SL10_T120S,87a5125e859ffed35e7c377c1e41189d3aa3adc002ceac9a20d8f7fcf7c665e5,TP_SL_TIMEOUT,ENTRY_FILL_CLOCK,120000,120,3000,1000,,
TP30_SL15_T15S,e2e835692e57f78c6c15fea1912e25bcf00ca615aa7f3b950184037fb0171979,TP_SL_TIMEOUT,ENTRY_FILL_CLOCK,15000,15,3000,1500,,
TP30_SL15_T30S,ffc5f0073daaee27c1301be34ff1c4a350376d377911c7b4309e512f0150a45d,TP_SL_TIMEOUT,ENTRY_FILL_CLOCK,30000,30,3000,1500,,
TP30_SL15_T60S,0f587e4bc0136f7681b9ecdd2ed019692adc559bcb27c6d67176eb740b2bf96f,TP_SL_TIMEOUT,ENTRY_FILL_CLOCK,60000,60,3000,1500,,
TP30_SL15_T120S,25863a176b32d6e66e6a4e366c6d5ce978a52874d85aa2c73dcf9a58f9ad1509,TP_SL_TIMEOUT,ENTRY_FILL_CLOCK,120000,120,3000,1500,,
TP30_SL20_T15S,ef255325f52112f42816b30801b87a4b0b5b00392254defa81bf5aefbe733957,TP_SL_TIMEOUT,ENTRY_FILL_CLOCK,15000,15,3000,2000,,
TP30_SL20_T30S,6ee26dade3f06cd152329b7829c9a1f966f24d4951f220fc63c61fc726004a51,TP_SL_TIMEOUT,ENTRY_FILL_CLOCK,30000,30,3000,2000,,
TP30_SL20_T60S,d892b2bf9afcbe0815411e40242dcbe67803f7a87db503c1516cc810343c3ef5,TP_SL_TIMEOUT,ENTRY_FILL_CLOCK,60000,60,3000,2000,,
TP30_SL20_T120S,97b9152149a1f8016facd69dd1a0d813c0b60d715b9d8b607fb55aeb22b71556,TP_SL_TIMEOUT,ENTRY_FILL_CLOCK,120000,120,3000,2000,,
TP30_SL25_T15S,86f51cf1f7bab87f1a5f1ae85d8904d8df9d962364084877211d7f8e9edb39fb,TP_SL_TIMEOUT,ENTRY_FILL_CLOCK,15000,15,3000,2500,,
TP30_SL25_T30S,f04193bd60f0df5660528b4a11a92559c7b56cd4f5d4bfeae9352cf10232f64b,TP_SL_TIMEOUT,ENTRY_FILL_CLOCK,30000,30,3000,2500,,
TP30_SL25_T60S,70be69349e9cf1aa5b391ac868334db9461a4cdd85f3ef0dc2b4020ae13f0a31,TP_SL_TIMEOUT,ENTRY_FILL_CLOCK,60000,60,3000,2500,,
TP30_SL25_T120S,043e8d8fc476a2ceb692617b9425e894e039c050f787c78e5e50705abb35d45b,TP_SL_TIMEOUT,ENTRY_FILL_CLOCK,120000,120,3000,2500,,
TP30_SL30_T15S,4fb316e4b3232600ceed16d42d51280f6a39bc60235809814e7c72775bf77bf6,TP_SL_TIMEOUT,ENTRY_FILL_CLOCK,15000,15,3000,3000,,
TP30_SL30_T30S,e7db78d3d27043045542f111ed91278d11abaaca3716e00836120265d279e20b,TP_SL_TIMEOUT,ENTRY_FILL_CLOCK,30000,30,3000,3000,,
TP30_SL30_T60S,ba79a16ab00009e5b7392dd6d6688f9e4702f151b5ac0c911d7a596ab0993164,TP_SL_TIMEOUT,ENTRY_FILL_CLOCK,60000,60,3000,3000,,
TP30_SL30_T120S,c42f52d6985a10082cc1de1b5a1d642d8d5239a43259d7d0fe97e7a805705f2f,TP_SL_TIMEOUT,ENTRY_FILL_CLOCK,120000,120,3000,3000,,
TP30_SL40_T15S,53a86b194561b74cf3542d26f1bb4f4a605f145f3c0235eae7d0673a92d5c0fd,TP_SL_TIMEOUT,ENTRY_FILL_CLOCK,15000,15,3000,4000,,
TP30_SL40_T30S,781970fb944a6ff5bef8c6a0475754b81f013da5f114c3935757a9c2b9bc59f6,TP_SL_TIMEOUT,ENTRY_FILL_CLOCK,30000,30,3000,4000,,
TP30_SL40_T60S,45c0711bb279c6cde1e0b544af9d300f97eac7ffe888e63a84ebfa018c7a1dda,TP_SL_TIMEOUT,ENTRY_FILL_CLOCK,60000,60,3000,4000,,
TP30_SL40_T120S,e839820762d1e3002e1f66ed65295f8af9498d929178b13cd792267a88909ca1,TP_SL_TIMEOUT,ENTRY_FILL_CLOCK,120000,120,3000,4000,,
TP40_SL10_T15S,527573652954633b137df87e9204266cd080c3d79e311b408a7b3b45cf8176b4,TP_SL_TIMEOUT,ENTRY_FILL_CLOCK,15000,15,4000,1000,,
TP40_SL10_T30S,7689929660250d6a55a07c11512e28f0ff0709df78e4f6e595274b48569cf306,TP_SL_TIMEOUT,ENTRY_FILL_CLOCK,30000,30,4000,1000,,
TP40_SL10_T60S,c1c84a959e80aa27d13d96a32fc5a970017ba01aba2751756d483cff8b7e6c97,TP_SL_TIMEOUT,ENTRY_FILL_CLOCK,60000,60,4000,1000,,
TP40_SL10_T120S,037ac85d5cbaf882dbfc5135cd423b082c0eb87727214dd941d146c9f36971fa,TP_SL_TIMEOUT,ENTRY_FILL_CLOCK,120000,120,4000,1000,,
TP40_SL15_T15S,c196b18b0d9c8b5e0949771be563f9f57f91b67a9a27dda87ec9d7c21496e4f4,TP_SL_TIMEOUT,ENTRY_FILL_CLOCK,15000,15,4000,1500,,
TP40_SL15_T30S,6082607f340bb49f9db00709450ea4c067acbbff38b2202d75ba0ea487f35659,TP_SL_TIMEOUT,ENTRY_FILL_CLOCK,30000,30,4000,1500,,
TP40_SL15_T60S,7fd873c826de92e965559f04dc7f923e22cc80e4d2cbe9f1042e57342114a16d,TP_SL_TIMEOUT,ENTRY_FILL_CLOCK,60000,60,4000,1500,,
TP40_SL15_T120S,700ca56c9900c504809a7cc93228567d68a9280c9da03064cd8a2cb76d88ec6f,TP_SL_TIMEOUT,ENTRY_FILL_CLOCK,120000,120,4000,1500,,
TP40_SL20_T15S,77c91b0b51a824025ce8ab6117de411e978e45db406bb3f325c0771e63c29903,TP_SL_TIMEOUT,ENTRY_FILL_CLOCK,15000,15,4000,2000,,
TP40_SL20_T30S,9fadc77f4bbf65b390fabecc4d1f998ab48f053dcf0e7e8b73b23efc2ab229f4,TP_SL_TIMEOUT,ENTRY_FILL_CLOCK,30000,30,4000,2000,,
TP40_SL20_T60S,7b001646fb729a491e015126f0f81f4aa857d52d6b1003f7d0b68f5d85767c2a,TP_SL_TIMEOUT,ENTRY_FILL_CLOCK,60000,60,4000,2000,,
TP40_SL20_T120S,604b46b0beca4bf8528c76251ab5d61c9d10209cdb0243da829728a4f3458180,TP_SL_TIMEOUT,ENTRY_FILL_CLOCK,120000,120,4000,2000,,
TP40_SL25_T15S,7a83afbe456dbf4b190b7894c76cf51a3e1dd5a0f69fba059257e42cc56a67e6,TP_SL_TIMEOUT,ENTRY_FILL_CLOCK,15000,15,4000,2500,,
TP40_SL25_T30S,1e223acfe2132fc7355f86c06f2a06b3b5a5f58f2de27a838f86f746450332ad,TP_SL_TIMEOUT,ENTRY_FILL_CLOCK,30000,30,4000,2500,,
TP40_SL25_T60S,21d9df0d4a508d6a399097a06e729092d258d0a34b0a7386c58aa0334a89c09b,TP_SL_TIMEOUT,ENTRY_FILL_CLOCK,60000,60,4000,2500,,
TP40_SL25_T120S,3d234744d99c59acd2d0e84dfae779298e08e85fcb800ae2e91ec17402dd1ea7,TP_SL_TIMEOUT,ENTRY_FILL_CLOCK,120000,120,4000,2500,,
TP40_SL30_T15S,4ff7da05c9e75bbf04e20309dcac818750473f7c37c74c3ec3f8bbe2314efb6f,TP_SL_TIMEOUT,ENTRY_FILL_CLOCK,15000,15,4000,3000,,
TP40_SL30_T30S,47a69940e8e5018236bc1e4928367998831b3bbf3befa6d155c3636c72ba7acf,TP_SL_TIMEOUT,ENTRY_FILL_CLOCK,30000,30,4000,3000,,
TP40_SL30_T60S,175d2acebb0c400a7943f665bbb7eb9cecdfede7312f0474256f4b4f46b427b9,TP_SL_TIMEOUT,ENTRY_FILL_CLOCK,60000,60,4000,3000,,
TP40_SL30_T120S,64a2baac2ef21b9e93e4056a3b4bb792c2a605b6380138cfdc1df71b799ee7b3,TP_SL_TIMEOUT,ENTRY_FILL_CLOCK,120000,120,4000,3000,,
TP40_SL40_T15S,061fc625bff747b64e3a2d4a57774f6512266acb96a17e90f1834720cb544181,TP_SL_TIMEOUT,ENTRY_FILL_CLOCK,15000,15,4000,4000,,
TP40_SL40_T30S,f688fb1d8bb2073a366c4e43a00de87915202a3da49c17f7a7ca6a6b80563b80,TP_SL_TIMEOUT,ENTRY_FILL_CLOCK,30000,30,4000,4000,,
TP40_SL40_T60S,ad6435df29f771792b26f391e5a02bfeb4a9332ba11f53c66c33f515f8dc7d7a,TP_SL_TIMEOUT,ENTRY_FILL_CLOCK,60000,60,4000,4000,,
TP40_SL40_T120S,6c133408ccb2b0cd112210eedc737a01ddb345434906c460a81cc481a20c97e3,TP_SL_TIMEOUT,ENTRY_FILL_CLOCK,120000,120,4000,4000,,
TP50_SL10_T15S,632cfee2c5d2586d41f82792973f5f119c4a626244993fe23a2922e72d2a4645,TP_SL_TIMEOUT,ENTRY_FILL_CLOCK,15000,15,5000,1000,,
TP50_SL10_T30S,ef5743924af091890dd41461ee5d68999bc90b9939a1bc27ca6ce4eb58f448e7,TP_SL_TIMEOUT,ENTRY_FILL_CLOCK,30000,30,5000,1000,,
TP50_SL10_T60S,33f477c7841a4aedda33ce76308f8fd83f87c1f941cc33ffe25cef71bd814146,TP_SL_TIMEOUT,ENTRY_FILL_CLOCK,60000,60,5000,1000,,
TP50_SL10_T120S,4b046fbcae8c6e9802a7cf1ea0a012183b7e79d6bbc952815d9c0562a3a942c7,TP_SL_TIMEOUT,ENTRY_FILL_CLOCK,120000,120,5000,1000,,
TP50_SL15_T15S,b8ac135d52217043fea7d935b1ac64107d8bc010e53b0ae920bc5117da75bfb4,TP_SL_TIMEOUT,ENTRY_FILL_CLOCK,15000,15,5000,1500,,
TP50_SL15_T30S,77d6dbd639faf05df444c7be8724ee7112fb07f41aa7ba8b8f9960b8d695e5a6,TP_SL_TIMEOUT,ENTRY_FILL_CLOCK,30000,30,5000,1500,,
TP50_SL15_T60S,808910d9859cc16d53c2adbe81bc0901cbc4d21eca20eda5065b57df9ab7c11a,TP_SL_TIMEOUT,ENTRY_FILL_CLOCK,60000,60,5000,1500,,
TP50_SL15_T120S,003374e20d81f382ff21aa3668b2748bbb52a03d6cddc2725d05da8bb1540672,TP_SL_TIMEOUT,ENTRY_FILL_CLOCK,120000,120,5000,1500,,
TP50_SL20_T15S,197623a41c58e40a7c150c5e058b249323330e51058abb6bfde0a3e8488c40f5,TP_SL_TIMEOUT,ENTRY_FILL_CLOCK,15000,15,5000,2000,,
TP50_SL20_T30S,afce4ab0a17430013744e590999071795ed6ff4a9ebdd03c02973191996bb67e,TP_SL_TIMEOUT,ENTRY_FILL_CLOCK,30000,30,5000,2000,,
TP50_SL20_T60S,527d681910c0bd2051a8aa1cfb919770d7d9adbee8ddf320281f54ef8a382db9,TP_SL_TIMEOUT,ENTRY_FILL_CLOCK,60000,60,5000,2000,,
TP50_SL20_T120S,81159c3fd5698e561fd580a785b59f5a9cbeea1b152e2c12173c3e9b4d78f183,TP_SL_TIMEOUT,ENTRY_FILL_CLOCK,120000,120,5000,2000,,
TP50_SL25_T15S,f93505edd8a487bc967a768481e546792a522c624f6790da929f414a6ce6fb32,TP_SL_TIMEOUT,ENTRY_FILL_CLOCK,15000,15,5000,2500,,
TP50_SL25_T30S,c495e2c9eb3af52abbd4671c4e9a9acf3ac16a3e7aac25c8dc9ffb8d8d5225ac,TP_SL_TIMEOUT,ENTRY_FILL_CLOCK,30000,30,5000,2500,,
TP50_SL25_T60S,60c7d2c06ebaf620c799531867b7719a64287d0205e3ba22d5ba44540a41b311,TP_SL_TIMEOUT,ENTRY_FILL_CLOCK,60000,60,5000,2500,,
TP50_SL25_T120S,cb46eef78907cfb24600a37e5df5a582d230f5e99005b2609d11253dc21a6934,TP_SL_TIMEOUT,ENTRY_FILL_CLOCK,120000,120,5000,2500,,
TP50_SL30_T15S,1d89b3bbded3c071788319c11979f5aaa32dd607e63521910fbb04e5e0346394,TP_SL_TIMEOUT,ENTRY_FILL_CLOCK,15000,15,5000,3000,,
TP50_SL30_T30S,7b0bd59edbd0fa767af87300c7cac5c6b92f94a3240f760691c1072fadf9e6b9,TP_SL_TIMEOUT,ENTRY_FILL_CLOCK,30000,30,5000,3000,,
TP50_SL30_T60S,107e1ba43cc9b775fd1a7b852a77d37b87a8f4ad7cc0a73f7312bc5d746414ec,TP_SL_TIMEOUT,ENTRY_FILL_CLOCK,60000,60,5000,3000,,
TP50_SL30_T120S,b5b3166c2c82bc89058e77e27ac1f26b713df4a18c1c4f99594b7d14944643ab,TP_SL_TIMEOUT,ENTRY_FILL_CLOCK,120000,120,5000,3000,,
TP50_SL40_T15S,8599abc1b80503231695fcd0fb936cf582ce1d32d36d9bce40c32d288a9804b8,TP_SL_TIMEOUT,ENTRY_FILL_CLOCK,15000,15,5000,4000,,
TP50_SL40_T30S,1f7e4929ec5b9dfe3ca3db1c4e07108e79e1ab31c29f1f1cdb943d3f47c78cb9,TP_SL_TIMEOUT,ENTRY_FILL_CLOCK,30000,30,5000,4000,,
TP50_SL40_T60S,4c562ffa3ad6e8a3b146ae9677385434b4c62147e741d3a1175b79509d64d62c,TP_SL_TIMEOUT,ENTRY_FILL_CLOCK,60000,60,5000,4000,,
TP50_SL40_T120S,2cf3838705f8e39ce720dfe925a38365486d368e06aa40e45c5a3245eb62bf7f,TP_SL_TIMEOUT,ENTRY_FILL_CLOCK,120000,120,5000,4000,,
TRAIL_A10_G3_T15S,cd96aeb33adfb59d7a95c1dcff91b2e3804d07fea38ee448d6ed3da282e1162d,TRAILING_TIMEOUT,ENTRY_FILL_CLOCK,15000,15,,,1000,300
TRAIL_A10_G3_T30S,7f74a52c5215334bb0097e6543ac19138dda1b17b03f91dedf34d4dbac2ba7f3,TRAILING_TIMEOUT,ENTRY_FILL_CLOCK,30000,30,,,1000,300
TRAIL_A10_G3_T60S,ef6f7584dd31f20701c005850384b67cec94545420907d72bbf71f5673d37a1e,TRAILING_TIMEOUT,ENTRY_FILL_CLOCK,60000,60,,,1000,300
TRAIL_A10_G5_T15S,baca76755b82f7bd49fb58356cc4cfecc27396929d5d5fb90e009b907d562915,TRAILING_TIMEOUT,ENTRY_FILL_CLOCK,15000,15,,,1000,500
TRAIL_A10_G5_T30S,1ab9098a3f7bd49f389f009535355d6e2bc21812671da5afb9bbe1089053ebf8,TRAILING_TIMEOUT,ENTRY_FILL_CLOCK,30000,30,,,1000,500
TRAIL_A10_G5_T60S,d2b2af8b53857c576aa77841701f630c3048f90f93b8e11e8de6677a96276dbd,TRAILING_TIMEOUT,ENTRY_FILL_CLOCK,60000,60,,,1000,500
TRAIL_A10_G7_T15S,5b658fd87be37196d9b4652b0074e50833b463bc55beb0fc16b5bbda4e3671e4,TRAILING_TIMEOUT,ENTRY_FILL_CLOCK,15000,15,,,1000,700
TRAIL_A10_G7_T30S,5e68c24a591da417d38fd3fb0b7d4875058ae8794e092b220948798edb56e403,TRAILING_TIMEOUT,ENTRY_FILL_CLOCK,30000,30,,,1000,700
TRAIL_A10_G7_T60S,f1c93f329f74a6294dcc21c9d27afa2256c6612f8e9e5f75fb40fb10c57a60bc,TRAILING_TIMEOUT,ENTRY_FILL_CLOCK,60000,60,,,1000,700
TRAIL_A10_G10_T15S,a881bca0d23c76c586134c9dbd5b7f560647c375d286fa7e3220be897884f22c,TRAILING_TIMEOUT,ENTRY_FILL_CLOCK,15000,15,,,1000,1000
TRAIL_A10_G10_T30S,73bec5cce609a8031f9df0494d1525a45464e2570168fd706b81575f98e01713,TRAILING_TIMEOUT,ENTRY_FILL_CLOCK,30000,30,,,1000,1000
TRAIL_A10_G10_T60S,3cec3ba3565369159b85999dc72289c9bc0bbb6d76ce5d3793be9244f791eae9,TRAILING_TIMEOUT,ENTRY_FILL_CLOCK,60000,60,,,1000,1000
TRAIL_A15_G3_T15S,d319c46a646bdc85a6f9da0c14ae872332879e390d868132fcbf64c6a1c02859,TRAILING_TIMEOUT,ENTRY_FILL_CLOCK,15000,15,,,1500,300
TRAIL_A15_G3_T30S,fb9227540deaf68fe6407b6b583365c0526e8e9a02c3f54f4fc5eb4fcee336d9,TRAILING_TIMEOUT,ENTRY_FILL_CLOCK,30000,30,,,1500,300
TRAIL_A15_G3_T60S,efecff38f3c72c172c470fa2598f2aa03c5bca0107b2e9d0851a3277abebb561,TRAILING_TIMEOUT,ENTRY_FILL_CLOCK,60000,60,,,1500,300
TRAIL_A15_G5_T15S,0981743217e75c50ffcdc5ae9523123e74939cffbbef0b916133a2c07d584f55,TRAILING_TIMEOUT,ENTRY_FILL_CLOCK,15000,15,,,1500,500
TRAIL_A15_G5_T30S,4a73d2ad3ea1cc80f14f966ed10810a733e9528522b86d0a1b47d8bffeebdd6e,TRAILING_TIMEOUT,ENTRY_FILL_CLOCK,30000,30,,,1500,500
TRAIL_A15_G5_T60S,04cd9f7e468faab92f246ec3f608a1fd580c787c5beeaf8a21b8180b0d626e27,TRAILING_TIMEOUT,ENTRY_FILL_CLOCK,60000,60,,,1500,500
TRAIL_A15_G7_T15S,4f6e57a56211c2adf175453d1aa8090471c7fe98b4c0e12d9987a9452698701c,TRAILING_TIMEOUT,ENTRY_FILL_CLOCK,15000,15,,,1500,700
TRAIL_A15_G7_T30S,240fe41774d39b0ebabefc3d73453a26969aa4eac85ba0602fbb171b125072f8,TRAILING_TIMEOUT,ENTRY_FILL_CLOCK,30000,30,,,1500,700
TRAIL_A15_G7_T60S,71b5af48c62e7b505b377344a6a62e3d7790f6a14359fc6ce31712e7ea972497,TRAILING_TIMEOUT,ENTRY_FILL_CLOCK,60000,60,,,1500,700
TRAIL_A15_G10_T15S,de4facad47048f43b403169b54d9adef6f26a74cc0e120dd0028e9044986968b,TRAILING_TIMEOUT,ENTRY_FILL_CLOCK,15000,15,,,1500,1000
TRAIL_A15_G10_T30S,306472ecdec4a0f6112fb0448409d32bf0cdd5f1647e8a075eea219091bba07f,TRAILING_TIMEOUT,ENTRY_FILL_CLOCK,30000,30,,,1500,1000
TRAIL_A15_G10_T60S,226eb24c099ecd039613696d54674f6e33c6959ee9ef0178a3f4d09f3fe178bb,TRAILING_TIMEOUT,ENTRY_FILL_CLOCK,60000,60,,,1500,1000
TRAIL_A20_G3_T15S,7d9d4ca0ad46a855d627a5d4ca42e00f9b23435c7a8c59babc5c9eefcb48cd71,TRAILING_TIMEOUT,ENTRY_FILL_CLOCK,15000,15,,,2000,300
TRAIL_A20_G3_T30S,19583962cb3fc8b0df51cedaa55755310eea72b55e600638079df048d6607622,TRAILING_TIMEOUT,ENTRY_FILL_CLOCK,30000,30,,,2000,300
TRAIL_A20_G3_T60S,15644a5dde08b92a1ddf47d9b36f1811432d6695e96d7bc15f8f38a9c9b35ed1,TRAILING_TIMEOUT,ENTRY_FILL_CLOCK,60000,60,,,2000,300
TRAIL_A20_G5_T15S,ded9e52601b834c48a4cfb57e8da9a28e0585e9827dd227d3753bc90d5a48928,TRAILING_TIMEOUT,ENTRY_FILL_CLOCK,15000,15,,,2000,500
TRAIL_A20_G5_T30S,6d75430d4b60dafec413ae1a684e2e7c13c0cc6c201b94162704271f60b2388c,TRAILING_TIMEOUT,ENTRY_FILL_CLOCK,30000,30,,,2000,500
TRAIL_A20_G5_T60S,68824de53c7a1fd3bfb6ff8b668d9c4ac3d3f50d480b80a8f14a2dfa3c704fc9,TRAILING_TIMEOUT,ENTRY_FILL_CLOCK,60000,60,,,2000,500
TRAIL_A20_G7_T15S,ef456512193833f0899898dad87f35f971e3adae391161023b6e68c7cb1b9336,TRAILING_TIMEOUT,ENTRY_FILL_CLOCK,15000,15,,,2000,700
TRAIL_A20_G7_T30S,92247dd36ee383ae90ebd2c2d133360bb5ed85a343c35408247a70ec9946670c,TRAILING_TIMEOUT,ENTRY_FILL_CLOCK,30000,30,,,2000,700
TRAIL_A20_G7_T60S,10ffd14f055489656c1a15fc441b4c3cad9bddc72affccbac3ee0c452a1c8ef6,TRAILING_TIMEOUT,ENTRY_FILL_CLOCK,60000,60,,,2000,700
TRAIL_A20_G10_T15S,d3a7a97f700764610381f3bbe0b776d1fb4a491dfeca7d51c63b54cdd161458c,TRAILING_TIMEOUT,ENTRY_FILL_CLOCK,15000,15,,,2000,1000
TRAIL_A20_G10_T30S,6b315c32ead7c497b0d640b704654e1951238e1117397dde39ef6bed53c659d4,TRAILING_TIMEOUT,ENTRY_FILL_CLOCK,30000,30,,,2000,1000
TRAIL_A20_G10_T60S,ded8c70b32aa35c11b451d7614a3b4d2ba3b21ca32246b5aff1cea5aaf17b007,TRAILING_TIMEOUT,ENTRY_FILL_CLOCK,60000,60,,,2000,1000
TRAIL_A25_G3_T15S,6634ae37c0bbb2d7480115737e8095db39d51f5fae4653a823817732bdb6c093,TRAILING_TIMEOUT,ENTRY_FILL_CLOCK,15000,15,,,2500,300
TRAIL_A25_G3_T30S,c1e51aaeae527f1663d3f8e2f9398809ebe866ad7fa809c1cc72badfad03b2e0,TRAILING_TIMEOUT,ENTRY_FILL_CLOCK,30000,30,,,2500,300
TRAIL_A25_G3_T60S,5c56ba0b848ed80b1ad217aa2751ec0a28eab82c7fcc076bd06835338265bdf7,TRAILING_TIMEOUT,ENTRY_FILL_CLOCK,60000,60,,,2500,300
TRAIL_A25_G5_T15S,f1c49650d3ea3868d66183a9266933d4c83d3210b6a04e693a285b2fb20e6aa3,TRAILING_TIMEOUT,ENTRY_FILL_CLOCK,15000,15,,,2500,500
TRAIL_A25_G5_T30S,0f11f10b278fad3d2f9e19d7c2c7740b3593b37dcdcd988596f51708b6f91ced,TRAILING_TIMEOUT,ENTRY_FILL_CLOCK,30000,30,,,2500,500
TRAIL_A25_G5_T60S,784c7c81ba4937a8ff6a27a5e99a858130521856576818ad7d0e75f81f63df3e,TRAILING_TIMEOUT,ENTRY_FILL_CLOCK,60000,60,,,2500,500
TRAIL_A25_G7_T15S,8ab34ac0fc83302695f3509e6f05bf51ca64aaf41750df2d44a89049ac62529b,TRAILING_TIMEOUT,ENTRY_FILL_CLOCK,15000,15,,,2500,700
TRAIL_A25_G7_T30S,b13f97e15b76bbf9809f41e3bd37cfe0e79eee3c390012e9a8ec5e0e35971a42,TRAILING_TIMEOUT,ENTRY_FILL_CLOCK,30000,30,,,2500,700
TRAIL_A25_G7_T60S,6aef459679b2b5a3a0fcdc287bd77ac6b25e2092309c0ed5acd8e39f561f2d76,TRAILING_TIMEOUT,ENTRY_FILL_CLOCK,60000,60,,,2500,700
TRAIL_A25_G10_T15S,bb4383b614d0ca669e4f9c4e944c09d051f27b6af4b9038724045e63d97357c0,TRAILING_TIMEOUT,ENTRY_FILL_CLOCK,15000,15,,,2500,1000
TRAIL_A25_G10_T30S,dd0226d839498853f094362c3809773618fb362578f71b64ca25fa0e9c918f4a,TRAILING_TIMEOUT,ENTRY_FILL_CLOCK,30000,30,,,2500,1000
TRAIL_A25_G10_T60S,aaabde585f22174811d7c9d877e79ffa58a1984d36b7b7ed12a6d755ab89ae75,TRAILING_TIMEOUT,ENTRY_FILL_CLOCK,60000,60,,,2500,1000
