actor_id,actor_kind,dimension,segment,n,small_cell,fills,unresolved,fill_rate,net_pnl_lamports,expectancy_lamports_per_filled_trade,wins,losses,win_rate,equity_label
ACTUAL_24H/FINAL-A,ACTUAL_BASELINE,ENTRY_UTC_TIME,00:00-05:59,207,False,201,6,0.971014492754,-76809889,-382138.751244,81,120,0.402985074627,REALIZED_CLOSED_EQUITY
ACTUAL_24H/FINAL-A,ACTUAL_BASELINE,ENTRY_UTC_TIME,06:00-11:59,206,False,192,14,0.932038834951,-1372552579,-7148711.348958,60,132,0.312500000000,REALIZED_CLOSED_EQUITY
ACTUAL_24H/FINAL-A,ACTUAL_BASELINE,ENTRY_UTC_TIME,12:00-17:59,93,False,92,1,0.989247311828,-468019342,-5087166.760870,29,63,0.315217391304,REALIZED_CLOSED_EQUITY
ACTUAL_24H/FINAL-A,ACTUAL_BASELINE,ENTRY_UTC_TIME,18:00-23:59,129,False,122,7,0.945736434109,-85148093,-697935.188525,43,79,0.352459016393,REALIZED_CLOSED_EQUITY
ACTUAL_24H/FINAL-A,ACTUAL_BASELINE,ENTRY_PRICE_IMPACT_BPS_QUARTILE,Q1,190,False,178,12,0.936842105263,-428654619,-2408172.016854,73,105,0.410112359551,REALIZED_CLOSED_EQUITY
ACTUAL_24H/FINAL-A,ACTUAL_BASELINE,ENTRY_PRICE_IMPACT_BPS_QUARTILE,Q2,132,False,131,1,0.992424242424,-527973680,-4030333.435115,38,93,0.290076335878,REALIZED_CLOSED_EQUITY
ACTUAL_24H/FINAL-A,ACTUAL_BASELINE,ENTRY_PRICE_IMPACT_BPS_QUARTILE,Q3,158,False,153,5,0.968354430380,-765307221,-5002007.980392,38,115,0.248366013072,REALIZED_CLOSED_EQUITY
ACTUAL_24H/FINAL-A,ACTUAL_BASELINE,ENTRY_PRICE_IMPACT_BPS_QUARTILE,Q4,155,False,145,10,0.935483870968,-280594383,-1935133.675862,64,81,0.441379310345,REALIZED_CLOSED_EQUITY
ACTUAL_24H/FINAL-A,ACTUAL_BASELINE,ENTRY_ADVERSE_SLIPPAGE_BPS_QUARTILE,Q1,249,False,233,16,0.935742971888,-1093517565,-4693208.433476,82,151,0.351931330472,REALIZED_CLOSED_EQUITY
ACTUAL_24H/FINAL-A,ACTUAL_BASELINE,ENTRY_ADVERSE_SLIPPAGE_BPS_QUARTILE,Q2,69,False,66,3,0.956521739130,-171233407,-2594445.560606,22,44,0.333333333333,REALIZED_CLOSED_EQUITY
ACTUAL_24H/FINAL-A,ACTUAL_BASELINE,ENTRY_ADVERSE_SLIPPAGE_BPS_QUARTILE,Q3,159,False,157,2,0.987421383648,-790544406,-5035314.687898,42,115,0.267515923567,REALIZED_CLOSED_EQUITY
ACTUAL_24H/FINAL-A,ACTUAL_BASELINE,ENTRY_ADVERSE_SLIPPAGE_BPS_QUARTILE,Q4,158,False,151,7,0.955696202532,52765475,349440.231788,67,84,0.443708609272,REALIZED_CLOSED_EQUITY
ACTUAL_24H/FINAL-B,ACTUAL_BASELINE,ENTRY_UTC_TIME,00:00-05:59,207,False,201,6,0.971014492754,-127386537,-633763.865672,73,128,0.363184079602,REALIZED_CLOSED_EQUITY
ACTUAL_24H/FINAL-B,ACTUAL_BASELINE,ENTRY_UTC_TIME,06:00-11:59,206,False,191,15,0.927184466019,-1382899290,-7240310.418848,52,139,0.272251308901,REALIZED_CLOSED_EQUITY
ACTUAL_24H/FINAL-B,ACTUAL_BASELINE,ENTRY_UTC_TIME,12:00-17:59,93,False,92,1,0.989247311828,-454145658,-4936365.847826,29,63,0.315217391304,REALIZED_CLOSED_EQUITY
ACTUAL_24H/FINAL-B,ACTUAL_BASELINE,ENTRY_UTC_TIME,18:00-23:59,129,False,122,7,0.945736434109,14417532,118176.491803,43,79,0.352459016393,REALIZED_CLOSED_EQUITY
ACTUAL_24H/FINAL-B,ACTUAL_BASELINE,ENTRY_PRICE_IMPACT_BPS_QUARTILE,Q1,190,False,179,11,0.942105263158,-368589834,-2059161.083799,70,109,0.391061452514,REALIZED_CLOSED_EQUITY
ACTUAL_24H/FINAL-B,ACTUAL_BASELINE,ENTRY_PRICE_IMPACT_BPS_QUARTILE,Q2,132,False,131,1,0.992424242424,-511770990,-3906648.778626,35,96,0.267175572519,REALIZED_CLOSED_EQUITY
ACTUAL_24H/FINAL-B,ACTUAL_BASELINE,ENTRY_PRICE_IMPACT_BPS_QUARTILE,Q3,158,False,153,5,0.968354430380,-687918364,-4496198.457516,36,117,0.235294117647,REALIZED_CLOSED_EQUITY
ACTUAL_24H/FINAL-B,ACTUAL_BASELINE,ENTRY_PRICE_IMPACT_BPS_QUARTILE,Q4,155,False,143,12,0.922580645161,-381734765,-2669473.881119,56,87,0.391608391608,REALIZED_CLOSED_EQUITY
ACTUAL_24H/FINAL-B,ACTUAL_BASELINE,ENTRY_ADVERSE_SLIPPAGE_BPS_QUARTILE,Q1,249,False,231,18,0.927710843373,-903508920,-3911294.025974,73,158,0.316017316017,REALIZED_CLOSED_EQUITY
ACTUAL_24H/FINAL-B,ACTUAL_BASELINE,ENTRY_ADVERSE_SLIPPAGE_BPS_QUARTILE,Q2,69,False,67,2,0.971014492754,-266178786,-3972817.701493,21,46,0.313432835821,REALIZED_CLOSED_EQUITY
ACTUAL_24H/FINAL-B,ACTUAL_BASELINE,ENTRY_ADVERSE_SLIPPAGE_BPS_QUARTILE,Q3,159,False,157,2,0.987421383648,-828011577,-5273959.089172,42,115,0.267515923567,REALIZED_CLOSED_EQUITY
ACTUAL_24H/FINAL-B,ACTUAL_BASELINE,ENTRY_ADVERSE_SLIPPAGE_BPS_QUARTILE,Q4,158,False,151,7,0.955696202532,47685330,315796.887417,61,90,0.403973509934,REALIZED_CLOSED_EQUITY
ACTUAL_24H/SENS-C,ACTUAL_BASELINE,ENTRY_UTC_TIME,00:00-05:59,139,False,131,8,0.942446043165,56630262,432292.076336,47,84,0.358778625954,REALIZED_CLOSED_EQUITY
ACTUAL_24H/SENS-C,ACTUAL_BASELINE,ENTRY_UTC_TIME,06:00-11:59,151,False,135,16,0.894039735099,-379998994,-2814807.362963,39,96,0.288888888889,REALIZED_CLOSED_EQUITY
ACTUAL_24H/SENS-C,ACTUAL_BASELINE,ENTRY_UTC_TIME,12:00-17:59,56,False,55,1,0.982142857143,-219785146,-3996093.563636,13,42,0.236363636364,REALIZED_CLOSED_EQUITY
ACTUAL_24H/SENS-C,ACTUAL_BASELINE,ENTRY_UTC_TIME,18:00-23:59,77,False,74,3,0.961038961039,-203441266,-2749206.297297,14,60,0.189189189189,REALIZED_CLOSED_EQUITY
ACTUAL_24H/SENS-C,ACTUAL_BASELINE,ENTRY_PRICE_IMPACT_BPS_QUARTILE,Q1,143,False,139,4,0.972027972028,-348255149,-2505432.726619,43,96,0.309352517986,REALIZED_CLOSED_EQUITY
ACTUAL_24H/SENS-C,ACTUAL_BASELINE,ENTRY_PRICE_IMPACT_BPS_QUARTILE,Q2,88,False,86,2,0.977272727273,-199308111,-2317536.174419,21,65,0.244186046512,REALIZED_CLOSED_EQUITY
ACTUAL_24H/SENS-C,ACTUAL_BASELINE,ENTRY_PRICE_IMPACT_BPS_QUARTILE,Q3,105,False,98,7,0.933333333333,-403876389,-4121187.642857,16,82,0.163265306122,REALIZED_CLOSED_EQUITY
ACTUAL_24H/SENS-C,ACTUAL_BASELINE,ENTRY_PRICE_IMPACT_BPS_QUARTILE,Q4,87,False,72,15,0.827586206897,204844505,2845062.569444,33,39,0.458333333333,REALIZED_CLOSED_EQUITY
ACTUAL_24H/SENS-C,ACTUAL_BASELINE,ENTRY_ADVERSE_SLIPPAGE_BPS_QUARTILE,Q1,162,False,141,21,0.870370370370,95691789,678665.170213,48,93,0.340425531915,REALIZED_CLOSED_EQUITY
ACTUAL_24H/SENS-C,ACTUAL_BASELINE,ENTRY_ADVERSE_SLIPPAGE_BPS_QUARTILE,Q2,46,True,45,1,0.978260869565,-282860371,-6285786.022222,8,37,0.177777777778,REALIZED_CLOSED_EQUITY
ACTUAL_24H/SENS-C,ACTUAL_BASELINE,ENTRY_ADVERSE_SLIPPAGE_BPS_QUARTILE,Q3,102,False,100,2,0.980392156863,-439418506,-4394185.060000,20,80,0.200000000000,REALIZED_CLOSED_EQUITY
ACTUAL_24H/SENS-C,ACTUAL_BASELINE,ENTRY_ADVERSE_SLIPPAGE_BPS_QUARTILE,Q4,113,False,109,4,0.964601769912,-120008056,-1100991.339450,37,72,0.339449541284,REALIZED_CLOSED_EQUITY
TIME_T45S,IN_SAMPLE_CANDIDATE,ENTRY_UTC_TIME,00:00-05:59,207,False,193,14,0.932367149758,625294377,3239867.238342,75,118,0.388601036269,REALIZED_CLOSED_EQUITY
TIME_T45S,IN_SAMPLE_CANDIDATE,ENTRY_UTC_TIME,06:00-11:59,206,False,186,20,0.902912621359,-1371293943,-7372548.080645,61,125,0.327956989247,REALIZED_CLOSED_EQUITY
TIME_T45S,IN_SAMPLE_CANDIDATE,ENTRY_UTC_TIME,12:00-17:59,93,False,87,6,0.935483870968,-18334178,-210737.678161,33,54,0.379310344828,REALIZED_CLOSED_EQUITY
TIME_T45S,IN_SAMPLE_CANDIDATE,ENTRY_UTC_TIME,18:00-23:59,129,False,124,5,0.961240310078,-314399672,-2535481.225806,43,81,0.346774193548,REALIZED_CLOSED_EQUITY
TIME_T45S,IN_SAMPLE_CANDIDATE,ENTRY_PRICE_IMPACT_BPS_QUARTILE,Q1,190,False,175,15,0.921052631579,-375739048,-2147080.274286,64,111,0.365714285714,REALIZED_CLOSED_EQUITY
TIME_T45S,IN_SAMPLE_CANDIDATE,ENTRY_PRICE_IMPACT_BPS_QUARTILE,Q2,132,False,124,8,0.939393939394,-593575035,-4786895.443548,43,81,0.346774193548,REALIZED_CLOSED_EQUITY
TIME_T45S,IN_SAMPLE_CANDIDATE,ENTRY_PRICE_IMPACT_BPS_QUARTILE,Q3,158,False,146,12,0.924050632911,108588181,743754.664384,50,96,0.342465753425,REALIZED_CLOSED_EQUITY
TIME_T45S,IN_SAMPLE_CANDIDATE,ENTRY_PRICE_IMPACT_BPS_QUARTILE,Q4,155,False,145,10,0.935483870968,-218007514,-1503500.096552,55,90,0.379310344828,REALIZED_CLOSED_EQUITY
TIME_T45S,IN_SAMPLE_CANDIDATE,ENTRY_ADVERSE_SLIPPAGE_BPS_QUARTILE,Q1,249,False,230,19,0.923694779116,-237705454,-1033501.973913,88,142,0.382608695652,REALIZED_CLOSED_EQUITY
TIME_T45S,IN_SAMPLE_CANDIDATE,ENTRY_ADVERSE_SLIPPAGE_BPS_QUARTILE,Q2,69,False,60,9,0.869565217391,-117098579,-1951642.983333,18,42,0.300000000000,REALIZED_CLOSED_EQUITY
TIME_T45S,IN_SAMPLE_CANDIDATE,ENTRY_ADVERSE_SLIPPAGE_BPS_QUARTILE,Q3,159,False,150,9,0.943396226415,-1116943249,-7446288.326667,49,101,0.326666666667,REALIZED_CLOSED_EQUITY
TIME_T45S,IN_SAMPLE_CANDIDATE,ENTRY_ADVERSE_SLIPPAGE_BPS_QUARTILE,Q4,158,False,150,8,0.949367088608,393013866,2620092.440000,57,93,0.380000000000,REALIZED_CLOSED_EQUITY
TIME_T60S,IN_SAMPLE_CANDIDATE,ENTRY_UTC_TIME,00:00-05:59,207,False,189,18,0.913043478261,429352342,2271705.513228,73,116,0.386243386243,REALIZED_CLOSED_EQUITY
TIME_T60S,IN_SAMPLE_CANDIDATE,ENTRY_UTC_TIME,06:00-11:59,206,False,177,29,0.859223300971,-1127446845,-6369756.186441,62,115,0.350282485876,REALIZED_CLOSED_EQUITY
TIME_T60S,IN_SAMPLE_CANDIDATE,ENTRY_UTC_TIME,12:00-17:59,93,False,87,6,0.935483870968,121087386,1391809.034483,30,57,0.344827586207,REALIZED_CLOSED_EQUITY
TIME_T60S,IN_SAMPLE_CANDIDATE,ENTRY_UTC_TIME,18:00-23:59,129,False,120,9,0.930232558140,-295468960,-2462241.333333,44,76,0.366666666667,REALIZED_CLOSED_EQUITY
TIME_T60S,IN_SAMPLE_CANDIDATE,ENTRY_PRICE_IMPACT_BPS_QUARTILE,Q1,190,False,172,18,0.905263157895,-620492525,-3607514.680233,68,104,0.395348837209,REALIZED_CLOSED_EQUITY
TIME_T60S,IN_SAMPLE_CANDIDATE,ENTRY_PRICE_IMPACT_BPS_QUARTILE,Q2,132,False,122,10,0.924242424242,-640315479,-5248487.532787,39,83,0.319672131148,REALIZED_CLOSED_EQUITY
TIME_T60S,IN_SAMPLE_CANDIDATE,ENTRY_PRICE_IMPACT_BPS_QUARTILE,Q3,158,False,140,18,0.886075949367,385332027,2752371.621429,51,89,0.364285714286,REALIZED_CLOSED_EQUITY
TIME_T60S,IN_SAMPLE_CANDIDATE,ENTRY_PRICE_IMPACT_BPS_QUARTILE,Q4,155,False,139,16,0.896774193548,2999900,21582.014388,51,88,0.366906474820,REALIZED_CLOSED_EQUITY
TIME_T60S,IN_SAMPLE_CANDIDATE,ENTRY_ADVERSE_SLIPPAGE_BPS_QUARTILE,Q1,249,False,221,28,0.887550200803,119730721,541767.968326,84,137,0.380090497738,REALIZED_CLOSED_EQUITY
TIME_T60S,IN_SAMPLE_CANDIDATE,ENTRY_ADVERSE_SLIPPAGE_BPS_QUARTILE,Q2,69,False,58,11,0.840579710145,80257473,1383749.534483,21,37,0.362068965517,REALIZED_CLOSED_EQUITY
TIME_T60S,IN_SAMPLE_CANDIDATE,ENTRY_ADVERSE_SLIPPAGE_BPS_QUARTILE,Q3,159,False,149,10,0.937106918239,-912253204,-6122504.724832,53,96,0.355704697987,REALIZED_CLOSED_EQUITY
TIME_T60S,IN_SAMPLE_CANDIDATE,ENTRY_ADVERSE_SLIPPAGE_BPS_QUARTILE,Q4,158,False,145,13,0.917721518987,-160211067,-1104903.910345,51,94,0.351724137931,REALIZED_CLOSED_EQUITY
TP10_T30S,IN_SAMPLE_CANDIDATE,ENTRY_UTC_TIME,00:00-05:59,207,False,199,8,0.961352657005,493884331,2481830.809045,96,103,0.482412060302,REALIZED_CLOSED_EQUITY
TP10_T30S,IN_SAMPLE_CANDIDATE,ENTRY_UTC_TIME,06:00-11:59,206,False,191,15,0.927184466019,-1130347014,-5918047.193717,80,111,0.418848167539,REALIZED_CLOSED_EQUITY
TP10_T30S,IN_SAMPLE_CANDIDATE,ENTRY_UTC_TIME,12:00-17:59,93,False,90,3,0.967741935484,-237790305,-2642114.500000,38,52,0.422222222222,REALIZED_CLOSED_EQUITY
TP10_T30S,IN_SAMPLE_CANDIDATE,ENTRY_UTC_TIME,18:00-23:59,129,False,121,8,0.937984496124,-354606695,-2930633.842975,44,77,0.363636363636,REALIZED_CLOSED_EQUITY
TP10_T30S,IN_SAMPLE_CANDIDATE,ENTRY_PRICE_IMPACT_BPS_QUARTILE,Q1,190,False,176,14,0.926315789474,-234130702,-1330288.079545,88,88,0.500000000000,REALIZED_CLOSED_EQUITY
TP10_T30S,IN_SAMPLE_CANDIDATE,ENTRY_PRICE_IMPACT_BPS_QUARTILE,Q2,132,False,128,4,0.969696969697,-184053503,-1437917.992188,52,76,0.406250000000,REALIZED_CLOSED_EQUITY
TP10_T30S,IN_SAMPLE_CANDIDATE,ENTRY_PRICE_IMPACT_BPS_QUARTILE,Q3,158,False,150,8,0.949367088608,-389400561,-2596003.740000,52,98,0.346666666667,REALIZED_CLOSED_EQUITY
TP10_T30S,IN_SAMPLE_CANDIDATE,ENTRY_PRICE_IMPACT_BPS_QUARTILE,Q4,155,False,147,8,0.948387096774,-421274917,-2865815.761905,66,81,0.448979591837,REALIZED_CLOSED_EQUITY
TP10_T30S,IN_SAMPLE_CANDIDATE,ENTRY_ADVERSE_SLIPPAGE_BPS_QUARTILE,Q1,249,False,234,15,0.939759036145,-400282964,-1710610.957265,99,135,0.423076923077,REALIZED_CLOSED_EQUITY
TP10_T30S,IN_SAMPLE_CANDIDATE,ENTRY_ADVERSE_SLIPPAGE_BPS_QUARTILE,Q2,69,False,62,7,0.898550724638,28022995,451983.790323,28,34,0.451612903226,REALIZED_CLOSED_EQUITY
TP10_T30S,IN_SAMPLE_CANDIDATE,ENTRY_ADVERSE_SLIPPAGE_BPS_QUARTILE,Q3,159,False,153,6,0.962264150943,-939468281,-6140315.562092,54,99,0.352941176471,REALIZED_CLOSED_EQUITY
TP10_T30S,IN_SAMPLE_CANDIDATE,ENTRY_ADVERSE_SLIPPAGE_BPS_QUARTILE,Q4,158,False,152,6,0.962025316456,82868567,545187.940789,77,75,0.506578947368,REALIZED_CLOSED_EQUITY
TP10_T60S,IN_SAMPLE_CANDIDATE,ENTRY_UTC_TIME,00:00-05:59,207,False,197,10,0.951690821256,232809217,1181772.675127,107,90,0.543147208122,REALIZED_CLOSED_EQUITY
TP10_T60S,IN_SAMPLE_CANDIDATE,ENTRY_UTC_TIME,06:00-11:59,206,False,179,27,0.868932038835,-896567688,-5008758.033520,86,93,0.480446927374,REALIZED_CLOSED_EQUITY
TP10_T60S,IN_SAMPLE_CANDIDATE,ENTRY_UTC_TIME,12:00-17:59,93,False,89,4,0.956989247312,-236423806,-2656447.258427,44,45,0.494382022472,REALIZED_CLOSED_EQUITY
TP10_T60S,IN_SAMPLE_CANDIDATE,ENTRY_UTC_TIME,18:00-23:59,129,False,123,6,0.953488372093,-324489215,-2638123.699187,53,70,0.430894308943,REALIZED_CLOSED_EQUITY
TP10_T60S,IN_SAMPLE_CANDIDATE,ENTRY_PRICE_IMPACT_BPS_QUARTILE,Q1,190,False,178,12,0.936842105263,-530884620,-2982497.865169,99,79,0.556179775281,REALIZED_CLOSED_EQUITY
TP10_T60S,IN_SAMPLE_CANDIDATE,ENTRY_PRICE_IMPACT_BPS_QUARTILE,Q2,132,False,126,6,0.954545454545,-305024074,-2420825.984127,58,68,0.460317460317,REALIZED_CLOSED_EQUITY
TP10_T60S,IN_SAMPLE_CANDIDATE,ENTRY_PRICE_IMPACT_BPS_QUARTILE,Q3,158,False,145,13,0.917721518987,-307931156,-2123663.144828,62,83,0.427586206897,REALIZED_CLOSED_EQUITY
TP10_T60S,IN_SAMPLE_CANDIDATE,ENTRY_PRICE_IMPACT_BPS_QUARTILE,Q4,155,False,139,16,0.896774193548,-80831642,-581522.604317,71,68,0.510791366906,REALIZED_CLOSED_EQUITY
TP10_T60S,IN_SAMPLE_CANDIDATE,ENTRY_ADVERSE_SLIPPAGE_BPS_QUARTILE,Q1,249,False,225,24,0.903614457831,-505466942,-2246519.742222,107,118,0.475555555556,REALIZED_CLOSED_EQUITY
TP10_T60S,IN_SAMPLE_CANDIDATE,ENTRY_ADVERSE_SLIPPAGE_BPS_QUARTILE,Q2,69,False,60,9,0.869565217391,6168557,102809.283333,32,28,0.533333333333,REALIZED_CLOSED_EQUITY
TP10_T60S,IN_SAMPLE_CANDIDATE,ENTRY_ADVERSE_SLIPPAGE_BPS_QUARTILE,Q3,159,False,152,7,0.955974842767,-785768556,-5169529.973684,72,80,0.473684210526,REALIZED_CLOSED_EQUITY
TP10_T60S,IN_SAMPLE_CANDIDATE,ENTRY_ADVERSE_SLIPPAGE_BPS_QUARTILE,Q4,158,False,151,7,0.955696202532,60395449,399969.860927,79,72,0.523178807947,REALIZED_CLOSED_EQUITY
TP20_T30S,IN_SAMPLE_CANDIDATE,ENTRY_UTC_TIME,00:00-05:59,207,False,197,10,0.951690821256,487563016,2474939.167513,96,101,0.487309644670,REALIZED_CLOSED_EQUITY
TP20_T30S,IN_SAMPLE_CANDIDATE,ENTRY_UTC_TIME,06:00-11:59,206,False,190,16,0.922330097087,-1139978185,-5999885.184211,75,115,0.394736842105,REALIZED_CLOSED_EQUITY
TP20_T30S,IN_SAMPLE_CANDIDATE,ENTRY_UTC_TIME,12:00-17:59,93,False,89,4,0.956989247312,-183427210,-2060979.887640,35,54,0.393258426966,REALIZED_CLOSED_EQUITY
TP20_T30S,IN_SAMPLE_CANDIDATE,ENTRY_UTC_TIME,18:00-23:59,129,False,121,8,0.937984496124,-455665839,-3765833.380165,42,79,0.347107438017,REALIZED_CLOSED_EQUITY
TP20_T30S,IN_SAMPLE_CANDIDATE,ENTRY_PRICE_IMPACT_BPS_QUARTILE,Q1,190,False,175,15,0.921052631579,-254079238,-1451881.360000,83,92,0.474285714286,REALIZED_CLOSED_EQUITY
TP20_T30S,IN_SAMPLE_CANDIDATE,ENTRY_PRICE_IMPACT_BPS_QUARTILE,Q2,132,False,127,5,0.962121212121,-127034913,-1000274.905512,52,75,0.409448818898,REALIZED_CLOSED_EQUITY
TP20_T30S,IN_SAMPLE_CANDIDATE,ENTRY_PRICE_IMPACT_BPS_QUARTILE,Q3,158,False,149,9,0.943037974684,-427120031,-2866577.389262,50,99,0.335570469799,REALIZED_CLOSED_EQUITY
TP20_T30S,IN_SAMPLE_CANDIDATE,ENTRY_PRICE_IMPACT_BPS_QUARTILE,Q4,155,False,146,9,0.941935483871,-483274036,-3310096.136986,63,83,0.431506849315,REALIZED_CLOSED_EQUITY
TP20_T30S,IN_SAMPLE_CANDIDATE,ENTRY_ADVERSE_SLIPPAGE_BPS_QUARTILE,Q1,249,False,232,17,0.931726907631,-381649973,-1645042.987069,93,139,0.400862068966,REALIZED_CLOSED_EQUITY
TP20_T30S,IN_SAMPLE_CANDIDATE,ENTRY_ADVERSE_SLIPPAGE_BPS_QUARTILE,Q2,69,False,63,6,0.913043478261,-58301086,-925414.063492,26,37,0.412698412698,REALIZED_CLOSED_EQUITY
TP20_T30S,IN_SAMPLE_CANDIDATE,ENTRY_ADVERSE_SLIPPAGE_BPS_QUARTILE,Q3,159,False,153,6,0.962264150943,-966055641,-6314089.156863,51,102,0.333333333333,REALIZED_CLOSED_EQUITY
TP20_T30S,IN_SAMPLE_CANDIDATE,ENTRY_ADVERSE_SLIPPAGE_BPS_QUARTILE,Q4,158,False,149,9,0.943037974684,114498482,768446.187919,78,71,0.523489932886,REALIZED_CLOSED_EQUITY
TP20_T60S,IN_SAMPLE_CANDIDATE,ENTRY_UTC_TIME,00:00-05:59,207,False,193,14,0.932367149758,345732942,1791362.393782,102,91,0.528497409326,REALIZED_CLOSED_EQUITY
TP20_T60S,IN_SAMPLE_CANDIDATE,ENTRY_UTC_TIME,06:00-11:59,206,False,177,29,0.859223300971,-580558661,-3279992.435028,85,92,0.480225988701,REALIZED_CLOSED_EQUITY
TP20_T60S,IN_SAMPLE_CANDIDATE,ENTRY_UTC_TIME,12:00-17:59,93,False,88,5,0.946236559140,-153925083,-1749148.670455,39,49,0.443181818182,REALIZED_CLOSED_EQUITY
TP20_T60S,IN_SAMPLE_CANDIDATE,ENTRY_UTC_TIME,18:00-23:59,129,False,122,7,0.945736434109,-433666609,-3554644.336066,51,71,0.418032786885,REALIZED_CLOSED_EQUITY
TP20_T60S,IN_SAMPLE_CANDIDATE,ENTRY_PRICE_IMPACT_BPS_QUARTILE,Q1,190,False,176,14,0.926315789474,-537391797,-3053362.482955,91,85,0.517045454545,REALIZED_CLOSED_EQUITY
TP20_T60S,IN_SAMPLE_CANDIDATE,ENTRY_PRICE_IMPACT_BPS_QUARTILE,Q2,132,False,123,9,0.931818181818,-222258621,-1806980.658537,55,68,0.447154471545,REALIZED_CLOSED_EQUITY
TP20_T60S,IN_SAMPLE_CANDIDATE,ENTRY_PRICE_IMPACT_BPS_QUARTILE,Q3,158,False,142,16,0.898734177215,-138587986,-975971.732394,61,81,0.429577464789,REALIZED_CLOSED_EQUITY
TP20_T60S,IN_SAMPLE_CANDIDATE,ENTRY_PRICE_IMPACT_BPS_QUARTILE,Q4,155,False,139,16,0.896774193548,75820993,545474.769784,70,69,0.503597122302,REALIZED_CLOSED_EQUITY
TP20_T60S,IN_SAMPLE_CANDIDATE,ENTRY_ADVERSE_SLIPPAGE_BPS_QUARTILE,Q1,249,False,223,26,0.895582329317,-146638257,-657570.659193,99,124,0.443946188341,REALIZED_CLOSED_EQUITY
TP20_T60S,IN_SAMPLE_CANDIDATE,ENTRY_ADVERSE_SLIPPAGE_BPS_QUARTILE,Q2,69,False,60,9,0.869565217391,-95216993,-1586949.883333,28,32,0.466666666667,REALIZED_CLOSED_EQUITY
TP20_T60S,IN_SAMPLE_CANDIDATE,ENTRY_ADVERSE_SLIPPAGE_BPS_QUARTILE,Q3,159,False,151,8,0.949685534591,-715798490,-4740387.350993,67,84,0.443708609272,REALIZED_CLOSED_EQUITY
TP20_T60S,IN_SAMPLE_CANDIDATE,ENTRY_ADVERSE_SLIPPAGE_BPS_QUARTILE,Q4,158,False,146,12,0.924050632911,135236329,926276.226027,83,63,0.568493150685,REALIZED_CLOSED_EQUITY
TP40_T30S,IN_SAMPLE_CANDIDATE,ENTRY_UTC_TIME,00:00-05:59,207,False,196,11,0.946859903382,390251365,1991078.392857,80,116,0.408163265306,REALIZED_CLOSED_EQUITY
TP40_T30S,IN_SAMPLE_CANDIDATE,ENTRY_UTC_TIME,06:00-11:59,206,False,191,15,0.927184466019,-1378459432,-7217065.089005,67,124,0.350785340314,REALIZED_CLOSED_EQUITY
TP40_T30S,IN_SAMPLE_CANDIDATE,ENTRY_UTC_TIME,12:00-17:59,93,False,89,4,0.956989247312,-198444126,-2229709.280899,31,58,0.348314606742,REALIZED_CLOSED_EQUITY
TP40_T30S,IN_SAMPLE_CANDIDATE,ENTRY_UTC_TIME,18:00-23:59,129,False,122,7,0.945736434109,-272612901,-2234531.975410,41,81,0.336065573770,REALIZED_CLOSED_EQUITY
TP40_T30S,IN_SAMPLE_CANDIDATE,ENTRY_PRICE_IMPACT_BPS_QUARTILE,Q1,190,False,174,16,0.915789473684,-564465387,-3244053.948276,70,104,0.402298850575,REALIZED_CLOSED_EQUITY
TP40_T30S,IN_SAMPLE_CANDIDATE,ENTRY_PRICE_IMPACT_BPS_QUARTILE,Q2,132,False,128,4,0.969696969697,-171993175,-1343696.679688,46,82,0.359375000000,REALIZED_CLOSED_EQUITY
TP40_T30S,IN_SAMPLE_CANDIDATE,ENTRY_PRICE_IMPACT_BPS_QUARTILE,Q3,158,False,149,9,0.943037974684,-284067120,-1906490.738255,47,102,0.315436241611,REALIZED_CLOSED_EQUITY
TP40_T30S,IN_SAMPLE_CANDIDATE,ENTRY_PRICE_IMPACT_BPS_QUARTILE,Q4,155,False,147,8,0.948387096774,-438739412,-2984621.850340,56,91,0.380952380952,REALIZED_CLOSED_EQUITY
TP40_T30S,IN_SAMPLE_CANDIDATE,ENTRY_ADVERSE_SLIPPAGE_BPS_QUARTILE,Q1,249,False,231,18,0.927710843373,-274245271,-1187208.965368,86,145,0.372294372294,REALIZED_CLOSED_EQUITY
TP40_T30S,IN_SAMPLE_CANDIDATE,ENTRY_ADVERSE_SLIPPAGE_BPS_QUARTILE,Q2,69,False,63,6,0.913043478261,10008090,158858.571429,24,39,0.380952380952,REALIZED_CLOSED_EQUITY
TP40_T30S,IN_SAMPLE_CANDIDATE,ENTRY_ADVERSE_SLIPPAGE_BPS_QUARTILE,Q3,159,False,153,6,0.962264150943,-1212982845,-7927992.450980,45,108,0.294117647059,REALIZED_CLOSED_EQUITY
TP40_T30S,IN_SAMPLE_CANDIDATE,ENTRY_ADVERSE_SLIPPAGE_BPS_QUARTILE,Q4,158,False,151,7,0.955696202532,17954932,118906.834437,64,87,0.423841059603,REALIZED_CLOSED_EQUITY
TP10_SL30_T30S,IN_SAMPLE_CANDIDATE,ENTRY_UTC_TIME,00:00-05:59,207,False,197,10,0.951690821256,365064381,1853118.685279,90,107,0.456852791878,REALIZED_CLOSED_EQUITY
TP10_SL30_T30S,IN_SAMPLE_CANDIDATE,ENTRY_UTC_TIME,06:00-11:59,206,False,195,11,0.946601941748,-1180143855,-6052019.769231,75,120,0.384615384615,REALIZED_CLOSED_EQUITY
TP10_SL30_T30S,IN_SAMPLE_CANDIDATE,ENTRY_UTC_TIME,12:00-17:59,93,False,90,3,0.967741935484,-266183784,-2957597.600000,37,53,0.411111111111,REALIZED_CLOSED_EQUITY
TP10_SL30_T30S,IN_SAMPLE_CANDIDATE,ENTRY_UTC_TIME,18:00-23:59,129,False,123,6,0.953488372093,-333044922,-2707682.292683,44,79,0.357723577236,REALIZED_CLOSED_EQUITY
TP10_SL30_T30S,IN_SAMPLE_CANDIDATE,ENTRY_PRICE_IMPACT_BPS_QUARTILE,Q1,190,False,177,13,0.931578947368,-81011258,-457690.723164,87,90,0.491525423729,REALIZED_CLOSED_EQUITY
TP10_SL30_T30S,IN_SAMPLE_CANDIDATE,ENTRY_PRICE_IMPACT_BPS_QUARTILE,Q2,132,False,129,3,0.977272727273,-236845919,-1836014.875969,53,76,0.410852713178,REALIZED_CLOSED_EQUITY
TP10_SL30_T30S,IN_SAMPLE_CANDIDATE,ENTRY_PRICE_IMPACT_BPS_QUARTILE,Q3,158,False,151,7,0.955696202532,-496718250,-3289524.834437,50,101,0.331125827815,REALIZED_CLOSED_EQUITY
TP10_SL30_T30S,IN_SAMPLE_CANDIDATE,ENTRY_PRICE_IMPACT_BPS_QUARTILE,Q4,155,False,148,7,0.954838709677,-599732753,-4052248.331081,56,92,0.378378378378,REALIZED_CLOSED_EQUITY
TP10_SL30_T30S,IN_SAMPLE_CANDIDATE,ENTRY_ADVERSE_SLIPPAGE_BPS_QUARTILE,Q1,249,False,235,14,0.943775100402,-572895395,-2437852.744681,87,148,0.370212765957,REALIZED_CLOSED_EQUITY
TP10_SL30_T30S,IN_SAMPLE_CANDIDATE,ENTRY_ADVERSE_SLIPPAGE_BPS_QUARTILE,Q2,69,False,63,6,0.913043478261,-8426161,-133748.587302,28,35,0.444444444444,REALIZED_CLOSED_EQUITY
TP10_SL30_T30S,IN_SAMPLE_CANDIDATE,ENTRY_ADVERSE_SLIPPAGE_BPS_QUARTILE,Q3,159,False,154,5,0.968553459119,-958465935,-6223804.772727,54,100,0.350649350649,REALIZED_CLOSED_EQUITY
TP10_SL30_T30S,IN_SAMPLE_CANDIDATE,ENTRY_ADVERSE_SLIPPAGE_BPS_QUARTILE,Q4,158,False,153,5,0.968354430380,125479311,820126.215686,77,76,0.503267973856,REALIZED_CLOSED_EQUITY
TRAIL_A10_G3_T30S,IN_SAMPLE_CANDIDATE,ENTRY_UTC_TIME,00:00-05:59,207,False,196,11,0.946859903382,398321323,2032251.647959,81,115,0.413265306122,REALIZED_CLOSED_EQUITY
TRAIL_A10_G3_T30S,IN_SAMPLE_CANDIDATE,ENTRY_UTC_TIME,06:00-11:59,206,False,190,16,0.922330097087,-1304678929,-6866731.205263,64,126,0.336842105263,REALIZED_CLOSED_EQUITY
TRAIL_A10_G3_T30S,IN_SAMPLE_CANDIDATE,ENTRY_UTC_TIME,12:00-17:59,93,False,89,4,0.956989247312,-101436435,-1139735.224719,33,56,0.370786516854,REALIZED_CLOSED_EQUITY
TRAIL_A10_G3_T30S,IN_SAMPLE_CANDIDATE,ENTRY_UTC_TIME,18:00-23:59,129,False,122,7,0.945736434109,-199410286,-1634510.540984,42,80,0.344262295082,REALIZED_CLOSED_EQUITY
TRAIL_A10_G3_T30S,IN_SAMPLE_CANDIDATE,ENTRY_PRICE_IMPACT_BPS_QUARTILE,Q1,190,False,175,15,0.921052631579,-302461659,-1728352.337143,74,101,0.422857142857,REALIZED_CLOSED_EQUITY
TRAIL_A10_G3_T30S,IN_SAMPLE_CANDIDATE,ENTRY_PRICE_IMPACT_BPS_QUARTILE,Q2,132,False,128,4,0.969696969697,21241546,165949.578125,48,80,0.375000000000,REALIZED_CLOSED_EQUITY
TRAIL_A10_G3_T30S,IN_SAMPLE_CANDIDATE,ENTRY_PRICE_IMPACT_BPS_QUARTILE,Q3,158,False,149,9,0.943037974684,-204858376,-1374888.429530,47,102,0.315436241611,REALIZED_CLOSED_EQUITY
TRAIL_A10_G3_T30S,IN_SAMPLE_CANDIDATE,ENTRY_PRICE_IMPACT_BPS_QUARTILE,Q4,155,False,145,10,0.935483870968,-721125838,-4973281.641379,51,94,0.351724137931,REALIZED_CLOSED_EQUITY
TRAIL_A10_G3_T30S,IN_SAMPLE_CANDIDATE,ENTRY_ADVERSE_SLIPPAGE_BPS_QUARTILE,Q1,249,False,230,19,0.923694779116,-46914547,-203976.291304,85,145,0.369565217391,REALIZED_CLOSED_EQUITY
TRAIL_A10_G3_T30S,IN_SAMPLE_CANDIDATE,ENTRY_ADVERSE_SLIPPAGE_BPS_QUARTILE,Q2,69,False,62,7,0.898550724638,-89816889,-1448659.500000,21,41,0.338709677419,REALIZED_CLOSED_EQUITY
TRAIL_A10_G3_T30S,IN_SAMPLE_CANDIDATE,ENTRY_ADVERSE_SLIPPAGE_BPS_QUARTILE,Q3,159,False,154,5,0.968553459119,-1194259486,-7754931.727273,48,106,0.311688311688,REALIZED_CLOSED_EQUITY
TRAIL_A10_G3_T30S,IN_SAMPLE_CANDIDATE,ENTRY_ADVERSE_SLIPPAGE_BPS_QUARTILE,Q4,158,False,151,7,0.955696202532,123786595,819778.774834,66,85,0.437086092715,REALIZED_CLOSED_EQUITY
TRAIL_A15_G3_T30S,IN_SAMPLE_CANDIDATE,ENTRY_UTC_TIME,00:00-05:59,207,False,196,11,0.946859903382,408543273,2084404.454082,81,115,0.413265306122,REALIZED_CLOSED_EQUITY
TRAIL_A15_G3_T30S,IN_SAMPLE_CANDIDATE,ENTRY_UTC_TIME,06:00-11:59,206,False,189,17,0.917475728155,-1239811993,-6559851.814815,65,124,0.343915343915,REALIZED_CLOSED_EQUITY
TRAIL_A15_G3_T30S,IN_SAMPLE_CANDIDATE,ENTRY_UTC_TIME,12:00-17:59,93,False,88,5,0.946236559140,-121850236,-1384661.772727,32,56,0.363636363636,REALIZED_CLOSED_EQUITY
TRAIL_A15_G3_T30S,IN_SAMPLE_CANDIDATE,ENTRY_UTC_TIME,18:00-23:59,129,False,122,7,0.945736434109,-224991034,-1844188.803279,42,80,0.344262295082,REALIZED_CLOSED_EQUITY
TRAIL_A15_G3_T30S,IN_SAMPLE_CANDIDATE,ENTRY_PRICE_IMPACT_BPS_QUARTILE,Q1,190,False,174,16,0.915789473684,-285420576,-1640348.137931,73,101,0.419540229885,REALIZED_CLOSED_EQUITY
TRAIL_A15_G3_T30S,IN_SAMPLE_CANDIDATE,ENTRY_PRICE_IMPACT_BPS_QUARTILE,Q2,132,False,128,4,0.969696969697,18424577,143942.007813,49,79,0.382812500000,REALIZED_CLOSED_EQUITY
TRAIL_A15_G3_T30S,IN_SAMPLE_CANDIDATE,ENTRY_PRICE_IMPACT_BPS_QUARTILE,Q3,158,False,149,9,0.943037974684,-216899254,-1455699.691275,47,102,0.315436241611,REALIZED_CLOSED_EQUITY
TRAIL_A15_G3_T30S,IN_SAMPLE_CANDIDATE,ENTRY_PRICE_IMPACT_BPS_QUARTILE,Q4,155,False,144,11,0.929032258065,-694214737,-4820935.673611,51,93,0.354166666667,REALIZED_CLOSED_EQUITY
TRAIL_A15_G3_T30S,IN_SAMPLE_CANDIDATE,ENTRY_ADVERSE_SLIPPAGE_BPS_QUARTILE,Q1,249,False,229,20,0.919678714859,-91624841,-400108.475983,85,144,0.371179039301,REALIZED_CLOSED_EQUITY
TRAIL_A15_G3_T30S,IN_SAMPLE_CANDIDATE,ENTRY_ADVERSE_SLIPPAGE_BPS_QUARTILE,Q2,69,False,62,7,0.898550724638,-43718144,-705131.354839,21,41,0.338709677419,REALIZED_CLOSED_EQUITY
TRAIL_A15_G3_T30S,IN_SAMPLE_CANDIDATE,ENTRY_ADVERSE_SLIPPAGE_BPS_QUARTILE,Q3,159,False,154,5,0.968553459119,-1229267761,-7982258.188312,47,107,0.305194805195,REALIZED_CLOSED_EQUITY
TRAIL_A15_G3_T30S,IN_SAMPLE_CANDIDATE,ENTRY_ADVERSE_SLIPPAGE_BPS_QUARTILE,Q4,158,False,150,8,0.949367088608,186500756,1243338.373333,67,83,0.446666666667,REALIZED_CLOSED_EQUITY
