track_id,actual_reason,window_seconds,threshold_bps,eligible_n,reached_n,reached_rate,median_time_to_threshold_ms,small_cell,eligibility_definition
FINAL-A,FALLBACK,5,1000,284,65,0.228873239437,357.003,False,AT_LEAST_ONE_FRESH_CAUSAL_MARK_IN_WINDOW
FINAL-A,FALLBACK,5,1500,284,49,0.172535211268,2100.848,False,AT_LEAST_ONE_FRESH_CAUSAL_MARK_IN_WINDOW
FINAL-A,FALLBACK,5,2000,284,35,0.123239436620,948.561,False,AT_LEAST_ONE_FRESH_CAUSAL_MARK_IN_WINDOW
FINAL-A,FALLBACK,5,2500,284,28,0.098591549296,751.876,False,AT_LEAST_ONE_FRESH_CAUSAL_MARK_IN_WINDOW
FINAL-A,FALLBACK,5,3000,284,20,0.070422535211,841.765,False,AT_LEAST_ONE_FRESH_CAUSAL_MARK_IN_WINDOW
FINAL-A,FALLBACK,5,4000,284,11,0.038732394366,710.372,False,AT_LEAST_ONE_FRESH_CAUSAL_MARK_IN_WINDOW
FINAL-A,FALLBACK,5,5000,284,8,0.028169014085,165.000,False,AT_LEAST_ONE_FRESH_CAUSAL_MARK_IN_WINDOW
FINAL-A,FALLBACK,10,1000,358,97,0.270949720670,3724.225,False,AT_LEAST_ONE_FRESH_CAUSAL_MARK_IN_WINDOW
FINAL-A,FALLBACK,10,1500,358,68,0.189944134078,3576.383,False,AT_LEAST_ONE_FRESH_CAUSAL_MARK_IN_WINDOW
FINAL-A,FALLBACK,10,2000,358,56,0.156424581006,3993.118,False,AT_LEAST_ONE_FRESH_CAUSAL_MARK_IN_WINDOW
FINAL-A,FALLBACK,10,2500,358,45,0.125698324022,3677.654,False,AT_LEAST_ONE_FRESH_CAUSAL_MARK_IN_WINDOW
FINAL-A,FALLBACK,10,3000,358,37,0.103351955307,3826.555,False,AT_LEAST_ONE_FRESH_CAUSAL_MARK_IN_WINDOW
FINAL-A,FALLBACK,10,4000,358,27,0.075418994413,6529.741,False,AT_LEAST_ONE_FRESH_CAUSAL_MARK_IN_WINDOW
FINAL-A,FALLBACK,10,5000,358,17,0.047486033520,6296.472,False,AT_LEAST_ONE_FRESH_CAUSAL_MARK_IN_WINDOW
FINAL-A,FALLBACK,15,1000,384,125,0.325520833333,4622.849,False,AT_LEAST_ONE_FRESH_CAUSAL_MARK_IN_WINDOW
FINAL-A,FALLBACK,15,1500,384,94,0.244791666667,4626.942,False,AT_LEAST_ONE_FRESH_CAUSAL_MARK_IN_WINDOW
FINAL-A,FALLBACK,15,2000,384,79,0.205729166667,6774.042,False,AT_LEAST_ONE_FRESH_CAUSAL_MARK_IN_WINDOW
FINAL-A,FALLBACK,15,2500,384,68,0.177083333333,6774.042,False,AT_LEAST_ONE_FRESH_CAUSAL_MARK_IN_WINDOW
FINAL-A,FALLBACK,15,3000,384,61,0.158854166667,7474.328,False,AT_LEAST_ONE_FRESH_CAUSAL_MARK_IN_WINDOW
FINAL-A,FALLBACK,15,4000,384,45,0.117187500000,8466.950,False,AT_LEAST_ONE_FRESH_CAUSAL_MARK_IN_WINDOW
FINAL-A,FALLBACK,15,5000,384,32,0.083333333333,9219.638,False,AT_LEAST_ONE_FRESH_CAUSAL_MARK_IN_WINDOW
FINAL-A,FALLBACK,30,1000,412,164,0.398058252427,7854.009,False,AT_LEAST_ONE_FRESH_CAUSAL_MARK_IN_WINDOW
FINAL-A,FALLBACK,30,1500,412,131,0.317961165049,9632.330,False,AT_LEAST_ONE_FRESH_CAUSAL_MARK_IN_WINDOW
FINAL-A,FALLBACK,30,2000,412,110,0.266990291262,9688.475,False,AT_LEAST_ONE_FRESH_CAUSAL_MARK_IN_WINDOW
FINAL-A,FALLBACK,30,2500,412,96,0.233009708738,10192.224,False,AT_LEAST_ONE_FRESH_CAUSAL_MARK_IN_WINDOW
FINAL-A,FALLBACK,30,3000,412,84,0.203883495146,10599.152,False,AT_LEAST_ONE_FRESH_CAUSAL_MARK_IN_WINDOW
FINAL-A,FALLBACK,30,4000,412,62,0.150485436893,10650.660,False,AT_LEAST_ONE_FRESH_CAUSAL_MARK_IN_WINDOW
FINAL-A,FALLBACK,30,5000,412,51,0.123786407767,13668.041,False,AT_LEAST_ONE_FRESH_CAUSAL_MARK_IN_WINDOW
FINAL-A,FALLBACK,45,1000,421,190,0.451306413302,9632.330,False,AT_LEAST_ONE_FRESH_CAUSAL_MARK_IN_WINDOW
FINAL-A,FALLBACK,45,1500,421,158,0.375296912114,10928.946,False,AT_LEAST_ONE_FRESH_CAUSAL_MARK_IN_WINDOW
FINAL-A,FALLBACK,45,2000,421,137,0.325415676960,11297.694,False,AT_LEAST_ONE_FRESH_CAUSAL_MARK_IN_WINDOW
FINAL-A,FALLBACK,45,2500,421,120,0.285035629454,13335.159,False,AT_LEAST_ONE_FRESH_CAUSAL_MARK_IN_WINDOW
FINAL-A,FALLBACK,45,3000,421,104,0.247030878860,12561.997,False,AT_LEAST_ONE_FRESH_CAUSAL_MARK_IN_WINDOW
FINAL-A,FALLBACK,45,4000,421,80,0.190023752969,13335.159,False,AT_LEAST_ONE_FRESH_CAUSAL_MARK_IN_WINDOW
FINAL-A,FALLBACK,45,5000,421,65,0.154394299287,15375.040,False,AT_LEAST_ONE_FRESH_CAUSAL_MARK_IN_WINDOW
FINAL-A,FALLBACK,60,1000,423,206,0.486997635934,10330.786,False,AT_LEAST_ONE_FRESH_CAUSAL_MARK_IN_WINDOW
FINAL-A,FALLBACK,60,1500,423,177,0.418439716312,12989.694,False,AT_LEAST_ONE_FRESH_CAUSAL_MARK_IN_WINDOW
FINAL-A,FALLBACK,60,2000,423,156,0.368794326241,14372.573,False,AT_LEAST_ONE_FRESH_CAUSAL_MARK_IN_WINDOW
FINAL-A,FALLBACK,60,2500,423,139,0.328605200946,15523.358,False,AT_LEAST_ONE_FRESH_CAUSAL_MARK_IN_WINDOW
FINAL-A,FALLBACK,60,3000,423,120,0.283687943262,14372.573,False,AT_LEAST_ONE_FRESH_CAUSAL_MARK_IN_WINDOW
FINAL-A,FALLBACK,60,4000,423,94,0.222222222222,17591.577,False,AT_LEAST_ONE_FRESH_CAUSAL_MARK_IN_WINDOW
FINAL-A,FALLBACK,60,5000,423,73,0.172576832151,18083.815,False,AT_LEAST_ONE_FRESH_CAUSAL_MARK_IN_WINDOW
FINAL-A,TAKE_PROFIT,5,1000,146,33,0.226027397260,503.999,False,AT_LEAST_ONE_FRESH_CAUSAL_MARK_IN_WINDOW
FINAL-A,TAKE_PROFIT,5,1500,146,25,0.171232876712,761.934,False,AT_LEAST_ONE_FRESH_CAUSAL_MARK_IN_WINDOW
FINAL-A,TAKE_PROFIT,5,2000,146,13,0.089041095890,3605.470,False,AT_LEAST_ONE_FRESH_CAUSAL_MARK_IN_WINDOW
FINAL-A,TAKE_PROFIT,5,2500,146,9,0.061643835616,3709.302,False,AT_LEAST_ONE_FRESH_CAUSAL_MARK_IN_WINDOW
FINAL-A,TAKE_PROFIT,5,3000,146,7,0.047945205479,3762.372,False,AT_LEAST_ONE_FRESH_CAUSAL_MARK_IN_WINDOW
FINAL-A,TAKE_PROFIT,5,4000,146,4,0.027397260274,3709.302,False,AT_LEAST_ONE_FRESH_CAUSAL_MARK_IN_WINDOW
FINAL-A,TAKE_PROFIT,5,5000,146,3,0.020547945205,3709.302,False,AT_LEAST_ONE_FRESH_CAUSAL_MARK_IN_WINDOW
FINAL-A,TAKE_PROFIT,10,1000,156,42,0.269230769231,2821.955,False,AT_LEAST_ONE_FRESH_CAUSAL_MARK_IN_WINDOW
FINAL-A,TAKE_PROFIT,10,1500,156,31,0.198717948718,2951.511,False,AT_LEAST_ONE_FRESH_CAUSAL_MARK_IN_WINDOW
FINAL-A,TAKE_PROFIT,10,2000,156,23,0.147435897436,4537.451,False,AT_LEAST_ONE_FRESH_CAUSAL_MARK_IN_WINDOW
FINAL-A,TAKE_PROFIT,10,2500,156,17,0.108974358974,4735.517,False,AT_LEAST_ONE_FRESH_CAUSAL_MARK_IN_WINDOW
FINAL-A,TAKE_PROFIT,10,3000,156,16,0.102564102564,5036.448,False,AT_LEAST_ONE_FRESH_CAUSAL_MARK_IN_WINDOW
FINAL-A,TAKE_PROFIT,10,4000,156,12,0.076923076923,7074.999,False,AT_LEAST_ONE_FRESH_CAUSAL_MARK_IN_WINDOW
FINAL-A,TAKE_PROFIT,10,5000,156,7,0.044871794872,7074.999,False,AT_LEAST_ONE_FRESH_CAUSAL_MARK_IN_WINDOW
FINAL-A,TAKE_PROFIT,15,1000,162,51,0.314814814815,3476.121,False,AT_LEAST_ONE_FRESH_CAUSAL_MARK_IN_WINDOW
FINAL-A,TAKE_PROFIT,15,1500,162,42,0.259259259259,3686.302,False,AT_LEAST_ONE_FRESH_CAUSAL_MARK_IN_WINDOW
FINAL-A,TAKE_PROFIT,15,2000,162,31,0.191358024691,7188.461,False,AT_LEAST_ONE_FRESH_CAUSAL_MARK_IN_WINDOW
FINAL-A,TAKE_PROFIT,15,2500,162,24,0.148148148148,7074.999,False,AT_LEAST_ONE_FRESH_CAUSAL_MARK_IN_WINDOW
FINAL-A,TAKE_PROFIT,15,3000,162,21,0.129629629630,7305.274,False,AT_LEAST_ONE_FRESH_CAUSAL_MARK_IN_WINDOW
FINAL-A,TAKE_PROFIT,15,4000,162,16,0.098765432099,7654.771,False,AT_LEAST_ONE_FRESH_CAUSAL_MARK_IN_WINDOW
FINAL-A,TAKE_PROFIT,15,5000,162,10,0.061728395062,7343.274,False,AT_LEAST_ONE_FRESH_CAUSAL_MARK_IN_WINDOW
FINAL-A,TAKE_PROFIT,30,1000,165,65,0.393939393939,4537.451,False,AT_LEAST_ONE_FRESH_CAUSAL_MARK_IN_WINDOW
FINAL-A,TAKE_PROFIT,30,1500,165,58,0.351515151515,7305.274,False,AT_LEAST_ONE_FRESH_CAUSAL_MARK_IN_WINDOW
FINAL-A,TAKE_PROFIT,30,2000,165,48,0.290909090909,10798.681,False,AT_LEAST_ONE_FRESH_CAUSAL_MARK_IN_WINDOW
FINAL-A,TAKE_PROFIT,30,2500,165,40,0.242424242424,12913.658,False,AT_LEAST_ONE_FRESH_CAUSAL_MARK_IN_WINDOW
FINAL-A,TAKE_PROFIT,30,3000,165,36,0.218181818182,13310.459,False,AT_LEAST_ONE_FRESH_CAUSAL_MARK_IN_WINDOW
FINAL-A,TAKE_PROFIT,30,4000,165,29,0.175757575758,14301.387,False,AT_LEAST_ONE_FRESH_CAUSAL_MARK_IN_WINDOW
FINAL-A,TAKE_PROFIT,30,5000,165,22,0.133333333333,17245.970,False,AT_LEAST_ONE_FRESH_CAUSAL_MARK_IN_WINDOW
FINAL-A,TAKE_PROFIT,45,1000,167,76,0.455089820359,7480.327,False,AT_LEAST_ONE_FRESH_CAUSAL_MARK_IN_WINDOW
FINAL-A,TAKE_PROFIT,45,1500,167,68,0.407185628743,11006.204,False,AT_LEAST_ONE_FRESH_CAUSAL_MARK_IN_WINDOW
FINAL-A,TAKE_PROFIT,45,2000,167,61,0.365269461078,14246.009,False,AT_LEAST_ONE_FRESH_CAUSAL_MARK_IN_WINDOW
FINAL-A,TAKE_PROFIT,45,2500,167,50,0.299401197605,15609.481,False,AT_LEAST_ONE_FRESH_CAUSAL_MARK_IN_WINDOW
FINAL-A,TAKE_PROFIT,45,3000,167,45,0.269461077844,18213.637,False,AT_LEAST_ONE_FRESH_CAUSAL_MARK_IN_WINDOW
FINAL-A,TAKE_PROFIT,45,4000,167,33,0.197604790419,17323.939,False,AT_LEAST_ONE_FRESH_CAUSAL_MARK_IN_WINDOW
FINAL-A,TAKE_PROFIT,45,5000,167,26,0.155688622754,20812.046,False,AT_LEAST_ONE_FRESH_CAUSAL_MARK_IN_WINDOW
FINAL-A,TAKE_PROFIT,60,1000,167,82,0.491017964072,9024.793,False,AT_LEAST_ONE_FRESH_CAUSAL_MARK_IN_WINDOW
FINAL-A,TAKE_PROFIT,60,1500,167,73,0.437125748503,12986.909,False,AT_LEAST_ONE_FRESH_CAUSAL_MARK_IN_WINDOW
FINAL-A,TAKE_PROFIT,60,2000,167,67,0.401197604790,18451.091,False,AT_LEAST_ONE_FRESH_CAUSAL_MARK_IN_WINDOW
FINAL-A,TAKE_PROFIT,60,2500,167,57,0.341317365269,20608.546,False,AT_LEAST_ONE_FRESH_CAUSAL_MARK_IN_WINDOW
FINAL-A,TAKE_PROFIT,60,3000,167,51,0.305389221557,21185.895,False,AT_LEAST_ONE_FRESH_CAUSAL_MARK_IN_WINDOW
FINAL-A,TAKE_PROFIT,60,4000,167,40,0.239520958084,21520.463,False,AT_LEAST_ONE_FRESH_CAUSAL_MARK_IN_WINDOW
FINAL-A,TAKE_PROFIT,60,5000,167,29,0.173652694611,23638.147,False,AT_LEAST_ONE_FRESH_CAUSAL_MARK_IN_WINDOW
FINAL-B,FALLBACK,5,1000,346,79,0.228323699422,832.000,False,AT_LEAST_ONE_FRESH_CAUSAL_MARK_IN_WINDOW
FINAL-B,FALLBACK,5,1500,346,58,0.167630057803,3080.279,False,AT_LEAST_ONE_FRESH_CAUSAL_MARK_IN_WINDOW
FINAL-B,FALLBACK,5,2000,346,41,0.118497109827,3164.789,False,AT_LEAST_ONE_FRESH_CAUSAL_MARK_IN_WINDOW
FINAL-B,FALLBACK,5,2500,346,33,0.095375722543,3155.899,False,AT_LEAST_ONE_FRESH_CAUSAL_MARK_IN_WINDOW
FINAL-B,FALLBACK,5,3000,346,23,0.066473988439,3155.899,False,AT_LEAST_ONE_FRESH_CAUSAL_MARK_IN_WINDOW
FINAL-B,FALLBACK,5,4000,346,11,0.031791907514,710.372,False,AT_LEAST_ONE_FRESH_CAUSAL_MARK_IN_WINDOW
FINAL-B,FALLBACK,5,5000,346,8,0.023121387283,165.000,False,AT_LEAST_ONE_FRESH_CAUSAL_MARK_IN_WINDOW
FINAL-B,FALLBACK,10,1000,431,116,0.269141531323,3716.135,False,AT_LEAST_ONE_FRESH_CAUSAL_MARK_IN_WINDOW
FINAL-B,FALLBACK,10,1500,431,79,0.183294663573,3744.803,False,AT_LEAST_ONE_FRESH_CAUSAL_MARK_IN_WINDOW
FINAL-B,FALLBACK,10,2000,431,65,0.150812064965,4084.499,False,AT_LEAST_ONE_FRESH_CAUSAL_MARK_IN_WINDOW
FINAL-B,FALLBACK,10,2500,431,53,0.122969837587,3780.558,False,AT_LEAST_ONE_FRESH_CAUSAL_MARK_IN_WINDOW
FINAL-B,FALLBACK,10,3000,431,43,0.099767981439,4239.204,False,AT_LEAST_ONE_FRESH_CAUSAL_MARK_IN_WINDOW
FINAL-B,FALLBACK,10,4000,431,29,0.067285382831,6529.741,False,AT_LEAST_ONE_FRESH_CAUSAL_MARK_IN_WINDOW
FINAL-B,FALLBACK,10,5000,431,17,0.039443155452,6296.472,False,AT_LEAST_ONE_FRESH_CAUSAL_MARK_IN_WINDOW
FINAL-B,FALLBACK,15,1000,463,146,0.315334773218,4315.186,False,AT_LEAST_ONE_FRESH_CAUSAL_MARK_IN_WINDOW
FINAL-B,FALLBACK,15,1500,463,108,0.233261339093,4548.654,False,AT_LEAST_ONE_FRESH_CAUSAL_MARK_IN_WINDOW
FINAL-B,FALLBACK,15,2000,463,92,0.198704103672,6774.042,False,AT_LEAST_ONE_FRESH_CAUSAL_MARK_IN_WINDOW
FINAL-B,FALLBACK,15,2500,463,78,0.168466522678,6755.863,False,AT_LEAST_ONE_FRESH_CAUSAL_MARK_IN_WINDOW
FINAL-B,FALLBACK,15,3000,463,69,0.149028077754,7218.841,False,AT_LEAST_ONE_FRESH_CAUSAL_MARK_IN_WINDOW
FINAL-B,FALLBACK,15,4000,463,50,0.107991360691,8509.187,False,AT_LEAST_ONE_FRESH_CAUSAL_MARK_IN_WINDOW
FINAL-B,FALLBACK,15,5000,463,35,0.075593952484,10259.389,False,AT_LEAST_ONE_FRESH_CAUSAL_MARK_IN_WINDOW
FINAL-B,FALLBACK,30,1000,495,193,0.389898989899,7402.944,False,AT_LEAST_ONE_FRESH_CAUSAL_MARK_IN_WINDOW
FINAL-B,FALLBACK,30,1500,495,152,0.307070707071,9619.887,False,AT_LEAST_ONE_FRESH_CAUSAL_MARK_IN_WINDOW
FINAL-B,FALLBACK,30,2000,495,128,0.258585858586,9688.475,False,AT_LEAST_ONE_FRESH_CAUSAL_MARK_IN_WINDOW
FINAL-B,FALLBACK,30,2500,495,112,0.226262626263,10192.224,False,AT_LEAST_ONE_FRESH_CAUSAL_MARK_IN_WINDOW
FINAL-B,FALLBACK,30,3000,495,95,0.191919191919,10593.326,False,AT_LEAST_ONE_FRESH_CAUSAL_MARK_IN_WINDOW
FINAL-B,FALLBACK,30,4000,495,70,0.141414141414,10705.469,False,AT_LEAST_ONE_FRESH_CAUSAL_MARK_IN_WINDOW
FINAL-B,FALLBACK,30,5000,495,56,0.113131313131,13668.041,False,AT_LEAST_ONE_FRESH_CAUSAL_MARK_IN_WINDOW
FINAL-B,FALLBACK,45,1000,505,224,0.443564356436,9523.094,False,AT_LEAST_ONE_FRESH_CAUSAL_MARK_IN_WINDOW
FINAL-B,FALLBACK,45,1500,505,183,0.362376237624,10952.660,False,AT_LEAST_ONE_FRESH_CAUSAL_MARK_IN_WINDOW
FINAL-B,FALLBACK,45,2000,505,159,0.314851485149,12077.916,False,AT_LEAST_ONE_FRESH_CAUSAL_MARK_IN_WINDOW
FINAL-B,FALLBACK,45,2500,505,140,0.277227722772,13664.073,False,AT_LEAST_ONE_FRESH_CAUSAL_MARK_IN_WINDOW
FINAL-B,FALLBACK,45,3000,505,119,0.235643564356,12561.997,False,AT_LEAST_ONE_FRESH_CAUSAL_MARK_IN_WINDOW
FINAL-B,FALLBACK,45,4000,505,90,0.178217821782,13668.041,False,AT_LEAST_ONE_FRESH_CAUSAL_MARK_IN_WINDOW
FINAL-B,FALLBACK,45,5000,505,71,0.140594059406,15375.040,False,AT_LEAST_ONE_FRESH_CAUSAL_MARK_IN_WINDOW
FINAL-B,FALLBACK,60,1000,507,241,0.475345167653,10328.093,False,AT_LEAST_ONE_FRESH_CAUSAL_MARK_IN_WINDOW
FINAL-B,FALLBACK,60,1500,507,205,0.404339250493,13673.940,False,AT_LEAST_ONE_FRESH_CAUSAL_MARK_IN_WINDOW
FINAL-B,FALLBACK,60,2000,507,181,0.357001972387,14688.841,False,AT_LEAST_ONE_FRESH_CAUSAL_MARK_IN_WINDOW
FINAL-B,FALLBACK,60,2500,507,162,0.319526627219,15613.153,False,AT_LEAST_ONE_FRESH_CAUSAL_MARK_IN_WINDOW
FINAL-B,FALLBACK,60,3000,507,139,0.274161735700,15525.358,False,AT_LEAST_ONE_FRESH_CAUSAL_MARK_IN_WINDOW
FINAL-B,FALLBACK,60,4000,507,110,0.216962524655,17689.655,False,AT_LEAST_ONE_FRESH_CAUSAL_MARK_IN_WINDOW
FINAL-B,FALLBACK,60,5000,507,84,0.165680473373,18222.479,False,AT_LEAST_ONE_FRESH_CAUSAL_MARK_IN_WINDOW
FINAL-B,TRAIL,5,1000,76,19,0.250000000000,3574.076,False,AT_LEAST_ONE_FRESH_CAUSAL_MARK_IN_WINDOW
FINAL-B,TRAIL,5,1500,76,15,0.197368421053,3602.468,False,AT_LEAST_ONE_FRESH_CAUSAL_MARK_IN_WINDOW
FINAL-B,TRAIL,5,2000,76,13,0.171052631579,3609.834,False,AT_LEAST_ONE_FRESH_CAUSAL_MARK_IN_WINDOW
FINAL-B,TRAIL,5,2500,76,9,0.118421052632,3532.146,False,AT_LEAST_ONE_FRESH_CAUSAL_MARK_IN_WINDOW
FINAL-B,TRAIL,5,3000,76,7,0.092105263158,3532.146,False,AT_LEAST_ONE_FRESH_CAUSAL_MARK_IN_WINDOW
FINAL-B,TRAIL,5,4000,76,3,0.039473684211,3183.580,False,AT_LEAST_ONE_FRESH_CAUSAL_MARK_IN_WINDOW
FINAL-B,TRAIL,5,5000,76,2,0.026315789474,53.997,False,AT_LEAST_ONE_FRESH_CAUSAL_MARK_IN_WINDOW
FINAL-B,TRAIL,10,1000,81,24,0.296296296296,3609.834,False,AT_LEAST_ONE_FRESH_CAUSAL_MARK_IN_WINDOW
FINAL-B,TRAIL,10,1500,81,19,0.234567901235,3611.233,False,AT_LEAST_ONE_FRESH_CAUSAL_MARK_IN_WINDOW
FINAL-B,TRAIL,10,2000,81,17,0.209876543210,3626.678,False,AT_LEAST_ONE_FRESH_CAUSAL_MARK_IN_WINDOW
FINAL-B,TRAIL,10,2500,81,12,0.148148148148,3609.834,False,AT_LEAST_ONE_FRESH_CAUSAL_MARK_IN_WINDOW
FINAL-B,TRAIL,10,3000,81,10,0.123456790123,3609.834,False,AT_LEAST_ONE_FRESH_CAUSAL_MARK_IN_WINDOW
FINAL-B,TRAIL,10,4000,81,6,0.074074074074,3418.375,False,AT_LEAST_ONE_FRESH_CAUSAL_MARK_IN_WINDOW
FINAL-B,TRAIL,10,5000,81,4,0.049382716049,3191.092,False,AT_LEAST_ONE_FRESH_CAUSAL_MARK_IN_WINDOW
FINAL-B,TRAIL,15,1000,82,26,0.317073170732,3611.233,False,AT_LEAST_ONE_FRESH_CAUSAL_MARK_IN_WINDOW
FINAL-B,TRAIL,15,1500,82,23,0.280487804878,3775.928,False,AT_LEAST_ONE_FRESH_CAUSAL_MARK_IN_WINDOW
FINAL-B,TRAIL,15,2000,82,20,0.243902439024,3775.928,False,AT_LEAST_ONE_FRESH_CAUSAL_MARK_IN_WINDOW
FINAL-B,TRAIL,15,2500,82,13,0.158536585366,3611.233,False,AT_LEAST_ONE_FRESH_CAUSAL_MARK_IN_WINDOW
FINAL-B,TRAIL,15,3000,82,12,0.146341463415,3775.928,False,AT_LEAST_ONE_FRESH_CAUSAL_MARK_IN_WINDOW
FINAL-B,TRAIL,15,4000,82,8,0.097560975610,7312.980,False,AT_LEAST_ONE_FRESH_CAUSAL_MARK_IN_WINDOW
FINAL-B,TRAIL,15,5000,82,6,0.073170731707,7312.980,False,AT_LEAST_ONE_FRESH_CAUSAL_MARK_IN_WINDOW
FINAL-B,TRAIL,30,1000,82,36,0.439024390244,4909.551,False,AT_LEAST_ONE_FRESH_CAUSAL_MARK_IN_WINDOW
FINAL-B,TRAIL,30,1500,82,31,0.378048780488,5072.982,False,AT_LEAST_ONE_FRESH_CAUSAL_MARK_IN_WINDOW
FINAL-B,TRAIL,30,2000,82,29,0.353658536585,8859.020,False,AT_LEAST_ONE_FRESH_CAUSAL_MARK_IN_WINDOW
FINAL-B,TRAIL,30,2500,82,23,0.280487804878,9273.161,False,AT_LEAST_ONE_FRESH_CAUSAL_MARK_IN_WINDOW
FINAL-B,TRAIL,30,3000,82,20,0.243902439024,9273.161,False,AT_LEAST_ONE_FRESH_CAUSAL_MARK_IN_WINDOW
FINAL-B,TRAIL,30,4000,82,17,0.207317073171,20238.172,False,AT_LEAST_ONE_FRESH_CAUSAL_MARK_IN_WINDOW
FINAL-B,TRAIL,30,5000,82,15,0.182926829268,20956.581,False,AT_LEAST_ONE_FRESH_CAUSAL_MARK_IN_WINDOW
FINAL-B,TRAIL,45,1000,82,44,0.536585365854,7654.394,False,AT_LEAST_ONE_FRESH_CAUSAL_MARK_IN_WINDOW
FINAL-B,TRAIL,45,1500,82,40,0.487804878049,10171.568,False,AT_LEAST_ONE_FRESH_CAUSAL_MARK_IN_WINDOW
FINAL-B,TRAIL,45,2000,82,35,0.426829268293,10483.537,False,AT_LEAST_ONE_FRESH_CAUSAL_MARK_IN_WINDOW
FINAL-B,TRAIL,45,2500,82,27,0.329268292683,15609.481,False,AT_LEAST_ONE_FRESH_CAUSAL_MARK_IN_WINDOW
FINAL-B,TRAIL,45,3000,82,25,0.304878048780,20237.173,False,AT_LEAST_ONE_FRESH_CAUSAL_MARK_IN_WINDOW
FINAL-B,TRAIL,45,4000,82,19,0.231707317073,20956.581,False,AT_LEAST_ONE_FRESH_CAUSAL_MARK_IN_WINDOW
FINAL-B,TRAIL,45,5000,82,16,0.195121951220,20956.581,False,AT_LEAST_ONE_FRESH_CAUSAL_MARK_IN_WINDOW
FINAL-B,TRAIL,60,1000,82,48,0.585365853659,9210.967,False,AT_LEAST_ONE_FRESH_CAUSAL_MARK_IN_WINDOW
FINAL-B,TRAIL,60,1500,82,42,0.512195121951,10413.771,False,AT_LEAST_ONE_FRESH_CAUSAL_MARK_IN_WINDOW
FINAL-B,TRAIL,60,2000,82,37,0.451219512195,10622.640,False,AT_LEAST_ONE_FRESH_CAUSAL_MARK_IN_WINDOW
FINAL-B,TRAIL,60,2500,82,32,0.390243902439,20893.581,False,AT_LEAST_ONE_FRESH_CAUSAL_MARK_IN_WINDOW
FINAL-B,TRAIL,60,3000,82,29,0.353658536585,22905.472,False,AT_LEAST_ONE_FRESH_CAUSAL_MARK_IN_WINDOW
FINAL-B,TRAIL,60,4000,82,22,0.268292682927,23549.501,False,AT_LEAST_ONE_FRESH_CAUSAL_MARK_IN_WINDOW
FINAL-B,TRAIL,60,5000,82,18,0.219512195122,21824.870,False,AT_LEAST_ONE_FRESH_CAUSAL_MARK_IN_WINDOW
SENS-C,FALLBACK,5,1000,280,70,0.250000000000,345.545,False,AT_LEAST_ONE_FRESH_CAUSAL_MARK_IN_WINDOW
SENS-C,FALLBACK,5,1500,280,55,0.196428571429,2752.837,False,AT_LEAST_ONE_FRESH_CAUSAL_MARK_IN_WINDOW
SENS-C,FALLBACK,5,2000,280,37,0.132142857143,3295.603,False,AT_LEAST_ONE_FRESH_CAUSAL_MARK_IN_WINDOW
SENS-C,FALLBACK,5,2500,280,23,0.082142857143,292.571,False,AT_LEAST_ONE_FRESH_CAUSAL_MARK_IN_WINDOW
SENS-C,FALLBACK,5,3000,280,22,0.078571428571,2752.837,False,AT_LEAST_ONE_FRESH_CAUSAL_MARK_IN_WINDOW
SENS-C,FALLBACK,5,4000,280,11,0.039285714286,2390.443,False,AT_LEAST_ONE_FRESH_CAUSAL_MARK_IN_WINDOW
SENS-C,FALLBACK,5,5000,280,6,0.021428571429,3170.650,False,AT_LEAST_ONE_FRESH_CAUSAL_MARK_IN_WINDOW
SENS-C,FALLBACK,10,1000,321,99,0.308411214953,3333.561,False,AT_LEAST_ONE_FRESH_CAUSAL_MARK_IN_WINDOW
SENS-C,FALLBACK,10,1500,321,80,0.249221183801,3628.234,False,AT_LEAST_ONE_FRESH_CAUSAL_MARK_IN_WINDOW
SENS-C,FALLBACK,10,2000,321,57,0.177570093458,3745.561,False,AT_LEAST_ONE_FRESH_CAUSAL_MARK_IN_WINDOW
SENS-C,FALLBACK,10,2500,321,40,0.124610591900,3991.287,False,AT_LEAST_ONE_FRESH_CAUSAL_MARK_IN_WINDOW
SENS-C,FALLBACK,10,3000,321,39,0.121495327103,4165.691,False,AT_LEAST_ONE_FRESH_CAUSAL_MARK_IN_WINDOW
SENS-C,FALLBACK,10,4000,321,27,0.084112149533,7139.363,False,AT_LEAST_ONE_FRESH_CAUSAL_MARK_IN_WINDOW
SENS-C,FALLBACK,10,5000,321,15,0.046728971963,7074.999,False,AT_LEAST_ONE_FRESH_CAUSAL_MARK_IN_WINDOW
SENS-C,FALLBACK,15,1000,342,116,0.339181286550,3635.433,False,AT_LEAST_ONE_FRESH_CAUSAL_MARK_IN_WINDOW
SENS-C,FALLBACK,15,1500,342,97,0.283625730994,4150.878,False,AT_LEAST_ONE_FRESH_CAUSAL_MARK_IN_WINDOW
SENS-C,FALLBACK,15,2000,342,74,0.216374269006,4445.573,False,AT_LEAST_ONE_FRESH_CAUSAL_MARK_IN_WINDOW
SENS-C,FALLBACK,15,2500,342,55,0.160818713450,6526.865,False,AT_LEAST_ONE_FRESH_CAUSAL_MARK_IN_WINDOW
SENS-C,FALLBACK,15,3000,342,52,0.152046783626,6526.865,False,AT_LEAST_ONE_FRESH_CAUSAL_MARK_IN_WINDOW
SENS-C,FALLBACK,15,4000,342,40,0.116959064327,7569.067,False,AT_LEAST_ONE_FRESH_CAUSAL_MARK_IN_WINDOW
SENS-C,FALLBACK,15,5000,342,27,0.078947368421,9396.914,False,AT_LEAST_ONE_FRESH_CAUSAL_MARK_IN_WINDOW
SENS-C,FALLBACK,30,1000,355,150,0.422535211268,5909.152,False,AT_LEAST_ONE_FRESH_CAUSAL_MARK_IN_WINDOW
SENS-C,FALLBACK,30,1500,355,125,0.352112676056,6741.128,False,AT_LEAST_ONE_FRESH_CAUSAL_MARK_IN_WINDOW
SENS-C,FALLBACK,30,2000,355,102,0.287323943662,9087.399,False,AT_LEAST_ONE_FRESH_CAUSAL_MARK_IN_WINDOW
SENS-C,FALLBACK,30,2500,355,82,0.230985915493,10928.946,False,AT_LEAST_ONE_FRESH_CAUSAL_MARK_IN_WINDOW
SENS-C,FALLBACK,30,3000,355,80,0.225352112676,10928.946,False,AT_LEAST_ONE_FRESH_CAUSAL_MARK_IN_WINDOW
SENS-C,FALLBACK,30,4000,355,66,0.185915492958,12042.362,False,AT_LEAST_ONE_FRESH_CAUSAL_MARK_IN_WINDOW
SENS-C,FALLBACK,30,5000,355,53,0.149295774648,14995.324,False,AT_LEAST_ONE_FRESH_CAUSAL_MARK_IN_WINDOW
SENS-C,FALLBACK,45,1000,357,169,0.473389355742,7096.623,False,AT_LEAST_ONE_FRESH_CAUSAL_MARK_IN_WINDOW
SENS-C,FALLBACK,45,1500,357,142,0.397759103641,7863.712,False,AT_LEAST_ONE_FRESH_CAUSAL_MARK_IN_WINDOW
SENS-C,FALLBACK,45,2000,357,121,0.338935574230,11018.308,False,AT_LEAST_ONE_FRESH_CAUSAL_MARK_IN_WINDOW
SENS-C,FALLBACK,45,2500,357,98,0.274509803922,13777.825,False,AT_LEAST_ONE_FRESH_CAUSAL_MARK_IN_WINDOW
SENS-C,FALLBACK,45,3000,357,93,0.260504201681,13841.055,False,AT_LEAST_ONE_FRESH_CAUSAL_MARK_IN_WINDOW
SENS-C,FALLBACK,45,4000,357,74,0.207282913165,14203.210,False,AT_LEAST_ONE_FRESH_CAUSAL_MARK_IN_WINDOW
SENS-C,FALLBACK,45,5000,357,61,0.170868347339,17245.970,False,AT_LEAST_ONE_FRESH_CAUSAL_MARK_IN_WINDOW
SENS-C,FALLBACK,60,1000,361,181,0.501385041551,7863.712,False,AT_LEAST_ONE_FRESH_CAUSAL_MARK_IN_WINDOW
SENS-C,FALLBACK,60,1500,361,156,0.432132963989,9860.001,False,AT_LEAST_ONE_FRESH_CAUSAL_MARK_IN_WINDOW
SENS-C,FALLBACK,60,2000,361,129,0.357340720222,12042.362,False,AT_LEAST_ONE_FRESH_CAUSAL_MARK_IN_WINDOW
SENS-C,FALLBACK,60,2500,361,111,0.307479224377,16074.416,False,AT_LEAST_ONE_FRESH_CAUSAL_MARK_IN_WINDOW
SENS-C,FALLBACK,60,3000,361,104,0.288088642659,14715.063,False,AT_LEAST_ONE_FRESH_CAUSAL_MARK_IN_WINDOW
SENS-C,FALLBACK,60,4000,361,83,0.229916897507,16578.413,False,AT_LEAST_ONE_FRESH_CAUSAL_MARK_IN_WINDOW
SENS-C,FALLBACK,60,5000,361,67,0.185595567867,17788.557,False,AT_LEAST_ONE_FRESH_CAUSAL_MARK_IN_WINDOW
SENS-C,TAKE_PROFIT,5,1000,23,7,0.304347826087,91.002,True,AT_LEAST_ONE_FRESH_CAUSAL_MARK_IN_WINDOW
SENS-C,TAKE_PROFIT,5,1500,23,5,0.217391304348,397.724,True,AT_LEAST_ONE_FRESH_CAUSAL_MARK_IN_WINDOW
SENS-C,TAKE_PROFIT,5,2000,23,4,0.173913043478,3311.372,True,AT_LEAST_ONE_FRESH_CAUSAL_MARK_IN_WINDOW
SENS-C,TAKE_PROFIT,5,2500,23,4,0.173913043478,4083.696,True,AT_LEAST_ONE_FRESH_CAUSAL_MARK_IN_WINDOW
SENS-C,TAKE_PROFIT,5,3000,23,3,0.130434782609,4129.820,True,AT_LEAST_ONE_FRESH_CAUSAL_MARK_IN_WINDOW
SENS-C,TAKE_PROFIT,5,4000,23,3,0.130434782609,4140.700,True,AT_LEAST_ONE_FRESH_CAUSAL_MARK_IN_WINDOW
SENS-C,TAKE_PROFIT,5,5000,23,2,0.086956521739,4766.709,True,AT_LEAST_ONE_FRESH_CAUSAL_MARK_IN_WINDOW
SENS-C,TAKE_PROFIT,10,1000,23,10,0.434782608696,498.997,True,AT_LEAST_ONE_FRESH_CAUSAL_MARK_IN_WINDOW
SENS-C,TAKE_PROFIT,10,1500,23,7,0.304347826087,498.997,True,AT_LEAST_ONE_FRESH_CAUSAL_MARK_IN_WINDOW
SENS-C,TAKE_PROFIT,10,2000,23,5,0.217391304348,3617.886,True,AT_LEAST_ONE_FRESH_CAUSAL_MARK_IN_WINDOW
SENS-C,TAKE_PROFIT,10,2500,23,4,0.173913043478,4083.696,True,AT_LEAST_ONE_FRESH_CAUSAL_MARK_IN_WINDOW
SENS-C,TAKE_PROFIT,10,3000,23,4,0.173913043478,4129.820,True,AT_LEAST_ONE_FRESH_CAUSAL_MARK_IN_WINDOW
SENS-C,TAKE_PROFIT,10,4000,23,4,0.173913043478,4140.700,True,AT_LEAST_ONE_FRESH_CAUSAL_MARK_IN_WINDOW
SENS-C,TAKE_PROFIT,10,5000,23,2,0.086956521739,4766.709,True,AT_LEAST_ONE_FRESH_CAUSAL_MARK_IN_WINDOW
SENS-C,TAKE_PROFIT,15,1000,23,11,0.478260869565,503.999,True,AT_LEAST_ONE_FRESH_CAUSAL_MARK_IN_WINDOW
SENS-C,TAKE_PROFIT,15,1500,23,10,0.434782608696,720.997,True,AT_LEAST_ONE_FRESH_CAUSAL_MARK_IN_WINDOW
SENS-C,TAKE_PROFIT,15,2000,23,6,0.260869565217,3617.886,True,AT_LEAST_ONE_FRESH_CAUSAL_MARK_IN_WINDOW
SENS-C,TAKE_PROFIT,15,2500,23,5,0.217391304348,4129.820,True,AT_LEAST_ONE_FRESH_CAUSAL_MARK_IN_WINDOW
SENS-C,TAKE_PROFIT,15,3000,23,4,0.173913043478,4129.820,True,AT_LEAST_ONE_FRESH_CAUSAL_MARK_IN_WINDOW
SENS-C,TAKE_PROFIT,15,4000,23,4,0.173913043478,4140.700,True,AT_LEAST_ONE_FRESH_CAUSAL_MARK_IN_WINDOW
SENS-C,TAKE_PROFIT,15,5000,23,3,0.130434782609,4862.328,True,AT_LEAST_ONE_FRESH_CAUSAL_MARK_IN_WINDOW
SENS-C,TAKE_PROFIT,30,1000,24,15,0.625000000000,7046.288,True,AT_LEAST_ONE_FRESH_CAUSAL_MARK_IN_WINDOW
SENS-C,TAKE_PROFIT,30,1500,24,14,0.583333333333,9048.790,True,AT_LEAST_ONE_FRESH_CAUSAL_MARK_IN_WINDOW
SENS-C,TAKE_PROFIT,30,2000,24,11,0.458333333333,12913.658,True,AT_LEAST_ONE_FRESH_CAUSAL_MARK_IN_WINDOW
SENS-C,TAKE_PROFIT,30,2500,24,9,0.375000000000,12913.658,True,AT_LEAST_ONE_FRESH_CAUSAL_MARK_IN_WINDOW
SENS-C,TAKE_PROFIT,30,3000,24,7,0.291666666667,9958.813,True,AT_LEAST_ONE_FRESH_CAUSAL_MARK_IN_WINDOW
SENS-C,TAKE_PROFIT,30,4000,24,7,0.291666666667,9995.945,True,AT_LEAST_ONE_FRESH_CAUSAL_MARK_IN_WINDOW
SENS-C,TAKE_PROFIT,30,5000,24,5,0.208333333333,10048.556,True,AT_LEAST_ONE_FRESH_CAUSAL_MARK_IN_WINDOW
SENS-C,TAKE_PROFIT,45,1000,24,16,0.666666666667,7046.288,True,AT_LEAST_ONE_FRESH_CAUSAL_MARK_IN_WINDOW
SENS-C,TAKE_PROFIT,45,1500,24,15,0.625000000000,10499.766,True,AT_LEAST_ONE_FRESH_CAUSAL_MARK_IN_WINDOW
SENS-C,TAKE_PROFIT,45,2000,24,14,0.583333333333,15585.480,True,AT_LEAST_ONE_FRESH_CAUSAL_MARK_IN_WINDOW
SENS-C,TAKE_PROFIT,45,2500,24,10,0.416666666667,12913.658,True,AT_LEAST_ONE_FRESH_CAUSAL_MARK_IN_WINDOW
SENS-C,TAKE_PROFIT,45,3000,24,8,0.333333333333,9958.813,True,AT_LEAST_ONE_FRESH_CAUSAL_MARK_IN_WINDOW
SENS-C,TAKE_PROFIT,45,4000,24,8,0.333333333333,9995.945,True,AT_LEAST_ONE_FRESH_CAUSAL_MARK_IN_WINDOW
SENS-C,TAKE_PROFIT,45,5000,24,6,0.250000000000,10048.556,True,AT_LEAST_ONE_FRESH_CAUSAL_MARK_IN_WINDOW
SENS-C,TAKE_PROFIT,60,1000,24,16,0.666666666667,7046.288,True,AT_LEAST_ONE_FRESH_CAUSAL_MARK_IN_WINDOW
SENS-C,TAKE_PROFIT,60,1500,24,15,0.625000000000,10499.766,True,AT_LEAST_ONE_FRESH_CAUSAL_MARK_IN_WINDOW
SENS-C,TAKE_PROFIT,60,2000,24,14,0.583333333333,15585.480,True,AT_LEAST_ONE_FRESH_CAUSAL_MARK_IN_WINDOW
SENS-C,TAKE_PROFIT,60,2500,24,11,0.458333333333,15609.481,True,AT_LEAST_ONE_FRESH_CAUSAL_MARK_IN_WINDOW
SENS-C,TAKE_PROFIT,60,3000,24,9,0.375000000000,23469.148,True,AT_LEAST_ONE_FRESH_CAUSAL_MARK_IN_WINDOW
SENS-C,TAKE_PROFIT,60,4000,24,9,0.375000000000,23469.148,True,AT_LEAST_ONE_FRESH_CAUSAL_MARK_IN_WINDOW
SENS-C,TAKE_PROFIT,60,5000,24,6,0.250000000000,10048.556,True,AT_LEAST_ONE_FRESH_CAUSAL_MARK_IN_WINDOW
